date,home_team,away_team,elo_home_pre,elo_away_pre,local_home,dr,home_score,away_score,tournament
2018-01-02,Iraq,United Arab Emirates,1691.484553207298,1667.4189278785148,0,24.0656253287832,0,0,Gulf Cup
2018-01-02,Oman,Bahrain,1615.7846511925045,1541.4565438629818,0,74.32810732952271,1,0,Gulf Cup
2018-01-05,Oman,United Arab Emirates,1627.6237249510223,1668.4562659800874,0,-40.83254102906517,0,0,Gulf Cup
2018-01-07,Estonia,Sweden,1597.6626528117974,1850.8180433911768,0,-253.1553905793794,1,1,Friendly
2018-01-11,Indonesia,Iceland,1372.0907920595039,1862.060102686788,1,-389.96931062728413,0,6,Friendly
2018-01-11,Denmark,Sweden,1874.7730697802608,1844.5957185981379,0,30.177351182122948,0,1,Friendly
2018-01-11,Jordan,Finland,1604.4704951892752,1637.0065481133875,0,-32.536052924112255,1,2,Friendly
2018-01-14,Indonesia,Iceland,1368.0194978978263,1866.1313968484656,1,-398.1118989506392,1,4,Friendly
2018-01-27,Moldova,South Korea,1367.6546476015078,1836.9484286968614,0,-469.29378109535355,0,1,Friendly
2018-01-28,Yorkshire,Ellan Vannin,1500.0,1543.1363210409984,1,56.86367895900162,1,1,Friendly
2018-01-28,United States,Bosnia and Herzegovina,1853.0425776942056,1775.0466859315604,1,177.99589176264521,0,0,Friendly
2018-01-30,Azerbaijan,Moldova,1443.1804292675529,1366.396916740596,0,76.78351252695688,0,0,Friendly
2018-01-30,Jamaica,South Korea,1658.08236423448,1838.2061595577732,0,-180.12379532329305,2,2,Friendly
2018-01-31,Mexico,Bosnia and Herzegovina,1928.6379935949044,1779.7641428841478,0,148.87385071075664,1,0,Friendly
2018-02-03,Latvia,South Korea,1415.6693274937884,1833.4412243150573,0,-417.7718968212689,0,1,Friendly
2018-02-26,Saudi Arabia,Moldova,1681.6904232265015,1368.571633292309,1,413.1187899341926,3,0,Friendly
2018-02-28,Iraq,Saudi Arabia,1690.4472151057253,1684.6604452216761,1,105.78676988404914,4,1,Friendly
2018-03-17,Iran,Sierra Leone,1896.6780559365466,1487.66212264482,1,509.01593329172647,4,0,Friendly
2018-03-21,Laos,Cambodia,1025.5670892035787,1033.9011430296125,1,91.66594617396618,0,1,Friendly
2018-03-21,Zambia,Zimbabwe,1611.0141964711456,1591.3166245626364,1,119.69757190850919,2,2,Friendly
2018-03-21,Tahiti,New Caledonia,1535.0874290905938,1559.532532035312,1,75.5548970552818,0,0,Friendly
2018-03-21,South Africa,Angola,1629.7286334342957,1362.6555515720904,0,267.0730818622053,1,1,Friendly
2018-03-21,Madagascar,Togo,1453.714033414984,1474.4081377248544,0,-20.694104309870454,0,0,Friendly
2018-03-21,Antigua and Barbuda,Bermuda,1362.501315498133,1454.2623268518976,1,8.238988646235384,3,2,Friendly
2018-03-21,Jordan,Kuwait,1595.4042301617656,1487.5938801407153,1,207.81035002105023,1,0,Friendly
2018-03-21,Iraq,Qatar,1702.7776108219762,1556.8273786129018,1,245.95023220907433,2,3,Friendly
2018-03-21,Andorra,Liechtenstein,1056.3178567924324,1205.7751053578693,0,-149.45724856543688,1,0,Friendly
2018-03-22,Nicaragua,Cuba,1350.6330096831796,1448.5842340882805,1,2.048775594899098,3,1,Friendly
2018-03-22,Malta,Luxembourg,1251.069897463653,1350.294536547473,1,0.7753609161800341,0,1,Friendly
2018-03-22,Philippines,Fiji,1345.1668243635186,1557.329162939235,1,-112.16233857571638,3,2,Friendly
2018-03-22,Dominican Republic,Turks and Caicos Islands,1419.2807914883776,1187.144148329194,1,332.1366431591837,4,0,Friendly
2018-03-22,Thailand,Gabon,1532.6853160422556,1515.1407954197184,1,117.54452062253722,0,0,Friendly
2018-03-22,Malaysia,Mongolia,1236.8133975050416,1057.3688541870686,1,279.44454331797306,2,2,Friendly
2018-03-22,Slovakia,United Arab Emirates,1785.1064274070413,1666.7014553355039,0,118.40497207153749,2,1,Friendly
2018-03-22,Macau,Mauritius,962.3185012454501,1218.931705404386,1,-156.613204158936,0,1,Friendly
2018-03-22,Belize,Grenada,1344.0860881150559,1278.47617107886,1,165.60991703619584,4,2,Friendly
2018-03-22,Faroe Islands,Latvia,1321.809398621104,1414.0133136189481,0,-92.2039149978441,1,1,Friendly
2018-03-22,Denmark,Panama,1863.9066734559665,1797.5023872575525,1,166.40428619841396,1,0,Friendly
2018-03-22,China,Wales,1660.8511869822237,1798.4582263241448,1,-37.60703934192111,0,6,Friendly
2018-03-22,Burkina Faso,Guinea-Bissau,1700.0075769721634,1394.4177285653332,0,305.58984840683024,2,0,Friendly
2018-03-22,Bahrain,Palestine,1529.617470104464,1572.597557652599,1,57.01991245186491,0,0,Friendly
2018-03-22,Algeria,Tanzania,1676.630546462775,1411.6201781874024,1,365.0103682753727,4,1,Friendly
2018-03-22,Kyrgyzstan,Myanmar,1399.4113565179432,1305.7568686781042,0,93.65448783983902,5,1,AFC Asian Cup qualification
2018-03-23,Peru,Croatia,1978.300448924865,1903.7984946336892,0,74.50195429117571,2,0,Friendly
2018-03-23,Scotland,Costa Rica,1765.9191124986403,1864.3757826364224,1,1.5433298622178881,0,1,Friendly
2018-03-23,Poland,Nigeria,1885.7489887804404,1749.4078439550556,1,236.34114482538484,0,1,Friendly
2018-03-23,Portugal,Egypt,2049.1726032588736,1765.6426003722772,0,283.5300028865963,2,1,Friendly
2018-03-23,Russia,Brazil,1758.458039575663,2162.7129177045567,1,-304.2548781288938,0,3,Friendly
2018-03-23,Senegal,Uzbekistan,1862.6973071815785,1711.0079731064593,0,151.68933407511918,1,1,Friendly
2018-03-23,Turkey,Republic of Ireland,1750.0213366923017,1776.310881566712,1,73.71045512558976,1,0,Friendly
2018-03-23,Singapore,Maldives,1219.0728547451886,1136.1311893900909,1,182.9416653550977,3,2,Friendly
2018-03-23,Tunisia,Iran,1735.7373051716438,1898.5787062903705,1,-62.84140111872671,1,0,Friendly
2018-03-23,Ukraine,Saudi Arabia,1776.7438915604619,1672.3300495054252,0,104.41384205503664,1,1,Friendly
2018-03-23,Uruguay,Czech Republic,1923.2309515299662,1738.9789395781486,0,184.25201195181762,2,0,Friendly
2018-03-23,Norway,Australia,1616.1041628120563,1826.3095806608,1,-110.20541784874376,4,1,Friendly
2018-03-23,Serbia,Morocco,1802.2010039699858,1781.3792108279386,0,20.821793142047227,1,2,Friendly
2018-03-23,Netherlands,England,1934.9502563251249,1972.3052494166006,1,62.64500690852424,0,1,Friendly
2018-03-23,Italy,Argentina,1946.360403160696,2049.4456968643863,0,-103.08529370369024,0,2,Friendly
2018-03-23,Japan,Mali,1810.9928724024405,1616.6712224074943,0,194.32164999494626,1,1,Friendly
2018-03-23,Austria,Slovenia,1745.1335369182348,1676.7687309681596,1,168.36480595007515,3,0,Friendly
2018-03-23,Azerbaijan,Belarus,1441.00571271584,1535.6432053998712,1,5.362507315968742,0,1,Friendly
2018-03-23,Bulgaria,Bosnia and Herzegovina,1655.9006619379809,1773.8047572994146,1,-17.904095361433747,0,1,Friendly
2018-03-23,Cyprus,Montenegro,1457.6650031064842,1639.3464188836824,1,-81.68141577719825,0,0,Friendly
2018-03-23,Finland,North Macedonia,1646.072813140897,1557.9386143424329,0,88.13419879846424,0,0,Friendly
2018-03-23,France,Colombia,2030.1580550587644,1988.769537192383,1,141.3885178663811,2,3,Friendly
2018-03-23,Curaçao,Bolivia,1425.4101191529194,1715.9512858704709,1,-190.5411667175515,1,1,Friendly
2018-03-23,Germany,Spain,2159.238986908187,2075.790217451476,1,183.44876945671103,1,1,Friendly
2018-03-23,Greece,Switzerland,1711.6890504353773,1905.71749241988,1,-94.0284419845027,0,1,Friendly
2018-03-23,Guadeloupe,Trinidad and Tobago,1471.5509541124004,1554.7284663218793,1,16.82248779052111,0,1,Friendly
2018-03-23,Hungary,Kazakhstan,1660.5304381460724,1379.956859800603,1,380.5735783454693,2,3,Friendly
2018-03-23,Gambia,Central African Republic,1386.5363343417791,1408.1657851285925,1,78.37054921318668,1,1,Friendly
2018-03-23,Mexico,Iceland,1934.5973791796375,1869.3447937580147,0,65.25258542162283,3,0,Friendly
2018-03-24,Mauritania,Guinea,1427.406057677884,1585.3519327189613,1,-57.945875041077215,2,0,Friendly
2018-03-24,Alderney,Guernsey,1066.8314273156566,1799.8592193199797,1,-633.0277920043231,0,2,Muratti Vase
2018-03-24,Zambia,South Africa,1607.69915373203,1623.2669155008225,1,84.43223823120752,0,2,Friendly
2018-03-24,Uganda,São Tomé and Príncipe,1594.085153000363,1247.7880912117334,1,446.29706178862966,3,1,Friendly
2018-03-24,Tahiti,New Caledonia,1532.946428296361,1561.6735328295447,1,71.27289546681641,4,3,Friendly
2018-03-24,Sweden,Chile,1855.4621149224322,1930.9325441523174,1,24.529570770114788,1,2,Friendly
2018-03-24,Qatar,Syria,1572.9209720183253,1710.0348410681174,0,-137.11386904979213,2,2,Friendly
2018-03-24,Northern Ireland,South Korea,1709.98398993242,1835.0972381898976,1,-25.113248257477608,2,1,Friendly
2018-03-24,Ivory Coast,Togo,1689.5476925504272,1473.8132168872683,0,215.73447566315895,2,2,Friendly
2018-03-24,Israel,Romania,1572.3787146432855,1724.9653721344478,1,-52.586657491162214,1,2,Friendly
2018-03-24,Georgia,Lithuania,1542.1379552542057,1440.5961426004603,1,201.5418126537454,4,0,Friendly
2018-03-24,Comoros,Kenya,1229.8819274396744,1524.581300249729,0,-294.6993728100547,2,2,Friendly
2018-03-24,Canada,New Zealand,1648.357313089522,1712.5131388708774,0,-64.15582578135536,1,0,Friendly
2018-03-24,Botswana,Lesotho,1380.0140307065142,1356.9433940505767,1,123.0706366559375,1,0,Friendly
2018-03-24,Armenia,Estonia,1522.6655940764535,1603.8849776048364,1,18.780616471617122,0,0,Friendly
2018-03-24,Angola,Zimbabwe,1369.1172695055636,1594.631667301752,0,-225.5143977961884,2,2,Friendly
2018-03-24,Kosovo,Madagascar,1470.9636831878793,1454.3089542525702,0,16.654728935309095,1,0,Friendly
2018-03-25,Yorkshire,Chagos Islands,1498.3777905712934,1413.2810048438894,1,185.09678572740404,6,0,Friendly
2018-03-25,Thailand,Slovakia,1529.4255457645936,1791.8245408831942,1,-162.39899511860062,2,3,Friendly
2018-03-25,Nicaragua,Cuba,1365.544557955722,1433.672685815738,1,31.871872139983907,3,3,Friendly
2018-03-25,Martinique,Trinidad and Tobago,1555.2446142725169,1565.2122784179842,1,90.03233585453268,0,0,Friendly
2018-03-25,Kuwait,Cameroon,1482.9510293332676,1744.4699092689204,1,-161.51887993565288,1,3,Friendly
2018-03-25,Faroe Islands,Liechtenstein,1324.402644847913,1191.7204504236608,0,132.6821944242522,3,0,Friendly
2018-03-25,Gibraltar,Latvia,1317.331669234633,1411.4200673921391,1,5.9116018424938375,1,0,Friendly
2018-03-25,Dominican Republic,Saint Kitts and Nevis,1424.1094390195378,1431.1896831654226,1,92.91975585411524,2,1,Friendly
2018-03-25,Barbados,Bermuda,1312.204298736247,1444.4994195667775,1,-32.29512083053055,0,0,Friendly
2018-03-25,Jamaica,Antigua and Barbuda,1662.847299477196,1372.264222783253,1,390.583076693943,1,1,Friendly
2018-03-26,Portugal,Netherlands,2052.443379175152,1923.166476870552,0,129.27690230460007,0,3,Friendly
2018-03-26,Wales,Uruguay,1817.417030035973,1930.946567511811,0,-113.52953747583797,0,1,Friendly
2018-03-26,Finland,Malta,1643.589153333158,1241.0475808196102,0,402.54157251354786,5,0,Friendly
2018-03-26,Curaçao,Bolivia,1430.4034818560813,1710.957923167309,1,-180.55444131122772,1,0,Friendly
2018-03-26,China,Czech Republic,1641.8923832703954,1731.2633235963037,1,10.62905967409165,1,4,Friendly
2018-03-26,Bulgaria,Kazakhstan,1646.415527554949,1397.9451891298686,0,248.4703384250804,2,1,Friendly
2018-03-26,Albania,Norway,1655.780942565339,1638.9761370910585,1,116.80480547428056,0,1,Friendly
2018-03-27,Mongolia,Mauritius,1064.0332262971633,1224.7063959133845,1,-60.67316961622123,0,2,Friendly
2018-03-27,Montenegro,Turkey,1637.0378158430165,1757.9310469052,1,-20.89323106218353,2,2,Friendly
2018-03-27,Morocco,Uzbekistan,1791.977793757715,1715.1161704614312,1,176.86162329628382,2,0,Friendly
2018-03-27,Namibia,Lesotho,1476.2806087007182,1350.3445723516256,1,225.93603634909255,2,1,Friendly
2018-03-27,Oman,Palestine,1629.3785355956059,1574.224145187909,1,155.15439040769684,1,0,AFC Asian Cup qualification
2018-03-27,Peru,Iceland,1990.1323511596258,1855.0933975527294,0,135.03895360689648,3,1,Friendly
2018-03-27,Philippines,Tajikistan,1358.2874525552556,1390.0814189918701,1,68.20603356338552,2,1,AFC Asian Cup qualification
2018-03-27,Poland,South Korea,1869.8322055746487,1824.3756769988247,1,145.456528575824,3,2,Friendly
2018-03-27,Romania,Sweden,1733.463259521464,1844.7572678630795,1,-11.294008341615609,1,0,Friendly
2018-03-27,Russia,France,1753.2827054697987,2016.2992657537568,1,-163.01656028395814,1,3,Friendly
2018-03-27,Serbia,Nigeria,1791.6024210402093,1765.3246271608473,0,26.27779387936198,2,0,Friendly
2018-03-27,Seychelles,Eswatini,1127.2157714702503,1394.602516601535,1,-167.38674513128467,0,0,Friendly
2018-03-27,Slovenia,Belarus,1667.142231811106,1545.7975385123198,1,221.3446932987863,0,2,Friendly
2018-03-27,Spain,Argentina,2080.628786707307,2060.1213046420826,1,120.5074820652244,6,1,Friendly
2018-03-27,Switzerland,Panama,1913.0753306837323,1791.9564106101209,1,221.11892007361143,6,0,Friendly
2018-03-27,Taiwan,Singapore,1184.701211121293,1224.2454719182,1,60.45573920309289,1,0,AFC Asian Cup qualification
2018-03-27,Tanzania,DR Congo,1407.805762929218,1717.6207125134574,1,-209.81494958423946,2,0,Friendly
2018-03-27,Tunisia,Costa Rica,1747.5265568927446,1874.420202948436,0,-126.89364605569153,1,0,Friendly
2018-03-27,Uganda,Malawi,1596.2197809499737,1428.3310343686812,1,267.8887465812925,0,0,Friendly
2018-03-27,Ukraine,Japan,1773.8259416184267,1805.918273821898,0,-32.092332203471415,2,1,Friendly
2018-03-27,United States,Paraguay,1848.3251207416183,1814.393222204816,1,133.93189853680224,1,0,Friendly
2018-03-27,Moldova,Ivory Coast,1365.6016112971342,1684.0299144096625,0,-318.4283031125283,1,2,Friendly
2018-03-27,Yemen,Nepal,1339.3311515409862,1114.0482387682407,0,225.28291277274548,2,1,AFC Asian Cup qualification
2018-03-27,Mexico,Croatia,1948.8487753849229,1891.9665923989282,0,56.88218298599463,0,1,Friendly
2018-03-27,Afghanistan,Cambodia,1323.1578647195352,1046.4799407656174,0,276.6779239539178,2,1,AFC Asian Cup qualification
2018-03-27,Luxembourg,Austria,1360.3168531915157,1754.7600360752883,1,-294.4431828837726,0,4,Friendly
2018-03-27,Maldives,Bhutan,1130.9585722170796,871.1477615246412,1,359.8108106924384,7,0,AFC Asian Cup qualification
2018-03-27,Algeria,Iran,1680.4449617209596,1886.7894545692698,0,-206.3444928483102,1,2,Friendly
2018-03-27,Armenia,Lithuania,1522.1255703520267,1431.647263647096,1,190.47830670493067,0,1,Friendly
2018-03-27,Australia,Colombia,1803.4376063817979,2002.6283264973906,0,-199.19072011559274,0,0,Friendly
2018-03-27,Azerbaijan,North Macedonia,1430.8513796033915,1560.422274150172,0,-129.57089454678044,1,1,Friendly
2018-03-27,Bahrain,Turkmenistan,1527.990882569154,1406.3669627509166,1,221.62391981823748,4,0,AFC Asian Cup qualification
2018-03-27,Belgium,Saudi Arabia,1972.890365056326,1675.2479994474604,1,397.6423656088657,4,0,Friendly
2018-03-27,Bosnia and Herzegovina,Senegal,1783.2898916824465,1858.5891098266065,0,-75.29921814416002,0,0,Friendly
2018-03-27,Myanmar,Macau,1278.1274199734105,956.5438107364515,1,421.583609236959,1,0,AFC Asian Cup qualification
2018-03-27,Denmark,Chile,1869.4526501033981,1941.63739121167,1,27.815258891728035,0,0,Friendly
2018-03-27,England,Italy,1984.0890288711735,1935.684795383,1,148.40423348817353,1,1,Friendly
2018-03-27,Central African Republic,Kenya,1410.3839764591544,1517.6799528964693,0,-107.29597643731495,3,2,Friendly
2018-03-27,Germany,Brazil,2154.4004176523563,2167.888251810421,1,86.51216584193526,0,1,Friendly
2018-03-27,Lebanon,Malaysia,1578.9924985287046,1230.1490253949469,1,448.8434731337577,2,1,AFC Asian Cup qualification
2018-03-27,Laos,Bangladesh,1012.9882914675738,1029.4343235603862,1,83.5539679071876,2,2,Friendly
2018-03-27,Georgia,Estonia,1551.08683420757,1604.4250013292633,1,46.66183287830677,2,0,Friendly
2018-03-27,Kosovo,Burkina Faso,1480.4846883896844,1704.4146074888504,0,-223.929919099166,2,0,Friendly
2018-03-27,North Korea,Hong Kong,1573.2638857550826,1352.8905047023302,1,320.3733810527524,2,0,AFC Asian Cup qualification
2018-03-27,Kyrgyzstan,India,1427.040805222637,1368.2199074986577,1,158.82089772397921,2,1,AFC Asian Cup qualification
2018-03-27,Iraq,Syria,1686.6840174165527,1706.281260109924,1,80.4027573066287,1,1,Friendly
2018-03-27,Hungary,Scotland,1642.5421088168068,1755.8746921866266,1,-13.332583369819758,0,1,Friendly
2018-03-27,Greece,Egypt,1704.331212171525,1762.3718244559984,0,-58.040612284473355,1,0,Friendly
2018-03-27,Jordan,Vietnam,1600.0470809692133,1424.6643620810632,1,275.38271888815007,1,1,AFC Asian Cup qualification
2018-04-01,Malaysia,Bhutan,1227.3413635569048,861.0746039141665,1,466.2667596427383,7,0,Friendly
2018-04-08,Barawa,Chagos Islands,1439.5940943514497,1402.3899855565012,1,137.20410879494852,4,1,Friendly
2018-04-15,Barawa,Yorkshire,1450.5214231679656,1509.2688098586816,1,41.252613309284015,2,7,Friendly
2018-04-18,Zimbabwe,Botswana,1588.921146667045,1386.6128524054652,1,302.3082942615797,0,1,Friendly
2018-04-18,Trinidad and Tobago,Panama,1567.7471309706063,1782.6587885485665,1,-114.91165757796011,0,1,Friendly
2018-04-26,Saint Kitts and Nevis,Jamaica,1423.802137084525,1654.757090677179,1,-130.95495359265396,1,3,Friendly
2018-04-29,Saint Barthélemy,Saint Martin,1452.659291770056,1158.2047608522503,1,394.45453091780564,3,2,Friendly
2018-04-29,Ellan Vannin,Panjab,1544.758530469705,1575.8762103755137,0,-31.1176799058087,2,1,Friendly
2018-04-30,Antigua and Barbuda,Jamaica,1380.35443158327,1664.3566630485168,1,-184.00223146524672,0,2,Friendly
2018-05-06,Barawa,Surrey,1428.1578286687054,1500.0,1,28.157828668705406,1,3,Friendly
2018-05-08,Iraq,Palestine,1684.4102851378584,1562.6056583533325,1,221.8046267845259,0,0,Friendly
2018-05-09,Algeria,Saudi Arabia,1675.7719605314305,1671.7966135134616,0,3.975347017968943,0,2,Friendly
2018-05-11,Kuwait,Palestine,1474.4619330899482,1568.2437841573667,1,6.218148932581471,2,0,Friendly
2018-05-12,Jersey,Guernsey,1734.4115292007407,1801.0058755459695,1,33.405653654771186,1,0,Muratti Vase
2018-05-15,Saudi Arabia,Greece,1686.9682355512011,1715.9863867846668,0,-29.018151233465687,2,0,Friendly
2018-05-19,Iran,Uzbekistan,1891.4624557587988,1707.1542250420814,1,284.3082307167174,1,0,Friendly
2018-05-20,Jordan,Cyprus,1586.8493213960908,1459.9736061471501,1,226.87571524894065,3,0,Friendly
2018-05-25,Kuwait,Egypt,1489.1935026803926,1750.7166498428567,1,-161.52314716246406,1,1,Friendly
2018-05-25,Kenya,Eswatini,1504.6862965519047,1390.125854152123,1,214.56044239978155,0,1,Friendly
2018-05-26,China,Myanmar,1623.8571746051355,1281.373399867793,1,442.4837747373424,1,0,Friendly
2018-05-26,Saint Barthélemy,Sint Maarten,1454.5309312680865,1353.5881375592967,1,200.94279370878985,5,3,Friendly
2018-05-27,Madagascar,Mozambique,1444.787949050765,1445.4456957736995,0,-0.657746722934462,2,1,COSAFA Cup
2018-05-27,Comoros,Seychelles,1236.7832747929342,1131.692433919662,0,105.0908408732721,1,1,COSAFA Cup
2018-05-27,Cameroon,Burkina Faso,1752.9590055122399,1680.8950463309689,0,72.063959181271,0,1,Friendly
2018-05-27,Niger,Central African Republic,1414.2704599590302,1423.377632803719,1,90.89282715531112,3,3,Friendly
2018-05-28,Malawi,Mauritius,1434.8064058609443,1237.1132316712183,0,197.69317418972605,0,1,COSAFA Cup
2018-05-28,United States,Bolivia,1854.6504897803104,1696.1834128301696,1,258.46707695014084,3,0,Friendly
2018-05-28,Nigeria,DR Congo,1751.4569723726988,1694.5234717707333,1,156.93350060196553,1,1,Friendly
2018-05-28,Kenya,Equatorial Guinea,1489.1920655338922,1442.3421131141358,1,146.8499524197564,1,0,Friendly
2018-05-28,Portugal,Tunisia,2028.7165739269137,1761.0246746717783,1,367.6918992551357,2,2,Friendly
2018-05-28,Italy,Saudi Arabia,1939.7140937625563,1703.2181448465374,0,236.49594891601896,2,1,Friendly
2018-05-28,France,Republic of Ireland,2024.7359827612204,1768.4011713538137,1,356.33481140740673,2,0,Friendly
2018-05-28,Mexico,Wales,1937.2260473873978,1810.5731334876562,0,126.65291389974163,0,0,Friendly
2018-05-28,Turkey,Iran,1757.330415219255,1894.7209938509416,1,-37.390578631686594,2,1,Friendly
2018-05-28,South Korea,Honduras,1818.3336658174185,1716.5555496600346,1,201.77811615738392,2,0,Friendly
2018-05-28,Bosnia and Herzegovina,Montenegro,1785.423869670295,1637.6384475289615,1,247.78542214133358,0,0,Friendly
2018-05-28,Angola,Botswana,1374.8277901402707,1403.6271688846052,0,-28.79937874433449,1,2,COSAFA Cup
2018-05-29,Panama,Northern Ireland,1789.4669121274837,1720.7055511234928,1,168.76136100399094,0,0,Friendly
2018-05-29,Madagascar,Seychelles,1459.8163462255748,1136.096083361143,0,323.7202628644318,1,1,COSAFA Cup
2018-05-29,Peru,Scotland,1999.579111569322,1765.4911378436366,1,334.0879737256853,2,0,Friendly
2018-05-29,Comoros,Mozambique,1232.3796253514533,1430.4172985988898,0,-198.0376732474365,0,3,COSAFA Cup
2018-05-29,Armenia,Malta,1507.1335659140698,1237.4592937598497,0,269.67427215422003,1,1,Friendly
2018-05-29,Albania,Kosovo,1642.5402138147028,1504.004249547566,0,138.53596426713693,0,3,Friendly
2018-05-29,Argentina,Haiti,2046.7928566293945,1645.6787600344735,1,501.11409659492097,4,0,Friendly
2018-05-29,Azerbaijan,Kyrgyzstan,1434.4169422694608,1438.4860709211857,1,95.9308713482751,3,0,Friendly
2018-05-30,Estonia,Lithuania,1591.427528888193,1446.639268085053,1,244.78826080314002,2,0,Baltic Cup
2018-05-30,Angola,Mauritius,1361.0683193589987,1259.8326729192665,0,101.23564643973214,1,0,COSAFA Cup
2018-05-30,Malawi,Botswana,1412.086964612896,1417.3866396658773,0,-5.299675052981229,1,1,COSAFA Cup
2018-05-30,Japan,Ghana,1794.997200313304,1725.3077059003974,1,169.68949441290647,0,2,Friendly
2018-05-30,Central African Republic,Uganda,1425.9356463054048,1589.7444094577106,0,-163.8087631523058,1,0,Friendly
2018-05-30,Austria,Russia,1760.5772542180819,1744.845988462335,1,115.73126575574679,1,0,Friendly
2018-05-31,Panjab,Kabylia,1564.9829587379775,1500.0,0,64.98295873797747,8,0,CONIFA World Football Cup
2018-05-31,United Koreans in Japan,Western Armenia,1517.734176529366,1494.2883123060374,0,23.445864223328726,0,0,CONIFA World Football Cup
2018-05-31,Padania,Matabeleland,1705.5312083468502,1500.0,0,205.53120834685024,6,1,CONIFA World Football Cup
2018-05-31,Székely Land,Tuvalu,1452.8807022154401,1300.7240012597777,0,152.15670095566247,4,0,CONIFA World Football Cup
2018-05-31,Northern Cyprus,Kárpátalja,1652.6455074510536,1521.0341227273134,0,131.61138472374023,1,1,CONIFA World Football Cup
2018-05-31,Barawa,Tamil Eelam,1411.9448121202813,1556.7565402688826,1,-44.81172814860133,4,0,CONIFA World Football Cup
2018-05-31,Abkhazia,Tibet,1559.8352435507175,1348.8873376320926,0,210.94790591862488,3,0,CONIFA World Football Cup
2018-05-31,Slovakia,Netherlands,1797.463401964456,1946.8932821187905,1,-49.42988015433457,1,1,Friendly
2018-05-31,Comoros,Madagascar,1219.657772524335,1448.8452719189931,0,-229.18749939465806,0,1,COSAFA Cup
2018-05-31,Mozambique,Seychelles,1443.139151426008,1147.0671576677246,0,296.0719937582835,2,1,COSAFA Cup
2018-05-31,Luxembourg,Senegal,1354.4996350487222,1856.455131838758,1,-401.9554967900358,0,0,Friendly
2018-05-31,Romania,Chile,1743.788212761837,1942.4362726620125,0,-198.64805990017544,3,2,Friendly
2018-05-31,Ukraine,Morocco,1784.7470151270209,1799.939739177065,0,-15.192724050044035,0,0,Friendly
2018-05-31,Ellan Vannin,Cascadia,1555.6517821072412,1500.0,0,55.65178210724116,4,1,CONIFA World Football Cup
2018-06-01,Malta,Georgia,1243.9644088628004,1564.0843066486404,0,-320.11989778584007,0,1,Friendly
2018-06-01,India,Taiwan,1356.7746418001088,1201.255802340772,1,255.51883945933673,5,0,Intercontinental Cup
2018-06-01,Angola,Malawi,1371.81725765641,1412.3157522333038,0,-40.49849457689379,0,0,COSAFA Cup
2018-06-01,Botswana,Mauritius,1417.1578520454696,1249.0837346218552,0,168.07411742361433,6,0,COSAFA Cup
2018-06-01,Colombia,Egypt,1997.4504153274147,1746.3759476587059,0,251.07446766870885,0,0,Friendly
2018-06-01,South Korea,Bosnia and Herzegovina,1825.4853572101028,1779.2971755368908,1,146.18818167321206,1,3,Friendly
2018-06-01,Czech Republic,Australia,1749.2985322615637,1808.6155175517738,0,-59.31698529021014,0,4,Friendly
2018-06-01,Turkey,Tunisia,1768.4024670131143,1768.8748071646119,0,-0.4723401514975194,2,2,Friendly
2018-06-01,France,Italy,2028.153833298252,1943.7944155381015,1,184.35941776015034,3,1,Friendly
2018-06-01,Algeria,Cape Verde,1660.600338493691,1543.5672467552147,1,217.0330917384763,2,3,Friendly
2018-06-02,Latvia,Estonia,1401.5902005525854,1600.2643481073621,1,-98.67414755477671,1,0,Baltic Cup
2018-06-02,Panjab,Western Armenia,1594.021427424175,1495.2990178800562,0,98.72240954411882,0,1,CONIFA World Football Cup
2018-06-02,United Koreans in Japan,Kabylia,1516.7234709553472,1470.9615313138024,0,45.761939641544814,0,0,CONIFA World Football Cup
2018-06-02,Padania,Tuvalu,1719.6005716644827,1284.1847371386114,0,435.41583452587133,8,0,CONIFA World Football Cup
2018-06-02,Székely Land,Matabeleland,1469.4199663366064,1485.9306366823675,0,-16.510670345761127,5,0,CONIFA World Football Cup
2018-06-02,Northern Cyprus,Tibet,1647.220429708134,1336.8680573974427,0,310.3523723106912,3,1,CONIFA World Football Cup
2018-06-02,Abkhazia,Kárpátalja,1571.8545237853673,1526.459200470233,0,45.39532331513419,0,2,CONIFA World Football Cup
2018-06-02,Barawa,Cascadia,1443.6773508345982,1477.919096040917,1,65.75825479368109,1,2,CONIFA World Football Cup
2018-06-02,Ellan Vannin,Tamil Eelam,1577.732686066324,1525.0240015545658,0,52.70868451175829,2,0,CONIFA World Football Cup
2018-06-02,Kenya,New Zealand,1495.200307409138,1700.6872910815234,0,-205.48698367238535,2,1,Intercontinental Cup
2018-06-02,Lesotho,Eswatini,1346.0632655835511,1405.6200851701356,0,-59.556819586584425,1,0,COSAFA Cup
2018-06-02,England,Nigeria,1980.059730491617,1747.2240928273793,1,332.835637664238,2,1,Friendly
2018-06-02,Iceland,Norway,1845.646637143033,1652.2168658416947,1,293.4297713013384,2,3,Friendly
2018-06-02,El Salvador,Honduras,1580.1578337372255,1709.4038582673502,0,-129.2460245301247,1,0,Friendly
2018-06-02,Zambia,Namibia,1589.1240237198306,1480.5619154687927,0,108.5621082510379,0,0,COSAFA Cup
2018-06-02,Montenegro,Slovenia,1643.7651416623657,1643.6985979277538,1,100.06654373461197,0,2,Friendly
2018-06-02,Mexico,Scotland,1933.7340120412475,1761.6658664473166,1,272.0681455939309,1,0,Friendly
2018-06-02,Thailand,China,1523.786684683332,1625.3095499310675,1,-1.5228652477355809,0,2,Friendly
2018-06-02,Republic of Ireland,United States,1764.983320816782,1861.0990204615305,1,3.8843003552515256,2,1,Friendly
2018-06-02,Belgium,Portugal,1976.3417509903247,2020.8664414340801,1,55.47530955624461,0,0,Friendly
2018-06-02,Austria,Germany,1767.364206946938,2141.960614391582,1,-274.596407444644,2,1,Friendly
2018-06-02,Niger,Uganda,1411.7124464573444,1575.3504698161057,1,-63.6380233587613,2,1,Friendly
2018-06-02,Sweden,Denmark,1834.4323146227064,1868.6537686530557,1,65.77854596965062,0,0,Friendly
2018-06-03,Barawa,Ellan Vannin,1425.8717598202693,1596.8452089072923,1,-70.97344908702303,2,0,CONIFA World Football Cup
2018-06-03,Western Armenia,Kabylia,1514.4500860812952,1472.9258866851417,0,41.52419939615356,4,0,CONIFA World Football Cup
2018-06-03,Panjab,United Koreans in Japan,1574.870359222936,1514.759115584008,0,60.111243638928045,1,1,CONIFA World Football Cup
2018-06-03,Tuvalu,Matabeleland,1278.8119958042441,1454.5060630124997,0,-175.69406720825555,1,3,CONIFA World Football Cup
2018-06-03,Padania,Székely Land,1724.97331299885,1500.8445400064743,0,224.12877299237562,3,1,CONIFA World Football Cup
2018-06-03,Kárpátalja,Tibet,1551.8823953338826,1330.4106269894794,0,221.47176834440324,5,1,CONIFA World Football Cup
2018-06-03,Abkhazia,Northern Cyprus,1546.4313289217177,1653.6778601160972,0,-107.24653119437949,2,2,CONIFA World Football Cup
2018-06-03,Tamil Eelam,Cascadia,1505.9114787135975,1495.724687055246,0,10.186791658351467,0,6,CONIFA World Football Cup
2018-06-03,Albania,Ukraine,1618.4100044541415,1785.1840183724537,0,-166.77401391831222,1,4,Friendly
2018-06-03,South Africa,Madagascar,1641.842045513022,1455.1732688512418,1,286.66877666178016,0,0,COSAFA Cup
2018-06-03,Saudi Arabia,Peru,1699.1378230709922,2003.404382965642,0,-304.26655989464984,0,3,Friendly
2018-06-03,Spain,Switzerland,2093.957234719995,1922.3729527452867,1,271.58428197470835,1,1,Friendly
2018-06-03,Croatia,Brazil,1903.5893203964533,2180.328055071195,0,-276.73873467474186,0,2,Friendly
2018-06-03,Zimbabwe,Botswana,1571.906830187905,1434.7131110970179,0,137.19371909088704,1,1,COSAFA Cup
2018-06-03,Barbados,Belize,1313.1311591415433,1352.4325730501641,1,60.698586091379184,0,0,Friendly
2018-06-03,Andorra,Cape Verde,1070.3725117266408,1559.1109686360003,0,-488.73845690935946,0,0,Friendly
2018-06-03,Costa Rica,Northern Ireland,1860.9220851694024,1725.2137931490324,1,235.70829202036998,3,0,Friendly
2018-06-04,Italy,Netherlands,1936.082342532504,1945.4800976861413,1,90.60224484636274,1,1,Friendly
2018-06-04,Serbia,Chile,1805.4700758283577,1927.2698021741144,0,-121.79972634575665,0,1,Friendly
2018-06-04,Armenia,Moldova,1500.6284508111191,1362.8440349029627,0,137.78441590815646,0,0,Friendly
2018-06-04,India,Kenya,1367.9831328817163,1518.164254725365,1,-50.181121843648725,3,0,Intercontinental Cup
2018-06-04,Slovakia,Morocco,1798.876586397105,1799.502735931632,0,-0.6261495345270305,1,2,Friendly
2018-06-05,Western Armenia,Székely Land,1539.2296054117974,1491.1326024609734,0,48.097002950823935,0,4,CONIFA World Football Cup
2018-06-05,Eswatini,Botswana,1388.0737030193154,1440.3464439647544,0,-52.272740945438954,0,2,COSAFA Cup
2018-06-05,Kárpátalja,Cascadia,1564.1685560202457,1528.5339925343367,0,35.634563485908984,3,1,CONIFA World Football Cup
2018-06-05,Padania,Panjab,1734.6852505443508,1572.3007367778039,0,162.3845137665469,2,0,CONIFA World Football Cup
2018-06-05,Barawa,Northern Cyprus,1452.9051312697156,1649.189319091386,1,-96.28418782167046,0,8,CONIFA World Football Cup
2018-06-05,United Koreans in Japan,Tuvalu,1517.3287380291401,1266.810019559718,0,250.51871846942208,5,0,CONIFA World Football Cup
2018-06-05,Abkhazia,Tamil Eelam,1550.919869946429,1473.1021732345068,0,77.81769671192205,6,0,CONIFA World Football Cup
2018-06-05,Matabeleland,Kabylia,1466.5080392570258,1448.1463673546396,0,18.361671902386206,0,0,CONIFA World Football Cup
2018-06-05,South Africa,Namibia,1631.6745107215463,1485.1021099253196,1,246.5724007962267,4,1,COSAFA Cup
2018-06-05,Lithuania,Latvia,1437.8024488658837,1420.7393446152937,1,117.06310425058996,1,1,Baltic Cup
2018-06-05,Martinique,French Guiana,1552.7097617198947,1556.47584334286,1,96.2339183770348,3,0,Friendly
2018-06-05,Kazakhstan,Azerbaijan,1394.0841821430558,1447.2041547906983,1,46.8800273523575,3,0,Friendly
2018-06-05,Luxembourg,Georgia,1362.6999739356183,1566.8188147347635,1,-104.11884079914512,1,0,Friendly
2018-06-05,Romania,Finland,1758.9546832497351,1647.1774403929185,1,211.77724285681666,2,0,Friendly
2018-06-05,Russia,Turkey,1738.0590357334788,1768.4160620471343,1,69.64297368634448,1,1,Friendly
2018-06-05,Taiwan,New Zealand,1190.0473112591646,1677.7233437652965,0,-487.67603250613183,0,1,Intercontinental Cup
2018-06-06,Lesotho,Zimbabwe,1363.6096477343713,1566.2734973201684,0,-202.66384958579715,0,0,COSAFA Cup
2018-06-06,Zambia,Madagascar,1584.5838292633036,1465.3408036427174,0,119.2430256205862,1,0,COSAFA Cup
2018-06-06,Belarus,Hungary,1569.241172395672,1632.9256631597968,1,36.3155092358752,1,1,Friendly
2018-06-06,Belgium,Egypt,1974.7584754911734,1752.5614310848664,1,322.19704440630676,3,0,Friendly
2018-06-06,Norway,Panama,1669.0990273007728,1784.958670101944,1,-15.859642801171276,1,0,Friendly
2018-06-06,Czech Republic,Nigeria,1733.7189383751581,1744.6578286246508,0,-10.938890249492715,1,0,Friendly
2018-06-07,Tibet,Kabylia,1318.1244663031164,1448.9383672317647,0,-130.8139009286483,1,8,CONIFA World Football Cup
2018-06-07,Kárpátalja,Székely Land,1584.368912393406,1523.126384881745,0,61.24252751166091,4,2,CONIFA World Football Cup
2018-06-07,Northern Cyprus,Padania,1675.1868388848952,1747.3734474382381,0,-72.18660855334292,3,2,CONIFA World Football Cup
2018-06-07,Cascadia,Western Armenia,1508.3336361611764,1507.2358229910258,0,1.09781317015063,4,0,CONIFA World Football Cup
2018-06-07,Barawa,Panjab,1426.9076114762065,1559.6125398839165,1,-32.704928407709986,0,5,CONIFA World Football Cup
2018-06-07,Abkhazia,United Koreans in Japan,1575.7726271126876,1528.8019442935188,0,46.970682819168815,2,0,CONIFA World Football Cup
2018-06-07,Tamil Eelam,Tuvalu,1448.2494160682481,1255.3368132953394,0,192.9126027729087,4,3,CONIFA World Football Cup
2018-06-07,England,Costa Rica,1982.6259946943455,1868.0884537606116,1,214.5375409337339,2,0,Friendly
2018-06-07,Guadeloupe,French Guiana,1461.0671420162955,1543.7027846692465,0,-82.63564265295099,0,2,Friendly
2018-06-07,Uruguay,Uzbekistan,1937.790464060128,1703.8956869499386,1,333.89477711018935,3,0,Friendly
2018-06-07,Portugal,Algeria,2022.4497169332315,1645.0566166129054,1,477.3931003203263,3,0,Friendly
2018-06-07,India,New Zealand,1397.9983504045128,1679.4312907353458,1,-181.43294033083293,1,2,Intercontinental Cup
2018-06-07,Iceland,Ghana,1828.764475683955,1747.101957123585,1,181.66251856037002,2,2,Friendly
2018-06-07,South Korea,Bolivia,1804.5217566777712,1689.7348821489495,0,114.78687452882173,0,0,Friendly
2018-06-08,Madagascar,Lesotho,1455.295892460084,1371.485690848918,0,83.8102016111659,0,1,COSAFA Cup
2018-06-08,Taiwan,Kenya,1188.3393642891153,1488.1490372025685,0,-299.80967291345314,0,4,Intercontinental Cup
2018-06-08,Poland,Chile,1875.874216756055,1933.9010122142004,1,41.97320454185456,2,2,Friendly
2018-06-08,South Africa,Botswana,1641.8993078219248,1459.486563878816,1,282.4127439431088,3,0,COSAFA Cup
2018-06-08,Switzerland,Japan,1928.9096657353386,1773.2029490901164,1,255.7067166452223,2,0,Friendly
2018-06-08,Croatia,Senegal,1898.5206058432173,1848.2547929518619,1,150.26581289135538,2,1,Friendly
2018-06-08,Germany,Saudi Arabia,2125.3745304626414,1693.9627855164345,1,531.4117449462069,2,1,Friendly
2018-06-08,Lithuania,Iran,1432.9313776739518,1883.6489420570822,0,-450.71756438313037,0,1,Friendly
2018-06-09,Northern Cyprus,Kárpátalja,1693.2593010500989,1602.943406431854,0,90.31589461824478,0,0,CONIFA World Football Cup
2018-06-09,Padania,Székely Land,1729.3009852730345,1504.5518908432969,0,224.74909442973762,0,0,CONIFA World Football Cup
2018-06-09,Panjab,Cascadia,1586.7968808759085,1536.3697681984768,0,50.42711267743175,3,3,CONIFA World Football Cup
2018-06-09,Barawa,Western Armenia,1399.7232704842145,1479.1996909537254,1,20.523579530489087,0,7,CONIFA World Football Cup
2018-06-09,Kabylia,Abkhazia,1470.549332661921,1595.2491934007628,0,-124.69986073884183,0,2,CONIFA World Football Cup
2018-06-09,Tibet,United Koreans in Japan,1296.51350087296,1509.3253780054436,0,-212.81187713248346,1,1,CONIFA World Football Cup
2018-06-09,Matabeleland,Tamil Eelam,1465.7160393799006,1455.6827789973227,0,10.033260382577964,1,0,CONIFA World Football Cup
2018-06-09,Tunisia,Spain,1768.8612121305919,2087.420521729943,0,-318.5593095993513,0,1,Friendly
2018-06-09,France,United States,2035.8659063038494,1851.2108149550033,1,284.6550913488461,1,1,Friendly
2018-06-09,Latvia,Azerbaijan,1425.6104158072255,1432.0512304082226,1,93.5591853990029,1,3,Friendly
2018-06-09,Zambia,Zimbabwe,1594.6287404459372,1558.3974542056217,0,36.23128624031551,2,4,COSAFA Cup
2018-06-09,Serbia,Bolivia,1798.8388657882717,1692.9235325647762,0,105.91533322349551,5,1,Friendly
2018-06-09,Denmark,Mexico,1870.5247262519956,1937.1893302886888,1,33.33539596330684,2,0,Friendly
2018-06-09,Finland,Belarus,1640.3345298050738,1568.1997180124495,1,172.1348117926243,2,0,Friendly
2018-06-09,Hungary,Australia,1633.9671175430194,1824.1951114381793,1,-90.2279938951599,1,2,Friendly
2018-06-09,Estonia,Morocco,1581.1152040446539,1809.4847139188412,1,-128.36950987418732,1,3,Friendly
2018-06-09,Sweden,Peru,1832.5613570237665,2008.5794205201998,1,-76.01806349643334,0,0,Friendly
2018-06-10,Austria,Brazil,1783.9502908758786,2185.3967696244313,1,-301.44647874855264,0,3,Friendly
2018-06-10,India,Kenya,1390.1893623780406,1496.6495400990852,1,-6.460177721044602,2,0,Intercontinental Cup
2018-06-11,South Korea,Senegal,1801.3331062619445,1842.3288758431377,0,-40.995769581193144,0,2,Friendly
2018-06-11,Belgium,Costa Rica,1979.4946831646832,1861.3291099923224,1,218.1655731723606,4,1,Friendly
2018-06-12,Japan,Paraguay,1767.6036306651897,1808.067853166124,0,-40.464222500934284,4,2,Friendly
2018-06-12,Poland,Lithuania,1874.6719739323082,1431.541563314764,1,543.1304106175442,4,0,Friendly
2018-06-14,Russia,Saudi Arabia,1736.080971757964,1693.0662198820248,1,143.01475187593928,5,0,FIFA World Cup
2018-06-15,Egypt,Uruguay,1747.8252234113565,1942.257612855163,0,-194.43238944380641,0,1,FIFA World Cup
2018-06-15,Morocco,Iran,1819.1816994776973,1885.03875641627,0,-65.85705693857267,0,1,FIFA World Cup
2018-06-15,Portugal,Spain,2024.5565172304505,2090.1763057619805,0,-65.61978853153005,3,3,FIFA World Cup
2018-06-16,Croatia,Nigeria,1904.4465229519415,1734.3430860472201,0,170.10343690472132,2,0,FIFA World Cup
2018-06-16,Peru,Denmark,2006.425703438867,1884.089921670754,0,122.33578176811307,0,1,FIFA World Cup
2018-06-16,Argentina,Iceland,2048.777276952024,1823.965380158119,0,224.8118967939049,1,1,FIFA World Cup
2018-06-16,France,Australia,2029.1190018193324,1831.6549899973431,0,197.4640118219893,2,1,FIFA World Cup
2018-06-17,Costa Rica,Serbia,1853.5700632512007,1812.0436720472487,0,41.526391203952016,0,1,FIFA World Cup
2018-06-17,Germany,Mexico,2126.271096097051,1923.6241348699305,0,202.64696122712076,0,1,FIFA World Cup
2018-06-17,Brazil,Switzerland,2190.643805583313,1934.5089841602653,0,256.1348214230479,1,1,FIFA World Cup
2018-06-18,Sweden,South Korea,1834.7150741050993,1788.0948672195684,0,46.62020688553093,1,0,FIFA World Cup
2018-06-18,Belgium,Panama,1987.253729905805,1774.5025096802856,0,212.75122022551932,3,0,FIFA World Cup
2018-06-18,Tunisia,England,1766.1054280985545,1989.3853384626348,0,-223.27991036408025,1,2,FIFA World Cup
2018-06-19,Poland,Senegal,1876.2479824425395,1855.5671148855138,0,20.68086755702575,1,2,FIFA World Cup
2018-06-19,Russia,Egypt,1772.6896458324063,1733.0561176507138,1,139.63352818169255,3,1,FIFA World Cup
2018-06-19,Colombia,Japan,1991.2649319012542,1784.3427554110767,0,206.92217649017743,1,2,FIFA World Cup
2018-06-20,Portugal,Morocco,2030.1561605318288,1794.8011138757684,0,235.3550466560605,1,0,FIFA World Cup
2018-06-20,Uruguay,Saudi Arabia,1957.0267186158057,1656.4575458075826,0,300.56917280822313,1,0,FIFA World Cup
2018-06-20,Iran,Spain,1909.419342018199,2084.576662460602,0,-175.15732044240326,0,1,FIFA World Cup
2018-06-21,Denmark,Australia,1924.2373039818028,1817.0793206680323,0,107.1579833137705,1,1,FIFA World Cup
2018-06-21,France,Peru,2043.6946711486432,1966.2783211278181,0,77.41635002082512,1,0,FIFA World Cup
2018-06-21,Argentina,Croatia,2031.6866401920793,1929.0211779363767,0,102.66546225570255,0,3,FIFA World Cup
2018-06-22,Brazil,Costa Rica,2171.8200131097515,1820.0013639591311,0,351.81864915062033,2,0,FIFA World Cup
2018-06-22,Nigeria,Iceland,1709.7684310627849,1841.0560169180635,0,-131.28758585527862,2,0,FIFA World Cup
2018-06-22,Serbia,Switzerland,1845.6123713393183,1953.332776633827,0,-107.72040529450874,1,2,FIFA World Cup
2018-06-23,Germany,Sweden,2080.5200661141475,1860.7135492609618,0,219.8065168531857,2,1,FIFA World Cup
2018-06-23,South Korea,Mexico,1762.096392063706,1969.3751648528344,0,-207.27877278912842,1,2,FIFA World Cup
2018-06-23,Belgium,Tunisia,2011.1004233641108,1753.106489564377,0,257.9939337997339,5,2,FIFA World Cup
2018-06-24,England,Panama,2002.3842769968123,1750.6558162219796,0,251.72846077483268,6,1,FIFA World Cup
2018-06-24,Japan,Senegal,1830.3594466584389,1887.3507384878378,0,-56.99129182939896,2,2,FIFA World Cup
2018-06-24,Poland,Colombia,1844.4643588402155,1945.248240653892,0,-100.78388181367654,0,3,FIFA World Cup
2018-06-25,Russia,Uruguay,1800.5189305295783,1966.0603216176328,1,-65.54139108805452,0,3,FIFA World Cup
2018-06-25,Saudi Arabia,Egypt,1647.4239428057556,1705.2268329535418,0,-57.80289014778623,2,1,FIFA World Cup
2018-06-25,Spain,Morocco,2100.615580592979,1782.4960323787188,0,318.11954821426,2,2,FIFA World Cup
2018-06-25,Iran,Portugal,1893.3804238858222,2042.4612420288784,0,-149.08081814305615,1,1,FIFA World Cup
2018-06-26,Australia,Peru,1826.0494409734542,1942.8545093846817,0,-116.80506841122747,0,2,FIFA World Cup
2018-06-26,Denmark,France,1915.267183676381,2067.1184828917794,0,-151.8512992153985,0,0,FIFA World Cup
2018-06-26,Nigeria,Argentina,1771.0071992860064,1964.1094545544734,0,-193.10225526846693,1,2,FIFA World Cup
2018-06-26,Iceland,Croatia,1779.817248694842,1996.5983635739826,0,-216.78111487914066,1,2,FIFA World Cup
2018-06-27,Serbia,Brazil,1824.626691895269,2182.312139547893,0,-357.6854476526239,0,2,FIFA World Cup
2018-06-27,Switzerland,Costa Rica,1974.3184560778764,1809.5092375209895,0,164.8092185568869,2,2,FIFA World Cup
2018-06-27,South Korea,Germany,1748.1350856346553,2093.723756063246,0,-345.58867042859083,2,0,FIFA World Cup
2018-06-27,Mexico,Sweden,1983.336471281885,1847.5098593118632,0,135.82661197002176,0,3,FIFA World Cup
2018-06-28,Panama,Tunisia,1727.8383649037296,1733.7178781468422,0,-5.879513243112569,1,2,FIFA World Cup
2018-06-28,England,Belgium,2025.2017283150624,2030.4890347816456,0,-5.287306466583232,0,1,FIFA World Cup
2018-06-28,Japan,Poland,1835.2368033143557,1806.7802697169266,0,28.456533597429143,0,1,FIFA World Cup
2018-06-28,Senegal,Colombia,1882.473381831921,1982.932329777181,0,-100.45894794525998,0,1,FIFA World Cup
2018-06-30,Uruguay,Portugal,2008.7723800064734,2030.3244490997301,0,-21.552069093256705,2,1,FIFA World Cup
2018-06-30,France,Argentina,2054.782268180374,1978.9639749127834,0,75.81829326759066,4,3,FIFA World Cup
2018-07-01,Russia,Spain,1757.8068721407376,2078.9009940656524,1,-221.09412192491482,1,1,FIFA World Cup
2018-07-01,Croatia,Denmark,2009.9822747425924,1927.603398387786,0,82.37887635480638,1,1,FIFA World Cup
2018-07-02,Brazil,Mexico,2192.4952650935943,1911.2975111903581,0,281.19775390323616,2,0,FIFA World Cup
2018-07-02,Belgium,Japan,2060.032527282553,1802.7851484192784,0,257.24737886327466,3,2,FIFA World Cup
2018-07-03,Sweden,Switzerland,1919.54881940339,1961.0670175098016,0,-41.518198106411546,1,0,FIFA World Cup
2018-07-03,Colombia,England,2004.4919243472955,1995.6582358141548,0,8.83368853314073,1,1,FIFA World Cup
2018-07-05,Malaysia,Fiji,1230.2178212213557,1544.2085347474979,1,-213.99071352614214,1,0,Friendly
2018-07-06,Uruguay,France,2040.6309519590386,2078.3375684001785,0,-37.706616441139886,0,2,FIFA World Cup
2018-07-06,Brazil,Belgium,2207.3797916177627,2071.15060757658,0,136.22918404118263,1,2,FIFA World Cup
2018-07-07,Sweden,England,1953.1168212554787,1996.4208334763832,0,-43.3040122209045,0,2,FIFA World Cup
2018-07-07,Russia,Croatia,1774.6793535809427,2002.999478225333,1,-128.32012464439026,2,2,FIFA World Cup
2018-07-10,France,Belgium,2118.472876382215,2112.345660811541,0,6.127215570673798,1,0,FIFA World Cup
2018-07-11,Croatia,England,1992.3971808186911,2035.8409444017077,0,-43.44376358301656,2,1,FIFA World Cup
2018-07-14,Belgium,England,2082.87467229093,2002.1091373789204,0,80.76553491200957,2,0,FIFA World Cup
2018-07-15,France,Croatia,2147.943864902826,2026.1289878414784,0,121.81487706134772,4,2,FIFA World Cup
2018-07-22,Liberia,Sierra Leone,1410.226082748433,1485.7614722909962,1,24.464610457436947,0,0,Friendly
2018-07-27,Saint Barthélemy,Anguilla,1461.7088465586899,958.9170659987502,1,602.7917805599396,1,2,Friendly
2018-07-28,Saint Barthélemy,British Virgin Islands,1442.3124363811144,934.62093741904,1,607.6914989620743,3,4,Friendly
2018-08-04,Belize,Barbados,1354.1620588841492,1311.4016733075582,1,142.76038557659103,1,0,Friendly
2018-08-04,Palestine,Iraq,1553.5122145669222,1678.7721593338242,1,-25.25994476690198,0,3,Friendly
2018-08-15,Guatemala,Cuba,1592.0648651708443,1434.5874674392064,1,257.4773977316379,3,0,Friendly
2018-08-18,Andorra,United Arab Emirates,1079.2404298430754,1659.983341859351,0,-580.7429120162756,0,0,Friendly
2018-08-18,Grenada,Jamaica,1270.1296861437518,1672.0805226086015,1,-301.9508364648498,1,5,Friendly
2018-08-18,Guatemala,Cuba,1598.5434187152823,1428.1089138947684,1,270.4345048205139,1,0,Friendly
2018-08-20,Barbados,Jamaica,1305.2940173432287,1677.6884859217528,1,-272.3944685785241,2,2,Friendly
2018-08-22,Sint Maarten,Anguilla,1346.4102222686934,978.3134761763258,1,468.09674609236754,1,1,Friendly
2018-08-25,Anguilla,Saint Martin,987.0475991956704,1156.3331213542197,1,-69.28552215854916,1,2,Friendly
2018-08-26,Barbados,Cuba,1311.844065122519,1424.6266329060275,1,-12.782567783508512,0,0,Friendly
2018-08-29,Bangladesh,Sri Lanka,1031.7938865957371,950.5379305008313,1,181.25595609490586,0,1,Friendly
2018-08-29,Barbados,Cuba,1312.2118110869114,1424.258886941635,1,-12.047075854723516,0,2,Friendly
2018-08-29,Macau,Solomon Islands,953.297830842069,1505.6239032608844,1,-452.32607241881556,1,4,Friendly
2018-09-01,Timor-Leste,Brunei,850.9145561396816,888.4634813931892,0,-37.548925253507605,3,1,AFF Championship qualification
2018-09-02,Ethiopia,Burundi,1417.102535245017,1428.5113405987195,1,88.59119464629748,1,1,Friendly
2018-09-02,Guam,Northern Mariana Islands,1141.677144310521,970.7265356110939,0,170.9506086994271,4,0,EAFF Championship
2018-09-02,Mongolia,Macau,1051.6263905393296,950.8865276930934,1,200.73986284623618,4,1,EAFF Championship
2018-09-04,Macau,Guam,938.3140097067335,1156.9819139474298,0,-218.66790424069632,2,0,EAFF Championship
2018-09-04,Mongolia,Northern Mariana Islands,1064.1989085256896,955.4217659741852,1,208.77714255150443,9,0,EAFF Championship
2018-09-04,Nepal,Pakistan,1105.4602966744098,1149.5467859374535,0,-44.08648926304363,1,2,SAFF Cup
2018-09-04,Bangladesh,Bhutan,1017.0038028543489,858.1981462497154,1,258.80565660463367,2,0,SAFF Cup
2018-09-05,India,Sri Lanka,1413.1076766091974,965.3280142422195,0,447.77966236697785,2,0,SAFF Cup
2018-09-05,Fiji,Solomon Islands,1528.725762128566,1508.03520640986,1,120.69055571870604,1,1,Friendly
2018-09-05,Slovakia,Denmark,1788.894608409896,1934.5861949050454,1,-45.69158649514952,3,0,Friendly
2018-09-06,Netherlands,Peru,1948.0302931544848,1973.2711995277639,1,74.75909362672087,2,1,Friendly
2018-09-06,Guyana,Barbados,1395.4725427607675,1297.7317168157874,1,197.7408259449801,3,0,CONCACAF Nations League qualification
2018-09-06,Dominica,Suriname,1217.607214842368,1425.5675591627448,0,-207.96034432037686,0,0,CONCACAF Nations League qualification
2018-09-06,Bangladesh,Pakistan,1025.281596957166,1162.6535694209147,1,-37.37197246374876,1,0,SAFF Cup
2018-09-06,Nepal,Bhutan,1092.3535131909487,849.9203521468984,0,242.43316104405028,4,0,SAFF Cup
2018-09-06,Mongolia,Guam,1081.5353078244639,1121.935397369884,1,59.59991045457991,1,1,EAFF Championship
2018-09-06,Northern Mariana Islands,Macau,938.085366675411,973.3605262842793,0,-35.27515960886831,1,1,EAFF Championship
2018-09-06,Uzbekistan,Syria,1699.4285381549037,1708.5549923886183,1,90.87354576628536,1,1,Friendly
2018-09-06,Trinidad and Tobago,United Arab Emirates,1560.939007391689,1650.6658281759858,0,-89.7268207842967,2,0,Friendly
2018-09-06,Portugal,Croatia,1998.465877147165,1996.2902822629594,1,102.17559488420557,1,1,Friendly
2018-09-06,Kyrgyzstan,Palestine,1425.6988583999482,1537.2822969199058,1,-11.583438519957554,1,1,Friendly
2018-09-06,Latvia,Andorra,1406.6660250393602,1088.5579435264406,1,418.1080815129196,0,0,UEFA Nations League
2018-09-06,Bahrain,Philippines,1544.3612189341368,1374.410869653186,1,269.95034928095083,1,1,Friendly
2018-09-06,Czech Republic,Ukraine,1744.0336809525888,1794.874556207958,1,49.159124744630844,1,2,UEFA Nations League
2018-09-06,Wales,Republic of Ireland,1814.0651688338064,1774.8715263233091,1,139.19364251049728,4,1,UEFA Nations League
2018-09-06,Norway,Cyprus,1679.5551877224314,1452.5131219856905,1,327.0420657367408,2,0,UEFA Nations League
2018-09-06,Slovenia,Bulgaria,1662.9031952572982,1650.2765345417617,1,112.62666071553645,1,2,UEFA Nations League
2018-09-06,Germany,France,2014.5528898800485,2177.7825704813454,1,-63.22968060129688,0,0,UEFA Nations League
2018-09-06,Armenia,Liechtenstein,1496.8583012193399,1180.596535972407,1,416.2617652469328,2,1,UEFA Nations League
2018-09-06,Gibraltar,North Macedonia,1327.1615360741866,1556.8567114841026,1,-129.69517540991592,0,2,UEFA Nations League
2018-09-06,Austria,Sweden,1778.7032549169967,1913.6967103301542,1,-34.99345541315756,2,0,Friendly
2018-09-06,Kazakhstan,Georgia,1409.2371065255315,1553.908634589596,1,-44.67152806406443,0,2,UEFA Nations League
2018-09-06,Jordan,Lebanon,1594.3098055575504,1581.8001603667467,1,112.50964519080367,0,1,Friendly
2018-09-07,Belize,Bahamas,1360.2697148484788,1294.3074068559927,1,165.9623079924861,4,0,CONCACAF Nations League qualification
2018-09-07,Mexico,Uruguay,1896.4129846661897,2000.495643977002,0,-104.08265931081223,1,4,Friendly
2018-09-07,Antigua and Barbuda,Saint Lucia,1372.6305720231853,1289.0570390833818,1,183.5735329398035,0,3,CONCACAF Nations League qualification
2018-09-07,Anguilla,French Guiana,979.0157754338657,1555.200903304127,1,-476.18512787026134,0,5,CONCACAF Nations League qualification
2018-09-07,Maldives,Sri Lanka,1141.0317298275543,962.1513622498479,0,178.88036757770635,0,0,SAFF Cup
2018-09-07,Venezuela,Colombia,1792.4099445163783,2003.729326685067,0,-211.31938216868866,1,2,Friendly
2018-09-07,United States,Brazil,1857.9577194395204,2166.1847383828017,1,-208.22701894328134,0,2,Friendly
2018-09-07,Singapore,Mauritius,1207.690880698721,1231.528475570307,1,76.1624051284141,1,1,Friendly
2018-09-07,Scotland,Belgium,1758.2105481998753,2117.5983296912295,1,-259.3877814913542,0,4,Friendly
2018-09-07,Qatar,China,1576.6745529765187,1640.2438029742734,1,36.430750002245304,1,0,Friendly
2018-09-07,South Korea,Costa Rica,1827.305951817853,1822.7606760890642,1,104.54527572878874,2,0,Friendly
2018-09-07,Taiwan,Malaysia,1179.8388613925986,1245.7005938402876,1,34.138267552310936,2,0,Friendly
2018-09-07,Argentina,Guatemala,1955.4086746929788,1602.0256997040233,0,353.38297498895554,3,0,Friendly
2018-09-07,Azerbaijan,Kosovo,1450.995621176088,1528.1344589081273,1,22.861162267960708,0,0,UEFA Nations League
2018-09-07,Faroe Islands,Malta,1335.5265592991668,1241.2299007766774,1,194.29665852248945,3,1,UEFA Nations League
2018-09-07,Romania,Montenegro,1765.7975938375798,1624.5605443328213,1,241.2370495047585,0,0,UEFA Nations League
2018-09-07,Lithuania,Serbia,1429.9655548045328,1814.4435663495678,1,-284.4780115450351,0,1,UEFA Nations League
2018-09-07,Albania,Israel,1608.7194666186372,1563.8808272562694,1,144.83863936236776,1,0,UEFA Nations League
2018-09-07,Turkey,Russia,1770.394126022649,1785.2816509875845,1,85.11247503506456,1,2,UEFA Nations League
2018-09-07,Italy,Poland,1933.5321470641607,1839.231924612004,1,194.30022245215673,1,1,UEFA Nations League
2018-09-07,Ecuador,Jamaica,1811.8597240368608,1671.1384381424625,0,140.7212858943983,2,0,Friendly
2018-09-08,Uganda,Tanzania,1563.5390326464799,1430.903003671942,1,232.6360289745378,0,0,African Cup of Nations qualification
2018-09-08,Pakistan,Bhutan,1146.0462857953214,838.7534883827109,0,307.2927974126105,3,0,SAFF Cup
2018-09-08,Bangladesh,Nepal,1041.8888805827592,1103.5203769551363,1,38.368503627622886,0,2,SAFF Cup
2018-09-08,Saint Vincent and the Grenadines,Nicaragua,1287.5066763783395,1364.6297763322536,1,22.876900046085893,0,2,CONCACAF Nations League qualification
2018-09-08,Cuba,Turks and Caicos Islands,1438.738981212759,1182.3155007980338,1,356.4234804147252,11,0,CONCACAF Nations League qualification
2018-09-08,Mozambique,Guinea-Bissau,1447.7561792277813,1390.0106980486462,1,157.74548117913514,2,2,African Cup of Nations qualification
2018-09-08,Morocco,Malawi,1804.2106189060453,1410.5751677497267,1,493.6354511563186,3,0,African Cup of Nations qualification
2018-09-08,Seychelles,Nigeria,1142.4501298659513,1756.1526789276963,1,-513.702549061745,0,3,African Cup of Nations qualification
2018-09-08,Kenya,Ghana,1473.7312258679285,1751.901052649421,1,-178.16982678149247,1,0,African Cup of Nations qualification
2018-09-08,Namibia,Zambia,1474.877312824941,1569.7908633595048,1,5.086449465436317,1,1,African Cup of Nations qualification
2018-09-08,Montserrat,El Salvador,1086.0265244452835,1593.7152319255324,1,-407.6887074802489,1,2,CONCACAF Nations League qualification
2018-09-08,Egypt,Niger,1670.2812756047358,1423.5238836269702,1,346.75739197776556,6,0,African Cup of Nations qualification
2018-09-08,Mauritania,Burkina Faso,1444.8848413360408,1692.939972173034,1,-148.05513083699316,2,0,African Cup of Nations qualification
2018-09-08,Switzerland,Iceland,1927.499015657713,1766.4333375262322,1,261.0656781314808,6,0,UEFA Nations League
2018-09-08,South Africa,Libya,1650.5313832764457,1590.4641430523984,1,160.06724022404728,0,0,African Cup of Nations qualification
2018-09-08,England,Spain,1967.3854799786207,2062.028512625447,1,5.3569673531733315,1,2,UEFA Nations League
2018-09-08,Northern Ireland,Bosnia and Herzegovina,1718.0474245578232,1800.2607760692224,1,17.786648488600804,1,2,UEFA Nations League
2018-09-08,Finland,Hungary,1648.4566335035552,1626.5072389838556,1,121.94939451969958,1,0,UEFA Nations League
2018-09-08,Belarus,San Marino,1560.077614313968,949.3546289761986,1,710.7229853377695,5,0,UEFA Nations League
2018-09-08,Estonia,Greece,1571.4182184857978,1699.7364774893306,1,-28.31825900353283,0,1,UEFA Nations League
2018-09-08,Brunei,Timor-Leste,855.2338110666701,884.1442264662007,1,71.08958460046938,1,0,AFF Championship qualification
2018-09-08,Equatorial Guinea,Sudan,1436.33387123889,1351.848446023954,1,184.48542521493596,1,0,African Cup of Nations qualification
2018-09-08,Comoros,Cameroon,1213.3297755920864,1740.9140796701747,1,-427.5843040780883,1,1,African Cup of Nations qualification
2018-09-08,Gabon,Burundi,1518.4005656973804,1431.0073383905035,1,187.39322730687695,1,1,African Cup of Nations qualification
2018-09-08,Gambia,Algeria,1384.3181430112172,1642.9498163156863,1,-158.63167330446913,1,1,African Cup of Nations qualification
2018-09-08,Luxembourg,Moldova,1375.6101540807858,1366.614184494742,1,108.99596958604388,4,0,UEFA Nations League
2018-09-09,South Sudan,Mali,1249.277695088214,1621.7458209880367,1,-272.4681258998228,0,3,African Cup of Nations qualification
2018-09-09,Jamaica,Cayman Islands,1661.9020866220255,1180.1061979512651,1,581.7958886707604,4,0,CONCACAF Nations League qualification
2018-09-09,Saint Kitts and Nevis,Puerto Rico,1414.202564713187,1249.3744073831392,1,264.8281573300478,1,0,CONCACAF Nations League qualification
2018-09-09,Madagascar,Senegal,1436.7461031370312,1860.9137872618064,1,-324.1676841247752,2,2,African Cup of Nations qualification
2018-09-09,Togo,Benin,1479.330995028033,1554.1829948135623,1,25.148000214470585,0,0,African Cup of Nations qualification
2018-09-09,Lebanon,Oman,1594.9298085591117,1640.9970224301824,0,-46.067213871070635,0,0,Friendly
2018-09-09,Angola,Botswana,1373.557842139987,1450.8544884242951,1,22.703353715691946,1,0,African Cup of Nations qualification
2018-09-09,Eswatini,Tunisia,1368.9335831052538,1763.2102486202423,1,-294.2766655149885,0,2,African Cup of Nations qualification
2018-09-09,Lesotho,Cape Verde,1390.0354801719707,1550.2430505195657,1,-60.20757034759504,1,1,African Cup of Nations qualification
2018-09-09,Liberia,DR Congo,1409.5230961327868,1698.7563513160528,1,-189.233255183266,1,1,African Cup of Nations qualification
2018-09-09,Aruba,Bermuda,1193.9160351919197,1443.5725591614812,0,-249.65652396956148,3,1,CONCACAF Nations League qualification
2018-09-09,Guinea,Central African Republic,1567.8731490608045,1440.3295859470097,1,227.5435631137948,1,0,African Cup of Nations qualification
2018-09-09,United States Virgin Islands,Canada,1046.0206155027695,1660.183160878876,0,-614.1625453761064,0,8,CONCACAF Nations League qualification
2018-09-09,Liechtenstein,Gibraltar,1178.0926375295235,1312.6910764118252,1,-34.59843888230171,2,0,UEFA Nations League
2018-09-09,India,Maldives,1416.2843286015689,1133.9258922234235,0,282.35843637814537,2,0,SAFF Cup
2018-09-09,Rwanda,Ivory Coast,1423.4264899771806,1686.787490803834,1,-163.36100082665348,1,2,African Cup of Nations qualification
2018-09-09,Congo,Zimbabwe,1494.693347779548,1583.235331292054,1,11.458016487493978,1,1,African Cup of Nations qualification
2018-09-09,Germany,Peru,2017.2529909174411,1965.3903345150527,1,151.8626564023882,2,1,Friendly
2018-09-09,North Macedonia,Armenia,1571.327171146464,1499.3621996622235,1,171.96497148424055,2,0,UEFA Nations League
2018-09-09,Georgia,Latvia,1573.5315340858797,1394.1456402832562,1,279.3858938026235,1,0,UEFA Nations League
2018-09-09,Cyprus,Slovenia,1446.5690768822885,1643.20416630775,1,-96.6350894254615,2,1,UEFA Nations League
2018-09-09,Bulgaria,Norway,1669.97556349131,1685.4992328258334,1,84.47633066547655,1,0,UEFA Nations League
2018-09-09,Denmark,Wales,1914.7979299130122,1830.3273279853577,1,184.47060192765457,2,0,UEFA Nations League
2018-09-09,Ukraine,Slovakia,1811.9828755956614,1808.682873401929,1,103.30000219373233,1,0,UEFA Nations League
2018-09-09,France,Netherlands,2175.0824694439525,1955.911158167196,1,319.17131127675657,2,1,UEFA Nations League
2018-09-09,Bonaire,Dominican Republic,1298.6032005701954,1431.4969851004355,0,-132.89378453024005,0,5,CONCACAF Nations League qualification
2018-09-10,Russia,Czech Republic,1803.884467912291,1726.9253615648854,1,176.95910634740562,5,1,Friendly
2018-09-10,Saudi Arabia,Bolivia,1682.3695001545616,1679.7187263057992,1,102.65077384876236,2,2,Friendly
2018-09-10,Kyrgyzstan,Syria,1426.0321330867828,1711.1124872335865,1,-185.08035414680376,2,1,Friendly
2018-09-10,Curaçao,Grenada,1445.1779921932207,1264.5217228306005,1,280.65626936262015,10,0,CONCACAF Nations League qualification
2018-09-10,Kuwait,Iraq,1493.5342048645434,1695.0020769808407,1,-101.46787211629726,2,2,Friendly
2018-09-10,Haiti,Sint Maarten,1643.6943397118441,1337.676099249349,1,406.0182404624952,13,0,CONCACAF Nations League qualification
2018-09-10,Cambodia,Malaysia,1039.7196884110128,1232.1697363721942,1,-92.45004796118133,1,3,Friendly
2018-09-10,Bahrain,China,1537.85152259123,1631.288538163972,1,6.562984427258016,0,0,Friendly
2018-09-10,Kosovo,Faroe Islands,1529.1200326523233,1346.609914212988,1,282.5101184393352,2,0,UEFA Nations League
2018-09-10,Andorra,Kazakhstan,1101.0783282825446,1389.6142070292478,1,-188.53587874670325,1,1,UEFA Nations League
2018-09-10,Serbia,Romania,1819.3273760776608,1756.7861889028545,1,162.54118717480628,2,2,UEFA Nations League
2018-09-10,Montenegro,Lithuania,1633.5719492675466,1425.0817450764398,1,308.49020419110684,2,0,UEFA Nations League
2018-09-10,Scotland,Albania,1751.3312299388729,1617.8049965941182,1,233.5262333447547,2,0,UEFA Nations League
2018-09-10,Sweden,Turkey,1897.1910094375028,1751.7913090979425,1,245.39970033956024,2,3,UEFA Nations League
2018-09-10,Portugal,Italy,1995.606974155329,1925.920936088277,1,169.68603806705232,1,0,UEFA Nations League
2018-09-10,Malta,Azerbaijan,1230.146545862856,1450.010047431892,1,-119.86350156903586,1,1,UEFA Nations League
2018-09-11,South Korea,Chile,1837.9238361771854,1935.103255037947,1,2.8205811392383566,0,0,Friendly
2018-09-11,Laos,United Arab Emirates,1010.6287284322228,1631.8758947116783,0,-621.2471662794554,0,3,Friendly
2018-09-11,Liberia,Nigeria,1419.4531983511572,1759.610788591894,1,-240.1575902407369,1,2,Friendly
2018-09-11,Northern Ireland,Israel,1702.2801833678434,1554.7952972807884,1,247.48488608705497,3,0,Friendly
2018-09-11,Panama,Venezuela,1698.3459944303295,1787.8387163326634,1,10.50727809766613,0,2,Friendly
2018-09-11,Uzbekistan,Iran,1696.8710433099354,1905.5172168149704,1,-108.646173505035,0,1,Friendly
2018-09-11,Qatar,Palestine,1585.6298177868202,1536.9490222330712,1,148.68079555374902,3,0,Friendly
2018-09-11,Singapore,Fiji,1205.5332021916672,1525.3853040093195,1,-219.85210181765228,2,0,Friendly
2018-09-11,United States,Mexico,1851.0062613462999,1884.0041317865903,1,67.0021295597096,1,0,Friendly
2018-09-11,Saint Martin,Guadeloupe,1164.3649451160245,1449.569023381415,0,-285.20407826539054,0,3,CONCACAF Nations League qualification
2018-09-11,Poland,Republic of Ireland,1846.8431355878877,1758.6093671717579,1,188.2337684161298,1,1,Friendly
2018-09-11,Jordan,Oman,1581.1801573651853,1639.6788173659736,1,41.50133999921172,0,0,Friendly
2018-09-11,Kenya,Malawi,1503.1739222162091,1406.7169455457501,1,196.45697667045897,1,0,Friendly
2018-09-11,Indonesia,Mauritius,1364.8061009882772,1233.6861540773607,1,231.1199469109165,1,0,Friendly
2018-09-11,Iceland,Belgium,1754.83045026976,2124.477647952232,1,-269.6471976824721,0,3,UEFA Nations League
2018-09-11,Japan,Costa Rica,1791.6670681252513,1812.1427917297317,1,79.52427639551956,3,0,Kirin Challenge Cup
2018-09-11,Bosnia and Herzegovina,Austria,1816.0280172592022,1795.2089558096482,1,120.81906144955406,1,0,UEFA Nations League
2018-09-11,Hungary,Greece,1616.5661514653978,1713.5165801594346,1,3.049571305963127,2,1,UEFA Nations League
2018-09-11,Finland,Estonia,1658.397721022013,1557.6381158156937,1,200.7596052063193,1,0,UEFA Nations League
2018-09-11,San Marino,Luxembourg,948.3680243681322,1395.190397984887,1,-346.82237361675493,0,3,UEFA Nations League
2018-09-11,Spain,Croatia,2077.25977317161,1999.1491852547954,1,178.11058791681467,6,0,UEFA Nations League
2018-09-11,Colombia,Argentina,2008.300554868782,1959.4565986567732,0,48.843956212008834,0,0,Friendly
2018-09-11,Ecuador,Guatemala,1821.0960755572978,1597.977775740229,0,223.11829981706887,2,0,Friendly
2018-09-11,England,Switzerland,1952.1542194324575,1939.1019029141853,1,113.05231651827216,1,0,Friendly
2018-09-11,Gabon,Zambia,1508.5504824169584,1570.0836420107062,1,38.46684040625223,0,1,Friendly
2018-09-11,Moldova,Belarus,1347.0339405906407,1561.0642189220346,1,-114.0302783313939,0,0,UEFA Nations League
2018-09-12,Brazil,El Salvador,2173.136196476022,1597.207907422986,0,575.9282890530362,5,0,Friendly
2018-09-12,India,Pakistan,1423.6851833572248,1153.6943149924996,0,269.9908683647252,3,1,SAFF Cup
2018-09-12,Nepal,Maldives,1128.4950772096313,1126.5250374677676,0,1.9700397418637294,0,3,SAFF Cup
2018-09-15,Maldives,India,1152.9238794147732,1431.536854636613,0,-278.61297522183986,2,1,SAFF Cup
2018-09-30,Botswana,Namibia,1432.1595415077534,1474.5845341737397,1,57.57500733401366,1,0,Friendly
2018-09-30,Saint Vincent and the Grenadines,Barbados,1255.5341758515713,1280.7472751522132,1,74.78690069935806,1,1,Friendly
2018-10-10,Ethiopia,Kenya,1414.606537453233,1508.0538332539995,1,6.552704199233403,0,0,African Cup of Nations qualification
2018-10-10,Albania,Jordan,1608.498714656015,1579.9913017691335,1,128.5074128868814,0,0,Friendly
2018-10-10,Indonesia,Myanmar,1368.9878548130039,1279.921024541861,1,189.06683027114286,3,0,Friendly
2018-10-10,Italy,Ukraine,1917.7150687035248,1822.649985608854,1,195.06508309467085,1,1,Friendly
2018-10-10,Zambia,Guinea-Bissau,1581.1863048243117,1398.514785736955,1,282.6715190873567,2,1,African Cup of Nations qualification
2018-10-11,Mexico,Costa Rica,1875.9090516491713,1791.798361875295,1,184.11068977387617,3,2,Friendly
2018-10-11,Kuwait,Lebanon,1496.3743919825693,1596.2480136233205,1,0.12637835924874707,1,0,Friendly
2018-10-11,Turkey,Bosnia and Herzegovina,1775.9167420483552,1826.0124017378553,1,49.90434031049995,0,0,Friendly
2018-10-11,Hong Kong,Thailand,1344.697308633383,1508.852431640126,1,-64.155123006743,0,1,Friendly
2018-10-11,Wales,Spain,1818.7647182139917,2094.0896995190574,1,-175.32498130506565,1,4,Friendly
2018-10-11,Congo,Liberia,1494.0340103456315,1415.4409085650934,1,178.59310178053806,3,1,African Cup of Nations qualification
2018-10-11,French Guiana,Saint Vincent and the Grenadines,1560.048013206116,1253.414276467029,1,406.633736739087,0,1,CONCACAF Nations League qualification
2018-10-11,United States,Colombia,1859.101341483719,2006.9039018127323,1,-47.80256032901343,2,4,Friendly
2018-10-11,Honduras,United Arab Emirates,1695.8464600790433,1632.828613056487,0,63.017847022556225,1,1,Friendly
2018-10-11,Lithuania,Romania,1418.564800394519,1763.3328677233208,1,-244.76806732880186,1,2,UEFA Nations League
2018-10-11,Bahrain,Syria,1537.6626471794468,1696.2380333394806,1,-58.57538616003376,0,1,Friendly
2018-10-11,Argentina,Iraq,1960.8532517128228,1692.1618898628149,0,268.691361850008,4,0,Friendly
2018-10-11,Kosovo,Malta,1536.5154896922058,1235.1254854590456,1,401.3900042331602,3,1,UEFA Nations League
2018-10-11,Faroe Islands,Azerbaijan,1339.2144571731055,1445.0311078357024,1,-5.816650662596885,0,3,UEFA Nations League
2018-10-11,France,Iceland,2179.2036053074967,1745.6551973974983,1,533.5484079099983,2,2,Friendly
2018-10-11,Montenegro,Serbia,1640.0888939494675,1812.7806972571946,1,-72.69180330772701,0,2,UEFA Nations League
2018-10-11,Israel,Scotland,1548.0075514380585,1760.637511876976,1,-112.62996043891758,2,1,UEFA Nations League
2018-10-11,Russia,Sweden,1813.832797561971,1873.06557648709,1,40.76722107488081,0,0,UEFA Nations League
2018-10-11,Poland,Portugal,1841.8997912673494,2003.812841540081,1,-61.91305027273165,2,3,UEFA Nations League
2018-10-12,Ivory Coast,Central African Republic,1698.020422209319,1431.8290816205676,1,366.19134058875125,4,0,African Cup of Nations qualification
2018-10-12,Angola,Mauritania,1392.2527890565289,1486.9474762538769,1,5.305312802651997,4,1,African Cup of Nations qualification
2018-10-12,Egypt,Eswatini,1680.4484168395718,1359.618493819437,1,420.82992302013486,4,1,African Cup of Nations qualification
2018-10-12,Cape Verde,Tanzania,1546.8115052306566,1442.5970786171838,1,204.21442661347282,3,0,African Cup of Nations qualification
2018-10-12,Basque Country,Venezuela,1772.3314025509073,1803.2922137455557,1,69.03918880535161,4,2,Friendly
2018-10-12,United States Virgin Islands,Curaçao,1043.3300731315005,1462.5884965506705,0,-419.25842341916996,0,5,CONCACAF Nations League qualification
2018-10-12,Mali,Burundi,1633.8164177045526,1440.8574216709255,1,292.95899603362705,0,0,African Cup of Nations qualification
2018-10-12,Dominican Republic,Cayman Islands,1456.9019535533303,1177.5618157880272,1,379.3401377653031,3,0,CONCACAF Nations League qualification
2018-10-12,Bermuda,Sint Maarten,1395.091890946622,1327.105748331834,1,167.98614261478792,12,0,CONCACAF Nations League qualification
2018-10-12,Grenada,Cuba,1247.1112184731508,1451.2654330822788,1,-104.15421460912808,0,2,CONCACAF Nations League qualification
2018-10-12,Gabon,South Sudan,1497.4478196033529,1237.207098371698,1,360.2407212316548,3,0,African Cup of Nations qualification
2018-10-12,Algeria,Benin,1634.4039838183198,1555.6281072492634,1,178.77587656905644,2,0,African Cup of Nations qualification
2018-10-12,Guinea,Rwanda,1576.3736533872466,1412.1935585716958,1,264.1800948155508,2,0,African Cup of Nations qualification
2018-10-12,Bahamas,Antigua and Barbuda,1273.4717321767391,1320.6859553555794,1,52.78577682115974,0,6,CONCACAF Nations League qualification
2018-10-12,Cameroon,Malawi,1724.0585126121916,1401.8370345079597,1,422.2214781042319,1,0,African Cup of Nations qualification
2018-10-12,Togo,Gambia,1477.8858825923319,1392.8639755085837,1,185.02190708374815,1,1,African Cup of Nations qualification
2018-10-12,Singapore,Mongolia,1228.9327082661027,1078.987118941972,1,249.94558932413065,2,0,Friendly
2018-10-12,Belgium,Switzerland,2133.652900824494,1932.245633680676,1,301.40726714381776,2,1,UEFA Nations League
2018-10-12,Sri Lanka,Malaysia,969.2571998539787,1243.2699570584894,1,-174.01275720451054,1,4,Friendly
2018-10-12,Austria,Northern Ireland,1785.224571330995,1709.0679292105733,1,176.1566421204218,1,0,UEFA Nations League
2018-10-12,Estonia,Finland,1550.454440747913,1665.5813960897938,1,-15.12695534188083,0,1,UEFA Nations League
2018-10-12,Greece,Hungary,1698.6482373551926,1631.4344942696398,1,167.21374308555278,1,0,UEFA Nations League
2018-10-12,Belarus,Luxembourg,1556.3106073260003,1401.4680351191412,1,254.84257220685913,1,0,UEFA Nations League
2018-10-12,Moldova,San Marino,1351.787552186675,942.090387233878,1,509.6971649527969,2,0,UEFA Nations League
2018-10-12,Croatia,England,1982.319258907348,1959.0104886659667,1,123.30877024138113,0,0,UEFA Nations League
2018-10-12,Japan,Panama,1812.0114979796879,1682.892497017437,1,229.11900096225077,3,0,Kirin Challenge Cup
2018-10-12,South Korea,Uruguay,1837.8426551095724,2012.9044968566013,1,-75.0618417470289,2,1,Friendly
2018-10-12,Peru,Chile,1959.5026776943812,1935.18443610556,0,24.318241588821138,3,0,Friendly
2018-10-12,Qatar,Ecuador,1596.0668807951809,1827.6002825965606,1,-131.5334018013798,4,3,Friendly
2018-10-12,Saudi Arabia,Brazil,1679.4980431746292,2174.538184219876,1,-395.0401410452466,0,2,Friendly
2018-10-12,Cambodia,Timor-Leste,1028.6194677247177,868.1803034493959,1,260.4391642753218,2,2,Friendly
2018-10-13,Puerto Rico,Martinique,1242.2222581772746,1565.482820393508,1,-223.26056221623344,0,1,CONCACAF Nations League qualification
2018-10-13,Turks and Caicos Islands,Guyana,1169.789048928514,1412.4569844243417,1,-142.6679354958278,0,8,CONCACAF Nations League qualification
2018-10-13,Suriname,British Virgin Islands,1414.8471058163684,954.0336411010686,1,560.8134647152998,5,0,CONCACAF Nations League qualification
2018-10-13,Senegal,Sudan,1846.273721886998,1341.5712223216622,1,604.7024995653358,3,0,African Cup of Nations qualification
2018-10-13,Morocco,Comoros,1808.0688411100218,1230.1853426500695,1,677.8834984599523,1,0,African Cup of Nations qualification
2018-10-13,Burkina Faso,Botswana,1650.877337255198,1440.517403826955,1,310.35993342824304,3,0,African Cup of Nations qualification
2018-10-13,DR Congo,Zimbabwe,1688.8262490976824,1583.8946687259706,1,204.9315803717118,1,2,African Cup of Nations qualification
2018-10-13,Tunisia,Niger,1772.5253379060591,1413.3567423921343,1,459.16859551392486,1,0,African Cup of Nations qualification
2018-10-13,Mozambique,Namibia,1439.2520915394725,1466.2266718545382,1,73.02541968493438,1,2,African Cup of Nations qualification
2018-10-13,Uganda,Lesotho,1551.8449577012382,1393.4670254608798,1,258.3779322403584,3,0,African Cup of Nations qualification
2018-10-13,Nigeria,Libya,1763.6230783779579,1599.077406121632,1,264.5456722563258,4,0,African Cup of Nations qualification
2018-10-13,South Africa,Seychelles,1641.918120207212,1138.9920202017536,1,602.9261000054585,6,0,African Cup of Nations qualification
2018-10-13,Equatorial Guinea,Madagascar,1446.6110949411818,1451.3861685118397,1,95.22492642934208,0,1,African Cup of Nations qualification
2018-10-13,El Salvador,Barbados,1595.8059196791323,1282.8671745367556,1,412.9387451423768,3,0,CONCACAF Nations League qualification
2018-10-13,Oman,Philippines,1640.8676729620254,1380.9205659960928,0,259.94710696593256,1,1,Friendly
2018-10-13,Uzbekistan,North Korea,1689.9000373749293,1581.4570818240297,1,208.44295555089957,2,0,Friendly
2018-10-13,Netherlands,Germany,1951.7900223036515,2023.1406477381126,1,28.649374565538665,3,0,UEFA Nations League
2018-10-13,Slovakia,Czech Republic,1798.0157633887366,1716.9770319152055,1,181.03873147353102,1,2,UEFA Nations League
2018-10-13,Republic of Ireland,Denmark,1763.552711492296,1926.3605396843782,1,-62.80782819208207,0,0,UEFA Nations League
2018-10-13,Bulgaria,Cyprus,1681.39863804898,1465.6367921476005,1,315.7618459013795,2,1,UEFA Nations League
2018-10-13,Latvia,Kazakhstan,1389.1407907915552,1382.189338943814,1,106.95145184774128,1,1,UEFA Nations League
2018-10-13,Norway,Slovenia,1674.0761582681632,1624.136451042438,1,149.93970722572521,1,0,UEFA Nations League
2018-10-13,Armenia,Gibraltar,1487.170355752999,1287.957851542478,1,299.21250421052105,0,1,UEFA Nations League
2018-10-13,North Macedonia,Liechtenstein,1583.5190150556884,1202.8258623988706,1,480.6931526568178,4,1,UEFA Nations League
2018-10-13,China,India,1631.477413575755,1406.5602846761565,1,324.91712889959854,0,0,Friendly
2018-10-13,Myanmar,Bolivia,1271.1035462883785,1682.5901832857317,1,-311.4866369973531,0,3,Friendly
2018-10-13,Georgia,Andorra,1578.5363835775806,1108.5031963679785,1,570.0331872096021,3,0,UEFA Nations League
2018-10-14,Guinea-Bissau,Zambia,1391.9461484439535,1587.7549421173132,1,-95.80879367335979,2,1,African Cup of Nations qualification
2018-10-14,Kenya,Ethiopia,1508.4309925108507,1414.2293781963817,1,194.201614314469,3,0,African Cup of Nations qualification
2018-10-14,Nicaragua,Anguilla,1396.602276859022,974.1686655318767,0,422.4336113271452,6,0,CONCACAF Nations League qualification
2018-10-14,Montserrat,Belize,1082.53384894783,1381.1053895277323,1,-198.57154057990238,1,0,CONCACAF Nations League qualification
2018-10-14,Bonaire,Jamaica,1273.1982321173007,1664.4464687852635,0,-391.24823666796283,0,6,CONCACAF Nations League qualification
2018-10-14,Saint Martin,Saint Kitts and Nevis,1153.0092078659472,1421.3547139190516,0,-268.3455060531044,0,10,CONCACAF Nations League qualification
2018-10-14,Thailand,Trinidad and Tobago,1517.0266034039312,1579.7289408559966,1,37.29766254793458,1,0,Friendly
2018-10-14,Romania,Serbia,1769.224630888535,1830.6406694909126,1,38.58396139762249,0,0,UEFA Nations League
2018-10-14,Azerbaijan,Malta,1470.841680147128,1231.0642367938783,1,339.77744335324974,1,1,UEFA Nations League
2018-10-14,Faroe Islands,Kosovo,1313.40388486168,1540.5767383573732,1,-127.17285349569329,1,1,UEFA Nations League
2018-10-14,Lithuania,Montenegro,1412.6730372293046,1622.2289217157495,1,-109.55588448644494,1,4,UEFA Nations League
2018-10-14,Israel,Albania,1567.706708867057,1604.9598991073358,1,62.746809759721145,2,0,UEFA Nations League
2018-10-14,Russia,Turkey,1812.0807684717774,1774.4901768691388,1,137.5905916026386,2,0,UEFA Nations League
2018-10-14,Poland,Italy,1829.5448533901717,1912.6245999011257,1,16.92025348904599,0,1,UEFA Nations League
2018-10-14,Scotland,Portugal,1740.9383544479776,2016.1677794172588,1,-175.22942496928113,1,3,Friendly
2018-10-15,Saudi Arabia,Iraq,1676.699150582254,1685.5783264012196,1,91.12082418103455,1,1,Friendly
2018-10-15,Kuwait,Australia,1506.3707545211537,1795.632750830372,1,-189.26199630921838,0,4,Friendly
2018-10-15,Croatia,Jordan,1977.208401836498,1583.5301173178127,1,493.67828451868536,2,1,Friendly
2018-10-15,Belarus,Moldova,1561.932615751071,1354.059856830946,1,307.87275892012485,0,0,UEFA Nations League
2018-10-15,Luxembourg,San Marino,1395.8460266940706,939.818082589607,1,556.0279441044636,3,0,UEFA Nations League
2018-10-15,Estonia,Hungary,1536.1071115518457,1623.1435143591852,1,12.963597192660473,3,3,UEFA Nations League
2018-10-15,Bosnia and Herzegovina,Northern Ireland,1827.4389669170716,1701.0822253748686,1,226.35674154220305,2,0,UEFA Nations League
2018-10-15,Spain,England,2103.439120568773,1964.1213457368167,1,239.31777483195629,2,3,UEFA Nations League
2018-10-15,Iceland,Switzerland,1754.769106068367,1927.7473112410878,1,-72.97820517272089,1,2,UEFA Nations League
2018-10-15,Finland,Greece,1679.928725285861,1706.9392172656471,1,72.98950802021386,2,0,UEFA Nations League
2018-10-16,Burundi,Mali,1454.6074669656311,1620.066372409847,1,-65.45890544421582,1,1,African Cup of Nations qualification
2018-10-16,Benin,Algeria,1539.8327837433524,1650.1993073242309,1,-10.366523580878493,1,0,African Cup of Nations qualification
2018-10-16,Seychelles,South Africa,1136.428686366777,1644.4814540421887,1,-408.0527676754118,0,0,African Cup of Nations qualification
2018-10-16,Liberia,Congo,1399.6333381744698,1509.841580736255,1,-10.208242561785255,2,1,African Cup of Nations qualification
2018-10-16,Central African Republic,Ivory Coast,1423.7047142725119,1706.1447895573747,1,-182.44007528486281,0,0,African Cup of Nations qualification
2018-10-16,Mauritania,Angola,1452.4818818387414,1426.7183834716643,1,125.76349836707709,1,0,African Cup of Nations qualification
2018-10-16,Eswatini,Egypt,1353.915342674432,1686.1515679845768,1,-232.23622531014485,0,2,African Cup of Nations qualification
2018-10-16,Tanzania,Cape Verde,1426.0873848512406,1563.3211989965998,1,-37.23381414535925,2,0,African Cup of Nations qualification
2018-10-16,Argentina,Brazil,1967.4368151744181,2177.337076812251,0,-209.90026163783273,0,1,Superclásico de las Américas
2018-10-16,Martinique,British Virgin Islands,1574.1495355208356,950.9844845500779,1,723.1650509707576,4,0,CONCACAF Nations League qualification
2018-10-16,Canada,Dominica,1662.873703250145,1228.3276681887444,1,534.5460350614005,5,0,CONCACAF Nations League qualification
2018-10-16,Guadeloupe,Aruba,1460.9247606314925,1242.396703406779,1,318.5280572247136,0,0,CONCACAF Nations League qualification
2018-10-16,Sudan,Senegal,1339.4810766740127,1848.3638675346474,1,-408.8827908606347,0,1,African Cup of Nations qualification
2018-10-16,Comoros,Morocco,1229.3934485337993,1808.860735226292,1,-479.46728669249273,2,2,African Cup of Nations qualification
2018-10-16,South Sudan,Gabon,1229.3896225881324,1505.2652953869185,1,-175.87567279878613,0,1,African Cup of Nations qualification
2018-10-16,Gambia,Togo,1402.6103180144394,1468.1395400864762,1,34.47077792796313,0,1,African Cup of Nations qualification
2018-10-16,Libya,Nigeria,1585.6492094633152,1777.0512750362748,0,-191.4020655729596,2,3,African Cup of Nations qualification
2018-10-16,Rwanda,Guinea,1401.4324293315783,1587.134782627364,1,-85.70235329578577,1,1,African Cup of Nations qualification
2018-10-16,Zimbabwe,DR Congo,1614.4902864374803,1658.2306313861727,1,56.25965505130762,1,1,African Cup of Nations qualification
2018-10-16,Lesotho,Uganda,1380.564564358753,1564.747418803365,1,-84.18285444461208,0,2,African Cup of Nations qualification
2018-10-16,Botswana,Burkina Faso,1430.4728865437585,1660.9218545383944,1,-130.44896799463595,0,0,African Cup of Nations qualification
2018-10-16,Niger,Tunisia,1410.700335413107,1775.1817448850863,1,-264.4814094719793,1,2,African Cup of Nations qualification
2018-10-16,Namibia,Mozambique,1490.3695251051865,1415.1092382888241,1,175.2602868163624,1,0,African Cup of Nations qualification
2018-10-16,Malawi,Cameroon,1398.6019893893688,1727.2935577307826,1,-228.6915683414138,0,0,African Cup of Nations qualification
2018-10-16,Saint Lucia,Haiti,1341.0016557509878,1654.264690629359,0,-313.2630348783712,1,2,CONCACAF Nations League qualification
2018-10-16,Madagascar,Equatorial Guinea,1476.734500481901,1421.2627629711205,1,155.47173751078049,1,0,African Cup of Nations qualification
2018-10-16,Norway,Bulgaria,1682.9767806604937,1685.5900440506377,1,97.38673660985592,1,0,UEFA Nations League
2018-10-16,United States,Peru,1846.15221908383,1975.7797873605589,1,-29.62756827672888,1,1,Friendly
2018-10-16,Uzbekistan,Qatar,1696.8448590274324,1609.6816482022095,1,187.1632108252229,2,0,Friendly
2018-10-16,France,Germany,2170.089696636628,1999.0503176336706,1,271.0393790029575,2,1,UEFA Nations League
2018-10-16,Ukraine,Czech Republic,1827.740454411253,1739.154928873686,1,188.58552553756704,1,0,UEFA Nations League
2018-10-16,Republic of Ireland,Wales,1766.2351859932544,1809.4152971642761,1,56.819888828978264,0,1,UEFA Nations League
2018-10-16,Slovenia,Cyprus,1615.2358286501076,1461.4453861459428,1,253.79044250416473,1,1,UEFA Nations League
2018-10-16,Kazakhstan,Andorra,1386.666278155404,1106.6018721372793,1,380.0644060181246,4,0,UEFA Nations League
2018-10-16,Latvia,Georgia,1384.6638515799652,1580.4377078082798,1,-95.77385622831457,0,3,UEFA Nations League
2018-10-16,Armenia,North Macedonia,1461.7172026372848,1586.6232651396867,1,-24.906062502401937,4,0,UEFA Nations League
2018-10-16,Gibraltar,Liechtenstein,1313.4110046581923,1199.7216123148723,1,213.68939234331992,2,1,UEFA Nations League
2018-10-16,Belgium,Netherlands,2138.151223264082,1975.8803524080936,1,262.2708708559885,1,1,Friendly
2018-10-16,Cambodia,Singapore,1022.270340250533,1234.6846341090093,1,-112.41429385847619,1,2,Friendly
2018-10-16,China,Syria,1624.1473841651914,1704.567892202179,1,19.579491963012288,2,0,Friendly
2018-10-16,Bahrain,Myanmar,1529.3327883167483,1266.109122616447,1,363.22366570030135,4,1,Friendly
2018-10-16,Denmark,Austria,1923.67806518342,1793.2102751666998,1,230.46779001672007,2,0,Friendly
2018-10-16,United Arab Emirates,Venezuela,1634.6227802669696,1791.234253584455,0,-156.61147331748543,0,2,Friendly
2018-10-16,Sweden,Slovakia,1874.8176055772835,1775.837866430256,1,198.97973914702743,1,1,Friendly
2018-10-16,Colombia,Costa Rica,2019.8530242126212,1786.651508960468,0,233.20151525215329,3,1,Friendly
2018-10-16,Mexico,Chile,1881.0559045639984,1918.9073264393824,1,62.14857812461605,0,1,Friendly
2018-10-16,Malaysia,Kyrgyzstan,1252.6712270758326,1440.9065869808887,1,-88.23535990505616,0,1,Friendly
2018-10-16,Oman,Ecuador,1634.527006514053,1813.985515189532,0,-179.45850867547892,0,0,Friendly
2018-10-16,South Korea,Panama,1849.9701110364826,1671.815056476313,1,278.1550545601697,2,2,Friendly
2018-10-16,Japan,Uruguay,1823.088938520812,2000.777040929691,1,-77.6881024088791,4,3,Kirin Challenge Cup
2018-10-16,Iran,Bolivia,1912.4882227499766,1687.5846069576633,1,324.9036157923133,2,1,Friendly
2018-10-16,Indonesia,Hong Kong,1377.8053330664864,1336.523136869578,1,141.28219619690844,1,1,Friendly
2018-10-16,Laos,Mongolia,1009.6760100874139,1073.2351930990656,1,36.44081698834839,1,4,Friendly
2018-10-21,Parishes of Jersey,Yorkshire,1500.0,1531.6324043579418,1,68.36759564205818,2,1,Friendly
2018-11-03,Malaysia,Maldives,1245.1576187295436,1177.9004493752298,1,167.25716935431387,3,0,Friendly
2018-11-08,Cambodia,Malaysia,1015.3975126071695,1254.828678957469,1,-139.43116635029946,0,1,AFF Championship
2018-11-08,Laos,Vietnam,990.3472219769099,1437.8621216541858,1,-347.51489967727593,0,3,AFF Championship
2018-11-09,Singapore,Indonesia,1241.5574617523728,1373.949148583486,1,-32.39168683111325,1,0,AFF Championship
2018-11-09,Thailand,Timor-Leste,1525.9571952896151,874.5294309235805,1,751.4277643660346,7,0,AFF Championship
2018-11-11,North Korea,Mongolia,1574.5122601715266,1092.5639812095696,0,481.94827896195693,4,1,EAFF Championship
2018-11-11,Taiwan,Hong Kong,1193.369718860692,1340.3793213525782,1,-47.0096024918862,1,2,EAFF Championship
2018-11-12,Malaysia,Laos,1264.1125734810416,984.0915848159509,1,380.0209886650907,3,1,AFF Championship
2018-11-12,Myanmar,Cambodia,1262.259610516874,1006.1136180835969,1,356.14599243327723,4,1,AFF Championship
2018-11-13,Indonesia,Timor-Leste,1357.554724808151,873.6483252264275,1,583.9063995817235,3,1,AFF Championship
2018-11-13,Philippines,Singapore,1387.2612324440652,1257.9518855277079,1,229.3093469163573,1,0,AFF Championship
2018-11-13,Taiwan,Mongolia,1180.3869912673583,1089.4807663452757,1,190.90622492208263,2,1,EAFF Championship
2018-11-13,Hong Kong,North Korea,1353.362048945912,1577.5954750358205,0,-224.23342608990856,0,0,EAFF Championship
2018-11-14,Switzerland,Qatar,1939.6421223079078,1602.0616863726889,1,437.58043593521893,0,1,Friendly
2018-11-14,Vanuatu,New Caledonia,1536.6515367168322,1553.6966320241675,1,82.95490469266474,0,1,Friendly
2018-11-15,Iran,Trinidad and Tobago,1915.1583733089856,1570.7983489703126,1,444.36002433867293,1,0,Friendly
2018-11-15,Uzbekistan,Lebanon,1704.464820856953,1586.251651084736,0,118.21316977221704,0,0,Friendly
2018-11-15,Republic of Ireland,Northern Ireland,1748.803712708111,1691.4676073642272,1,157.3361053438839,0,0,Friendly
2018-11-15,Poland,Czech Republic,1813.8149242989525,1731.5814150950478,1,182.23350920390476,0,1,Friendly
2018-11-15,Peru,Ecuador,1974.9290984187821,1809.2353943452,1,265.693704073582,0,2,Friendly
2018-11-15,Israel,Guatemala,1586.1868224278928,1591.473568700966,1,94.71325372692672,7,0,Friendly
2018-11-15,Germany,Russia,1993.8419000082313,1826.10870209704,1,267.7331979111914,3,0,Friendly
2018-11-15,England,United States,1988.079619017079,1847.0029080256068,1,241.07671099147228,3,0,Friendly
2018-11-15,Luxembourg,Belarus,1397.9007377314697,1551.2904679947117,1,-53.38973026324197,0,2,UEFA Nations League
2018-11-15,Kazakhstan,Latvia,1392.33903464488,1365.4720287580853,1,126.86700588679469,1,1,UEFA Nations League
2018-11-15,Andorra,Georgia,1100.9291156478032,1599.6295306301597,1,-398.7004149823565,1,1,UEFA Nations League
2018-11-15,Greece,Finland,1689.0977012672256,1697.7702412842825,1,91.32745998294308,1,0,UEFA Nations League
2018-11-15,Hungary,Estonia,1623.702938253688,1535.547687657343,1,188.155250596345,2,0,UEFA Nations League
2018-11-15,Austria,Bosnia and Herzegovina,1786.918999536707,1837.053584927713,1,49.86541460899389,0,0,UEFA Nations League
2018-11-15,Croatia,Spain,1978.3104942422335,2079.4808472885106,1,-1.1703530462773415,3,2,UEFA Nations League
2018-11-15,Belgium,Iceland,2131.770732792876,1742.874295001547,1,488.89643779132916,2,0,UEFA Nations League
2018-11-15,San Marino,Moldova,937.763371552208,1364.7020045873053,1,-326.9386330350974,0,1,UEFA Nations League
2018-11-16,South Sudan,Burundi,1218.729375518383,1458.3316232123047,1,-139.60224769392175,2,5,African Cup of Nations qualification
2018-11-16,Laos,Myanmar,979.5523596738042,1268.2466118891066,1,-188.6942522153024,1,3,AFF Championship
2018-11-16,Vietnam,Malaysia,1444.1177588151447,1268.6517986231884,1,275.46596019195636,2,0,AFF Championship
2018-11-16,Morocco,Cameroon,1791.2416302225918,1715.7499088782529,1,175.49172134433888,2,0,African Cup of Nations qualification
2018-11-16,Egypt,Tunisia,1698.6331904086423,1782.3456249927344,1,16.28756541590792,3,2,African Cup of Nations qualification
2018-11-16,United Arab Emirates,Bolivia,1625.9606831179997,1684.9144563986542,1,41.04622671934544,0,0,Friendly
2018-11-16,Mongolia,Hong Kong,1081.9826352677928,1361.8904820977252,0,-279.9078468299324,1,5,EAFF Championship
2018-11-16,Grenada,Saint Martin,1225.8445545627033,1134.544953479818,1,191.29960108288515,5,2,CONCACAF Nations League qualification
2018-11-16,Bermuda,El Salvador,1426.7718239222957,1601.7516000639434,1,-74.97977614164779,1,0,CONCACAF Nations League qualification
2018-11-16,Aruba,Montserrat,1256.8842803633029,1112.863560499299,0,144.02071986400392,0,2,CONCACAF Nations League qualification
2018-11-16,Belize,Puerto Rico,1350.7756779762633,1233.5555430499471,1,217.22013492631618,1,0,CONCACAF Nations League qualification
2018-11-16,Taiwan,North Korea,1187.8851223448412,1569.0670418840073,1,-281.1819195391661,0,2,EAFF Championship
2018-11-16,Saudi Arabia,Yemen,1674.1350052273826,1347.919093634817,1,426.2159115925656,1,0,Friendly
2018-11-16,Slovenia,Norway,1605.885558453933,1693.8790182872383,1,12.006540166694776,1,1,UEFA Nations League
2018-11-16,Oman,Syria,1639.277127358385,1690.4123131037022,1,48.86481425468287,1,1,Friendly
2018-11-16,Netherlands,France,1982.2608428792994,2175.2981142620674,1,-93.03727138276827,2,0,UEFA Nations League
2018-11-16,Slovakia,Ukraine,1781.011331771586,1835.3139681898913,1,45.69736358169462,4,1,UEFA Nations League
2018-11-16,Wales,Denmark,1826.8467704494194,1929.9693408134128,1,-3.122570363993418,1,2,UEFA Nations League
2018-11-16,Cyprus,Bulgaria,1470.7956563421174,1674.687806423893,1,-103.89215008177575,1,1,UEFA Nations League
2018-11-16,Gibraltar,Armenia,1320.195948503821,1491.8549083532157,1,-71.6589598493947,2,6,UEFA Nations League
2018-11-16,Palestine,Pakistan,1526.5119592247106,1145.8426437131113,1,480.6693155115993,2,1,Friendly
2018-11-16,Argentina,Mexico,1960.5366654940226,1869.2859623585161,1,191.25070313550646,2,0,Friendly
2018-11-16,Brazil,Uruguay,2184.2372264926466,1982.4777799870876,0,201.75944650555903,1,0,Friendly
2018-11-16,Liechtenstein,North Macedonia,1192.9366684692436,1556.4855594237558,1,-263.5488909545122,0,2,UEFA Nations League
2018-11-16,Chile,Costa Rica,1930.6772686448646,1780.4381172613798,1,250.2391513834848,2,3,Friendly
2018-11-16,Honduras,Panama,1694.0522928685607,1678.4587470238143,1,115.59354584474636,1,0,Friendly
2018-11-16,Japan,Venezuela,1841.3881994634157,1799.896350733425,1,141.4918487299908,1,1,Kirin Challenge Cup
2018-11-17,Namibia,Guinea-Bissau,1501.0574942633527,1417.3256729538928,1,183.73182130945997,0,0,African Cup of Nations qualification
2018-11-17,Uganda,Cape Verde,1587.6174725246974,1530.118424825116,1,157.4990476995813,1,0,African Cup of Nations qualification
2018-11-17,Cuba,Dominican Republic,1472.5320969927263,1463.9878920449198,1,108.54420494780652,1,0,CONCACAF Nations League qualification
2018-11-17,Jamaica,Suriname,1672.5350142855068,1417.896262367359,1,354.6387519181478,2,1,CONCACAF Nations League qualification
2018-11-17,Comoros,Malawi,1247.0125535374996,1410.1456382418985,1,-63.133084704398925,2,1,African Cup of Nations qualification
2018-11-17,Nicaragua,Haiti,1403.4690359417136,1659.9227471548218,1,-156.45371121310814,0,2,CONCACAF Nations League qualification
2018-11-17,Gambia,Benin,1380.6325058661487,1560.4293517865553,1,-79.79684592040667,3,1,African Cup of Nations qualification
2018-11-17,Gabon,Mali,1515.925542456668,1616.3422161631734,1,-0.4166737065054349,0,1,African Cup of Nations qualification
2018-11-17,South Africa,Nigeria,1627.9674548427736,1787.0273948150486,1,-59.05993997227506,1,1,African Cup of Nations qualification
2018-11-17,Cayman Islands,Saint Lucia,1170.4758772964376,1335.343599225525,1,-64.86772192908734,0,0,CONCACAF Nations League qualification
2018-11-17,Equatorial Guinea,Senegal,1409.659330036697,1851.8346937738875,1,-342.17536373719054,0,1,African Cup of Nations qualification
2018-11-17,Seychelles,Libya,1152.942685566192,1575.6730896845413,1,-322.73040411834927,1,8,African Cup of Nations qualification
2018-11-17,Thailand,Indonesia,1526.8383009867682,1359.0635372867446,1,267.77476370002364,4,2,AFF Championship
2018-11-17,Timor-Leste,Philippines,872.1395127478337,1393.585727793941,0,-521.4462150461073,2,3,AFF Championship
2018-11-17,Turkey,Sweden,1760.4622432438764,1869.6441402359537,1,-9.181896992077327,0,1,UEFA Nations League
2018-11-17,Albania,Scotland,1586.4797855465,1732.9213339700395,1,-46.44154842353964,0,4,UEFA Nations League
2018-11-17,Serbia,Montenegro,1832.2996585646667,1640.4654360121385,1,291.8342225525282,2,1,UEFA Nations League
2018-11-17,Romania,Lithuania,1767.565641814781,1394.4365229329155,1,473.12911888186545,3,0,UEFA Nations League
2018-11-17,Italy,Portugal,1928.354528992345,2024.1847998951969,1,4.1697290971480925,0,0,UEFA Nations League
2018-11-17,Azerbaijan,Faroe Islands,1459.5589708322073,1318.6616378383599,1,240.89733299384739,2,0,UEFA Nations League
2018-11-17,Australia,South Korea,1805.0721113460193,1843.3264204889813,1,61.74569085703797,1,1,Friendly
2018-11-17,Jordan,India,1582.4280249120773,1413.89031408672,1,268.5377108253572,2,1,Friendly
2018-11-17,Vanuatu,New Caledonia,1524.3082627392846,1566.039906001715,1,58.26835673756955,2,2,Friendly
2018-11-17,Malta,Kosovo,1242.346946108799,1535.3189853806932,1,-192.97203927189412,0,5,UEFA Nations League
2018-11-18,Barbados,United States Virgin Islands,1276.9214941519444,1036.7578219235165,1,340.1636722284279,3,0,CONCACAF Nations League qualification
2018-11-18,Saint Kitts and Nevis,Canada,1439.8189683051808,1666.3986666021758,1,-126.57969829699505,0,1,CONCACAF Nations League qualification
2018-11-18,Madagascar,Sudan,1488.3379334163246,1336.0102504347726,1,252.32768298155202,1,3,African Cup of Nations qualification
2018-11-18,Togo,Algeria,1490.117352234767,1629.6027392810279,1,-39.48538704626094,1,4,African Cup of Nations qualification
2018-11-18,Liberia,Zimbabwe,1420.2208028134285,1611.2797325024023,1,-91.05892968897388,1,0,African Cup of Nations qualification
2018-11-18,Mauritania,Botswana,1465.5428067954858,1437.6480920020472,1,127.89471479343865,2,1,African Cup of Nations qualification
2018-11-18,Eswatini,Niger,1341.4337202503664,1403.536455305459,1,37.89726494490742,1,2,African Cup of Nations qualification
2018-11-18,Mozambique,Zambia,1404.421269130658,1562.375417607374,1,-57.954148476716,1,0,African Cup of Nations qualification
2018-11-18,Lesotho,Tanzania,1357.6945106374205,1459.2901590227243,1,-1.5956483853037753,1,0,African Cup of Nations qualification
2018-11-18,Bahamas,Anguilla,1224.563947967417,967.301906449185,1,357.2620415182321,1,1,CONCACAF Nations League qualification
2018-11-18,Rwanda,Central African Republic,1406.2681693451273,1433.3373193047769,1,72.93085004035038,2,2,African Cup of Nations qualification
2018-11-18,Turks and Caicos Islands,Saint Vincent and the Grenadines,1140.766957496008,1289.902193772581,1,-49.135236276573096,3,2,CONCACAF Nations League qualification
2018-11-18,Angola,Burkina Faso,1413.6574585149199,1653.7466490801057,1,-140.08919056518585,2,1,African Cup of Nations qualification
2018-11-18,Greece,Estonia,1700.2431498757983,1524.166369681472,1,276.0767801943264,0,1,UEFA Nations League
2018-11-18,Switzerland,Belgium,1921.1329768684097,2134.315732594208,1,-113.18275572579819,5,2,UEFA Nations League
2018-11-18,England,Croatia,1995.0714760206147,1993.3610222538287,1,101.71045376678603,2,1,UEFA Nations League
2018-11-18,Northern Ireland,Austria,1695.709993903539,1784.7807981509845,1,10.929195752554506,1,2,UEFA Nations League
2018-11-18,Hungary,Finland,1635.084256229559,1686.6247926757098,1,48.45946355384922,2,0,UEFA Nations League
2018-11-18,San Marino,Belarus,933.7986266075496,1570.359898650997,1,-536.5612720434474,0,2,UEFA Nations League
2018-11-18,Yorkshire,Panjab,1523.5751708315515,1584.6349272887317,1,38.94024354281987,5,4,Friendly
2018-11-18,Spain,Bosnia and Herzegovina,2064.4303192769153,1839.1917863134354,1,325.2385329634799,1,0,Friendly
2018-11-18,Ethiopia,Ghana,1396.9814934084475,1722.4583563011404,1,-225.4768628926929,0,2,African Cup of Nations qualification
2018-11-18,Congo,DR Congo,1489.2541160972964,1661.4411853212507,1,-72.18706922395427,1,1,African Cup of Nations qualification
2018-11-18,Guinea,Ivory Coast,1582.2990426138151,1696.5121845251097,1,-14.213141911294542,1,1,African Cup of Nations qualification
2018-11-18,Moldova,Luxembourg,1368.6667495319637,1378.8313070751844,1,89.83544245677922,1,1,UEFA Nations League
2018-11-19,Liechtenstein,Armenia,1184.8417276398645,1514.2599757291484,1,-229.4182480892839,2,2,UEFA Nations League
2018-11-19,Martinique,Antigua and Barbuda,1575.2988578841848,1369.5937395649014,1,305.70511831928343,4,2,CONCACAF Nations League qualification
2018-11-19,Curaçao,Guadeloupe,1469.1607477586545,1446.4371836749685,1,122.72356408368591,6,0,CONCACAF Nations League qualification
2018-11-19,Oman,Bahrain,1637.8798856750689,1533.1823004163211,1,204.69758525874772,2,1,Friendly
2018-11-19,Iceland,Qatar,1740.329295200215,1620.570831812187,0,119.75846338802808,2,2,Friendly
2018-11-19,North Macedonia,Gibraltar,1564.580500253135,1297.7908811278883,1,366.78961912524665,4,0,UEFA Nations League
2018-11-19,Bulgaria,Slovenia,1670.3314960534856,1605.3674006960205,1,164.9640953574651,1,1,UEFA Nations League
2018-11-19,Andorra,Latvia,1113.1832381034253,1370.7181959927157,1,-157.53495788929035,0,0,UEFA Nations League
2018-11-19,Cyprus,Norway,1475.1519667125249,1694.397176045151,1,-119.24520933262602,0,2,UEFA Nations League
2018-11-19,Denmark,Republic of Ireland,1944.8345322436307,1744.5613261687993,1,300.2732060748315,0,0,UEFA Nations League
2018-11-19,Czech Republic,Slovakia,1746.3931500063427,1803.828505267713,1,42.564644738629795,1,0,UEFA Nations League
2018-11-19,Germany,Netherlands,2000.0145508724224,2010.6459545017258,1,89.36859637069688,2,2,UEFA Nations League
2018-11-19,Georgia,Kazakhstan,1587.3754081745376,1387.0928674102497,1,300.2825407642879,2,1,UEFA Nations League
2018-11-20,Panama,Ecuador,1671.668239164505,1833.8931951287477,1,-62.22495596424278,1,2,Friendly
2018-11-20,Jordan,Saudi Arabia,1585.9418199004535,1675.7186705924112,1,10.223149308042366,1,1,Friendly
2018-11-20,South Korea,Uzbekistan,1845.0851276341036,1701.1878611368047,0,143.89726649729892,4,0,Friendly
2018-11-20,French Guiana,Guyana,1523.5600959005637,1441.4790758568477,1,182.08102004371608,2,1,CONCACAF Nations League qualification
2018-11-20,Nigeria,Uganda,1783.6600037566063,1599.1250094072889,1,284.53499434931746,0,0,Friendly
2018-11-20,Peru,Costa Rica,1950.2712976352343,1796.6087349202921,1,253.66256271494194,2,3,Friendly
2018-11-20,Japan,Kyrgyzstan,1835.596219066624,1448.4201953271777,1,487.17602373944624,4,0,Kirin Challenge Cup
2018-11-20,Tunisia,Morocco,1763.2825263910936,1807.2579373058177,1,56.02458908527592,0,1,Friendly
2018-11-20,Turkey,Ukraine,1745.8585653407006,1812.4967946937643,1,33.36177064693629,0,0,Friendly
2018-11-20,United Arab Emirates,Yemen,1624.784743597815,1346.3354282697885,1,378.4493153280264,2,0,Friendly
2018-11-20,Myanmar,Vietnam,1279.6015681700758,1451.7672364548641,1,-72.16566828478835,0,0,AFF Championship
2018-11-20,Cambodia,Laos,1000.1266167113645,968.1974033928351,1,131.92921331852938,3,1,AFF Championship
2018-11-20,Sint Maarten,Dominica,1295.4258153561605,1224.8027048367135,0,70.62311051944698,0,2,CONCACAF Nations League qualification
2018-11-20,South Africa,Paraguay,1631.3348459012159,1791.328728420237,1,-59.9938825190211,1,1,Friendly
2018-11-20,Iraq,Bolivia,1688.142471756091,1686.090395918839,1,102.052075837252,0,0,Friendly
2018-11-20,Kuwait,Syria,1496.9313940055065,1691.8095547870184,1,-94.87816078151195,1,2,Friendly
2018-11-20,France,Uruguay,2146.913002639641,1977.709595464944,1,269.2034071746971,1,0,Friendly
2018-11-20,Iran,Venezuela,1916.596268280175,1805.6883311302167,0,110.90793714995834,1,1,Friendly
2018-11-20,Portugal,Poland,2024.3648129287153,1799.0031893876576,1,325.3616235410577,1,1,UEFA Nations League
2018-11-20,Sweden,Russia,1884.2478181391295,1819.9360512328487,1,164.3117669062808,2,0,UEFA Nations League
2018-11-20,Scotland,Israel,1757.309110543976,1602.7007274785194,1,254.60838306545656,3,2,UEFA Nations League
2018-11-20,Montenegro,Romania,1635.7523050918287,1770.799533433064,1,-35.04722834123527,0,1,UEFA Nations League
2018-11-20,Serbia,Lithuania,1837.0127894849766,1391.2026313146325,1,545.810158170344,4,1,UEFA Nations League
2018-11-20,Kosovo,Azerbaijan,1550.1818853498953,1468.5559316751317,1,181.62595367476365,4,0,UEFA Nations League
2018-11-20,Malta,Faroe Islands,1227.484046139597,1309.6646769954355,1,17.819369144161556,1,1,UEFA Nations League
2018-11-20,Italy,United States,1928.1745159588265,1840.0110510220711,0,88.16346493675542,1,0,Friendly
2018-11-20,Argentina,Mexico,1968.0236497157798,1861.798978136759,1,206.22467157902088,2,0,Friendly
2018-11-20,Australia,Lebanon,1803.313404200897,1589.5286108048845,1,313.78479339601245,3,0,Friendly
2018-11-20,Brazil,Cameroon,2189.0054110147903,1699.733601795027,0,489.2718092197633,1,0,Friendly
2018-11-20,Chile,Honduras,1914.5066509859523,1700.84280072787,1,313.6638502580822,4,1,Friendly
2018-11-20,China,Palestine,1638.3029632636683,1527.694683369407,1,210.6082798942614,1,1,Friendly
2018-11-20,El Salvador,Haiti,1577.5011986977613,1677.2581339040835,1,0.2430647936778314,1,0,Friendly
2018-11-20,Albania,Wales,1562.0920089725635,1811.9815790192015,1,-149.88957004663803,1,0,Friendly
2018-11-21,Singapore,Timor-Leste,1251.627390177832,870.7190194444904,1,480.9083707333416,6,1,AFF Championship
2018-11-21,Philippines,Thailand,1395.0062210972844,1534.7730024765294,1,-39.766781379245,1,1,AFF Championship
2018-11-24,Vietnam,Cambodia,1448.6956404338132,1014.4711157181903,1,534.2245247156229,3,0,AFF Championship
2018-11-24,Malaysia,Myanmar,1261.002320983469,1282.6731641911267,1,78.32915679234225,3,0,AFF Championship
2018-11-25,Indonesia,Philippines,1351.1288357969834,1396.715632779424,1,54.413203017559454,0,0,AFF Championship
2018-11-25,Thailand,Singapore,1533.06359079439,1255.1709714570825,1,377.89261933730745,3,0,AFF Championship
2018-12-01,Malaysia,Thailand,1281.4325422875693,1538.4179775841922,1,-156.98543529662288,0,0,AFF Championship
2018-12-02,Philippines,Vietnam,1399.0458191651398,1451.0129937357626,1,48.032825429377226,1,2,AFF Championship
2018-12-05,Thailand,Malaysia,1532.066817922855,1287.7837019489064,1,344.2831159739487,2,2,AFF Championship
2018-12-06,Vietnam,Philippines,1468.0736259528235,1381.985186948079,1,186.0884390047445,2,1,AFF Championship
2018-12-11,Malaysia,Vietnam,1299.1500583466427,1475.7288106277547,1,-76.57875228111197,2,2,AFF Championship
2018-12-13,Oman,Tajikistan,1642.586923193223,1373.9580018939398,1,368.6289212992831,2,1,Friendly
2018-12-15,Vietnam,Malaysia,1472.4751590010012,1302.4037099733962,1,270.071449027605,1,0,AFF Championship
2018-12-16,Oman,Tajikistan,1644.7264628698692,1371.8184622172935,1,372.90800065257577,1,0,Friendly
2018-12-16,Palestine,Pakistan,1533.1090039748012,1144.659919568415,0,388.4490844063862,2,0,Friendly
2018-12-20,Bahrain,Tajikistan,1528.475262898167,1369.7255329660295,1,258.7497299321376,5,0,Friendly
2018-12-20,Jordan,Kyrgyzstan,1585.6476589010476,1445.2090910149573,0,140.43856788609037,0,1,Friendly
2018-12-23,Qatar,Jordan,1623.8874344564533,1571.8121646164468,1,152.0752698400065,2,0,Friendly
2018-12-24,Iraq,China,1685.2868336847614,1632.888642658274,0,52.39819102648744,2,1,Friendly
2018-12-24,Palestine,Iran,1536.0056795211176,1913.5082653012694,0,-377.5025857801518,1,1,Friendly
2018-12-25,Vietnam,North Korea,1477.707602424368,1576.509871335183,1,1.1977310891847992,1,1,Friendly
2018-12-25,Qatar,Kyrgyzstan,1632.711294685597,1459.044585299558,1,273.666709386039,1,0,Friendly
2018-12-25,Afghanistan,Turkmenistan,1329.9181170741397,1389.996626385934,0,-60.07850931179428,0,2,Friendly
2018-12-27,Bahrain,Lebanon,1535.835235391587,1584.5905639144455,1,51.24467147714154,1,0,Friendly
2018-12-27,India,Oman,1410.3765190983438,1646.8193921211332,0,-236.4428730227894,0,0,Friendly
2018-12-27,Qatar,Algeria,1636.1403892737837,1660.6420935832416,1,75.49829569054214,0,1,Friendly
2018-12-28,China,Jordan,1624.3854527341234,1562.988304387303,0,61.39714834682036,1,1,Friendly
2018-12-28,Iraq,Palestine,1693.790023608912,1543.9617968140449,0,149.82822679486708,1,0,Friendly
2018-12-28,United Arab Emirates,Kuwait,1627.8355994540061,1489.5962905394051,1,238.239308914601,0,2,Friendly
2018-12-29,Bahrain,North Korea,1544.3708984478462,1576.5443446705126,1,67.82655377733363,4,0,Friendly
2018-12-30,Yemen,Syria,1343.2845724135973,1699.1446582531198,0,-355.8600858395225,0,1,Friendly
2018-12-30,Australia,Oman,1808.2514510913359,1640.9007063063414,0,167.3507447849945,5,0,Friendly
2018-12-31,South Korea,Saudi Arabia,1856.4849904252276,1676.012831591817,0,180.4721588334105,0,0,Friendly
2018-12-31,Philippines,Vietnam,1374.3300022731478,1477.6731290890384,0,-103.34312681589063,2,4,Friendly
2018-12-31,Qatar,Iran,1624.0009429750944,1905.552148008342,1,-181.5512050332477,1,2,Friendly
2018-12-31,Kyrgyzstan,Palestine,1455.6154907113714,1538.0253700719506,0,-82.40987936057923,2,1,Friendly
2019-01-02,Oman,Thailand,1629.8523740905289,1520.7004615251187,0,109.15191256541016,2,0,Friendly
2019-01-05,United Arab Emirates,Bahrain,1603.907335891312,1559.5063160642585,1,144.40101982705346,1,1,AFC Asian Cup
2019-01-06,Thailand,India,1510.2637751053035,1416.2952049131356,0,93.96857019216782,1,4,AFC Asian Cup
2019-01-06,Australia,Jordan,1819.2997833071483,1564.7372882508685,0,254.5624950562799,0,1,AFC Asian Cup
2019-01-06,Syria,Palestine,1701.4287484315885,1525.6969272565138,0,175.73182117507463,0,0,AFC Asian Cup
2019-01-07,China,Kyrgyzstan,1622.636468870558,1467.9439335268082,0,154.6925353437498,2,1,AFC Asian Cup
2019-01-07,South Korea,Philippines,1851.7123087029884,1363.6645986870028,0,488.04771001598556,1,0,AFC Asian Cup
2019-01-07,Iran,Yemen,1910.755518831114,1341.0004822351286,0,569.7550365959853,5,0,AFC Asian Cup
2019-01-08,Saudi Arabia,North Korea,1680.7855133140563,1561.4089270541003,0,119.37658625995596,4,0,AFC Asian Cup
2019-01-08,Finland,Sweden,1667.242844169929,1896.8351851351008,0,-229.59234096517184,1,0,Friendly
2019-01-08,Iraq,Vietnam,1699.7264503510062,1488.3385326751834,0,211.3879176758228,3,2,AFC Asian Cup
2019-01-09,Qatar,Lebanon,1618.7975721523226,1576.0549008581863,0,42.742671294136244,2,0,AFC Asian Cup
2019-01-09,Japan,Turkmenistan,1838.8073233788443,1402.4283757433907,0,436.37894763545364,3,2,AFC Asian Cup
2019-01-09,Uzbekistan,Oman,1689.7879983456808,1640.2890605103441,0,49.49893783533662,2,1,AFC Asian Cup
2019-01-10,Bahrain,Thailand,1569.3371593117527,1454.961330728127,0,114.37582858362566,0,1,AFC Asian Cup
2019-01-10,Jordan,Syria,1605.354992208109,1689.762152479616,0,-84.40716027150688,2,0,AFC Asian Cup
2019-01-10,United Arab Emirates,India,1594.0764926438178,1471.5976492903121,1,222.47884335350568,2,0,AFC Asian Cup
2019-01-11,Kyrgyzstan,South Korea,1453.3934131367243,1854.553148773553,0,-401.1597356368286,0,1,AFC Asian Cup
2019-01-11,Philippines,China,1360.8237586164382,1637.186989260642,0,-276.36323064420367,0,3,AFC Asian Cup
2019-01-11,Iceland,Sweden,1737.0126925559487,1881.0460973438094,0,-144.03340478786072,2,2,Friendly
2019-01-11,Estonia,Finland,1549.0815837644354,1683.0319319612204,0,-133.95034819678494,2,1,Friendly
2019-01-11,Palestine,Australia,1537.3635232084864,1778.6820793499078,0,-241.31855614142137,0,3,AFC Asian Cup
2019-01-12,Vietnam,Iran,1476.9139399717217,1914.382681667618,0,-437.46874169589637,0,2,AFC Asian Cup
2019-01-12,Yemen,Iraq,1337.3733193986245,1711.151043054468,0,-373.7777236558434,0,3,AFC Asian Cup
2019-01-12,Lebanon,Saudi Arabia,1543.1451404864183,1712.1598095581057,0,-169.01466907168742,0,2,AFC Asian Cup
2019-01-13,North Korea,Qatar,1530.0346308100509,1651.7073325240906,0,-121.6727017140397,0,6,AFC Asian Cup
2019-01-13,Oman,Japan,1618.8268913173026,1842.5583866013396,0,-223.731495284037,0,1,AFC Asian Cup
2019-01-13,Turkmenistan,Uzbekistan,1398.6773125208954,1711.2501675387223,0,-312.5728550178269,0,4,AFC Asian Cup
2019-01-14,India,Bahrain,1455.290204738088,1536.3921131677084,0,-81.10190842962038,0,1,AFC Asian Cup
2019-01-14,United Arab Emirates,Thailand,1610.3839371960419,1487.9063768721712,1,222.47756032387065,1,1,AFC Asian Cup
2019-01-15,Palestine,Jordan,1519.9033459655152,1651.790264200772,0,-131.88691823525687,0,0,AFC Asian Cup
2019-01-15,Estonia,Iceland,1562.756674036987,1740.9360814638665,0,-178.17940742687938,0,0,Friendly
2019-01-15,Australia,Syria,1796.142256592879,1643.3268804869529,0,152.81537610592613,3,2,AFC Asian Cup
2019-01-16,Vietnam,Yemen,1471.3199077922213,1328.2577180922272,0,143.06218969999418,2,0,AFC Asian Cup
2019-01-16,South Korea,China,1859.0710918836937,1651.9973160070235,0,207.0737758766702,2,0,AFC Asian Cup
2019-01-16,Kyrgyzstan,Philippines,1448.8754700265836,1346.0134318700566,0,102.86203815652698,3,1,AFC Asian Cup
2019-01-16,Iran,Iraq,1919.9767138471184,1720.2666443608653,0,199.71006948625313,0,0,AFC Asian Cup
2019-01-17,Japan,Uzbekistan,1853.3687930158765,1724.5565356166016,0,128.8122573992748,2,1,AFC Asian Cup
2019-01-17,Oman,Turkmenistan,1608.0164849027658,1385.370944443016,0,222.64554045974978,3,1,AFC Asian Cup
2019-01-17,Lebanon,North Korea,1522.5728246470146,1494.7891067662947,0,27.783717880719905,4,1,AFC Asian Cup
2019-01-17,Saudi Arabia,Qatar,1732.7321253975094,1686.9528565678468,0,45.77926882966267,0,2,AFC Asian Cup
2019-01-20,Thailand,China,1502.0346843345196,1634.5298760309988,0,-132.4951916964792,1,2,AFC Asian Cup
2019-01-20,Jordan,Vietnam,1642.7312400779342,1494.1959873769877,0,148.53525270094656,1,1,AFC Asian Cup
2019-01-20,Iran,Oman,1907.0046061383239,1624.311686855304,0,282.6929192830198,2,0,AFC Asian Cup
2019-01-21,Australia,Uzbekistan,1810.8045026197663,1708.42275684505,0,102.38174577471636,0,0,AFC Asian Cup
2019-01-21,Japan,Saudi Arabia,1869.5025717874282,1690.3193986551198,0,179.1831731323084,1,0,AFC Asian Cup
2019-01-21,United Arab Emirates,Kyrgyzstan,1596.2556297336935,1475.5865876028658,1,220.66904213082762,3,2,AFC Asian Cup
2019-01-22,South Korea,Bahrain,1876.5385318597184,1555.660097237006,0,320.87843462271235,2,1,AFC Asian Cup
2019-01-22,Qatar,Iraq,1729.3655833102364,1733.2387520696598,0,-3.873168759423379,1,0,AFC Asian Cup
2019-01-24,China,Iran,1650.432854340916,1919.3195330426581,0,-268.8866787017421,0,3,AFC Asian Cup
2019-01-24,Vietnam,Japan,1504.2771291235554,1882.6426171291082,0,-378.36548800555283,0,1,AFC Asian Cup
2019-01-25,United Arab Emirates,Australia,1607.2161548589531,1803.643626113739,1,-96.42747125478581,1,0,AFC Asian Cup
2019-01-25,South Korea,Qatar,1883.3490737496766,1754.644268661032,0,128.70480508864466,0,1,AFC Asian Cup
2019-01-27,United States,Panama,1832.4955011997033,1663.440310751025,1,269.05519044867833,3,0,Friendly
2019-01-28,Iran,Japan,1934.666946923441,1887.7295814342067,0,46.93736548923425,0,3,AFC Asian Cup
2019-01-29,United Arab Emirates,Qatar,1638.981837356674,1788.5037298082566,1,-49.52189245158252,0,4,AFC Asian Cup
2019-02-01,Japan,Qatar,1937.3543606146195,1828.7422621233502,0,108.61209849126931,1,3,AFC Asian Cup
2019-02-02,United States,Costa Rica,1838.62955780705,1812.8399973807923,1,125.78956042625782,2,0,Friendly
2019-02-21,Kazakhstan,Moldova,1382.569731669535,1364.8724262140033,0,17.697305455531705,1,0,Friendly
2019-02-23,Sint Maarten,Saint Barthélemy,1259.4103486017311,1422.8997326990857,1,-63.48938409735456,1,1,Friendly
2019-02-27,Cuba,Bermuda,1486.4794405775035,1451.0222252884778,1,135.45721528902573,5,0,Friendly
2019-03-03,Bolivia,Nicaragua,1688.9460339901686,1386.133649192452,1,402.81238479771673,2,2,Friendly
2019-03-04,Barbados,Grenada,1285.5782917559447,1243.3104945369382,0,42.267797219006525,3,0,Friendly
2019-03-06,El Salvador,Guatemala,1587.4942027317707,1574.9596636503395,0,12.534539081431149,3,1,Friendly
2019-03-09,Cambodia,Bangladesh,1012.1537624162409,1016.9141803282641,1,95.23958208797671,0,1,Friendly
2019-03-16,Bahamas,Turks and Caicos Islands,1209.0995735815086,1163.576702035697,1,145.52287154581154,6,1,Friendly
2019-03-17,Saint Barthélemy,Saint Martin,1421.0924336515634,1117.0790135055831,1,404.01342014598026,4,3,Friendly
2019-03-18,Fiji,New Caledonia,1501.985797934884,1567.7014553532752,1,34.284342581608826,3,0,Friendly
2019-03-18,Solomon Islands,Vanuatu,1511.3756645291064,1522.6467133877245,1,88.72895114138191,3,1,Friendly
2019-03-19,Myanmar,Taiwan,1262.2429428870264,1180.4422928936654,1,181.80064999336105,0,0,Friendly
2019-03-20,Germany,Serbia,1996.2390996585627,1839.1868253691323,1,257.05227428943044,1,1,Friendly
2019-03-20,Wales,Trinidad and Tobago,1797.9165318134192,1569.3604539991231,1,328.55607781429603,1,0,Friendly
2019-03-21,British Virgin Islands,Turks and Caicos Islands,949.8351621867286,1151.4959001643365,0,-201.66073797760794,2,2,CONCACAF Nations League qualification
2019-03-21,Kazakhstan,Scotland,1392.060802348045,1762.9372802867463,1,-270.8764779387013,3,0,UEFA Euro qualification
2019-03-21,Belgium,Russia,2099.80455922099,1807.3486842368775,1,392.4558749841126,3,1,UEFA Euro qualification
2019-03-21,Cyprus,San Marino,1460.084725923892,931.8377069393619,1,628.2470189845301,5,0,UEFA Euro qualification
2019-03-21,North Macedonia,Latvia,1570.655089145876,1364.3475778816626,1,306.3075112642134,3,1,UEFA Euro qualification
2019-03-21,Austria,Poland,1800.2524938863087,1810.007104694956,1,90.24538919135261,0,1,UEFA Euro qualification
2019-03-21,Slovakia,Hungary,1790.6570297827375,1654.46620473534,1,236.19082504739754,2,0,UEFA Euro qualification
2019-03-21,Israel,Slovenia,1597.0725577357491,1611.9985008606259,1,85.07405687512323,1,1,UEFA Euro qualification
2019-03-21,Netherlands,Belarus,2014.4214057155855,1572.3208183191848,1,542.1005873964007,4,0,UEFA Euro qualification
2019-03-21,Kosovo,Denmark,1564.8117075229632,1934.3578743930755,1,-269.5461668701123,2,2,Friendly
2019-03-21,Kuwait,Nepal,1513.5245541020993,1102.0962352626257,1,511.4283188394736,0,0,Friendly
2019-03-21,Mauritius,New Caledonia,1229.504400252634,1551.9227417530808,0,-322.4183415004468,3,1,Friendly
2019-03-21,Croatia,Azerbaijan,1982.630929283091,1453.9261095020638,1,628.7048197810273,2,1,UEFA Euro qualification
2019-03-21,United States,Ecuador,1848.4242618076617,1842.1211235422277,1,106.30313826543397,1,0,Friendly
2019-03-21,Northern Ireland,Estonia,1680.238298168215,1567.478236492991,1,212.76006167522382,2,0,UEFA Euro qualification
2019-03-21,United Arab Emirates,Saudi Arabia,1598.7433050415805,1677.1793533134398,1,21.563951728140637,2,1,Friendly
2019-03-22,Moldova,France,1355.3813555354934,2150.415712031535,1,-695.0343564960415,1,4,UEFA Euro qualification
2019-03-22,Tunisia,Eswatini,1751.6838415335044,1319.2607891985751,1,532.4230523349293,4,0,African Cup of Nations qualification
2019-03-22,Burkina Faso,Mauritania,1626.0928202522255,1478.4960477645093,1,247.59677248771618,1,0,African Cup of Nations qualification
2019-03-22,Nigeria,Seychelles,1776.914982879963,1140.7961619341115,1,736.1188209458514,3,1,African Cup of Nations qualification
2019-03-22,Algeria,Gambia,1672.781539881931,1417.4040692740855,1,355.37747060784545,1,1,African Cup of Nations qualification
2019-03-22,Malawi,Morocco,1386.5508841274177,1818.8566221634069,1,-332.3057380359892,0,0,African Cup of Nations qualification
2019-03-22,Sudan,Equatorial Guinea,1384.6333611359296,1404.7625702831263,1,79.87079085280334,1,4,African Cup of Nations qualification
2019-03-22,Saint Lucia,Aruba,1331.6523046401724,1215.115040357207,0,116.53726428296545,3,2,CONCACAF Nations League qualification
2019-03-22,Cayman Islands,Montserrat,1174.1671718817902,1154.632800505395,1,119.53437137639526,1,2,CONCACAF Nations League qualification
2019-03-22,Saint Vincent and the Grenadines,Bonaire,1267.092449232892,1265.1096866170574,1,101.98276261583464,2,1,CONCACAF Nations League qualification
2019-03-22,Anguilla,United States Virgin Islands,982.7662808350935,1028.1010243195162,1,54.66525651557731,0,3,CONCACAF Nations League qualification
2019-03-22,Botswana,Angola,1424.6948510330237,1441.3112873428001,1,83.38356369022358,0,1,African Cup of Nations qualification
2019-03-22,Albania,Turkey,1576.1570561783458,1744.901276779951,1,-68.74422060160532,0,2,UEFA Euro qualification
2019-03-22,Luxembourg,Lithuania,1382.6256303931448,1389.0285954304768,1,93.59703496266798,2,1,UEFA Euro qualification
2019-03-22,Portugal,Ukraine,2013.3608976214168,1813.4540832545138,1,299.90681436690306,0,0,UEFA Euro qualification
2019-03-22,England,Czech Republic,2005.8015689913523,1759.564625491318,1,346.23694350003416,5,0,UEFA Euro qualification
2019-03-22,Bulgaria,Montenegro,1663.7003958888802,1622.2603041202408,1,141.44009176863938,1,1,UEFA Euro qualification
2019-03-22,Peru,Paraguay,1934.0400351747342,1789.6189257741144,0,144.4211094006198,1,0,Friendly
2019-03-22,Mexico,Chile,1854.7857705380363,1919.4476514636387,0,-64.66188092560242,3,1,Friendly
2019-03-22,South Korea,Bolivia,1849.4896126024519,1680.7376331247772,1,268.7519794776747,1,0,Friendly
2019-03-22,Japan,Colombia,1888.498973376834,2026.0664159117093,1,-37.56744253487523,0,1,Kirin Challenge Cup
2019-03-22,Guatemala,Costa Rica,1560.5005885396847,1803.0452933801807,1,-142.54470484049602,1,0,Friendly
2019-03-22,Argentina,Venezuela,1975.0368573145024,1808.7763341091224,0,166.26052320537997,1,3,Friendly
2019-03-22,Andorra,Iceland,1119.5538562144784,1736.2145190078625,1,-516.6606627933841,0,2,UEFA Euro qualification
2019-03-23,Guyana,Belize,1431.09579862122,1359.680778397336,1,171.41502022388386,2,1,CONCACAF Nations League qualification
2019-03-23,Dominica,Bahamas,1260.8181715911428,1221.1803754528692,1,139.63779613827364,4,0,CONCACAF Nations League qualification
2019-03-23,Sint Maarten,Saint Martin,1261.2176476492534,1115.2986594325746,0,145.91898821667883,4,3,CONCACAF Nations League qualification
2019-03-23,Antigua and Barbuda,Curaçao,1360.784666749009,1497.2432970526086,1,-36.45863030359965,2,1,CONCACAF Nations League qualification
2019-03-23,Zambia,Namibia,1539.0699094801928,1491.3678815554024,1,147.7020279247904,4,1,African Cup of Nations qualification
2019-03-23,Burundi,Gabon,1479.9793148551885,1495.9495281117995,1,84.02978674338897,1,1,African Cup of Nations qualification
2019-03-23,Ivory Coast,Rwanda,1695.694466413573,1402.1305266686168,1,393.5639397449563,3,0,African Cup of Nations qualification
2019-03-23,Guinea-Bissau,Mozambique,1427.015285661843,1427.726777257839,1,99.288508404004,2,2,African Cup of Nations qualification
2019-03-23,Vatican City,Raetia,1424.1734355445687,1326.974236872041,1,197.1991986725277,2,2,Friendly
2019-03-23,Alderney,Jersey,1065.6847710896668,1747.9737191625534,1,-582.2889480728866,0,2,Muratti Vase
2019-03-23,Niger,Egypt,1425.7093863572502,1717.6962890102832,1,-191.98690265303298,1,1,African Cup of Nations qualification
2019-03-23,Guadeloupe,Martinique,1418.3546343810144,1584.1079307000773,1,-65.75329631906288,0,1,CONCACAF Nations League qualification
2019-03-23,Ghana,Kenya,1735.3289786564153,1525.678877298785,1,309.6501013576303,1,0,African Cup of Nations qualification
2019-03-23,Suriname,Saint Kitts and Nevis,1413.2995557663633,1426.7993380412513,1,86.50021772511195,2,0,CONCACAF Nations League qualification
2019-03-23,Cameroon,Comoros,1698.6047944533593,1270.6073076519804,1,527.997486801379,3,0,African Cup of Nations qualification
2019-03-23,Malaysia,Afghanistan,1297.1712665500295,1317.486367716683,1,79.68489883334655,2,1,Friendly
2019-03-23,Oman,Singapore,1611.9967599509698,1249.8165846672803,0,362.18017528368955,1,1,Friendly
2019-03-23,Georgia,Switzerland,1591.8985439152523,1955.6441502416278,1,-263.74560632637554,0,2,UEFA Euro qualification
2019-03-23,Gibraltar,Republic of Ireland,1291.7162922351472,1755.0379840193546,1,-363.32169178420736,0,1,UEFA Euro qualification
2019-03-23,Malta,Faroe Islands,1226.7153959880516,1310.433327146981,1,16.282068841070668,2,1,UEFA Euro qualification
2019-03-23,Mali,South Sudan,1636.3182305080418,1197.0816838754993,1,539.2365466325425,3,0,African Cup of Nations qualification
2019-03-23,Brazil,Panama,2190.134218356458,1657.3062541436782,0,532.8279642127798,1,1,Friendly
2019-03-23,Spain,Norway,2067.096012382969,1709.4644168337838,1,457.63159554918525,2,1,UEFA Euro qualification
2019-03-23,Bosnia and Herzegovina,Armenia,1836.5260932073816,1505.5813427430826,1,430.944750464299,2,1,UEFA Euro qualification
2019-03-23,Italy,Finland,1935.6900657811943,1669.3568416886687,1,366.3332240925256,2,0,UEFA Euro qualification
2019-03-23,Liechtenstein,Greece,1193.5203606259304,1675.3279357928348,1,-381.80757516690437,0,2,UEFA Euro qualification
2019-03-23,Senegal,Madagascar,1856.7314535274581,1439.7148227151677,1,517.0166308122905,2,0,African Cup of Nations qualification
2019-03-23,Sweden,Romania,1877.1227084358916,1784.2915344046519,1,192.8311740312397,2,1,UEFA Euro qualification
2019-03-24,Central African Republic,Guinea,1437.4749619812874,1583.1167607253517,1,-45.64179874406432,0,0,African Cup of Nations qualification
2019-03-24,Tanzania,Uganda,1439.1983067638764,1605.8700302839322,1,-66.67172352005582,3,0,African Cup of Nations qualification
2019-03-24,British Virgin Islands,Bonaire,960.294665713145,1250.8172979316707,0,-290.5226322185257,1,2,CONCACAF Nations League qualification
2019-03-24,Puerto Rico,Grenada,1224.6504426288743,1227.9290418656203,1,96.721400763254,0,2,CONCACAF Nations League qualification
2019-03-24,Canada,French Guiana,1679.4182968661053,1533.9433731361914,1,245.47492372991383,4,1,CONCACAF Nations League qualification
2019-03-24,Barbados,Nicaragua,1300.9597444272626,1394.3420500578434,1,6.617694369419269,0,1,CONCACAF Nations League qualification
2019-03-24,Haiti,Cuba,1667.2651298700741,1499.0543533129382,1,268.2107765571359,2,1,CONCACAF Nations League qualification
2019-03-24,El Salvador,Jamaica,1601.9532778424255,1677.1317208865025,1,24.821556955922915,2,0,CONCACAF Nations League qualification
2019-03-24,DR Congo,Liberia,1657.3445436952481,1445.3457646949971,1,311.99877900025103,1,0,African Cup of Nations qualification
2019-03-24,Cape Verde,Lesotho,1518.6108879425246,1377.7863628962684,1,240.8245250462562,0,0,African Cup of Nations qualification
2019-03-24,Zimbabwe,Congo,1586.1547706208337,1493.350757723299,1,192.80401289753468,2,0,African Cup of Nations qualification
2019-03-24,Dominican Republic,Bermuda,1450.0405484601426,1438.447312553043,1,111.5932359070996,1,3,CONCACAF Nations League qualification
2019-03-24,Libya,South Africa,1587.8196133166218,1633.0446485473385,0,-45.225035230716685,1,2,African Cup of Nations qualification
2019-03-24,Slovenia,North Macedonia,1616.8001727612216,1579.4381318804908,1,137.36204088073077,1,1,UEFA Euro qualification
2019-03-24,Cyprus,Belgium,1462.1786164379123,2105.4783073832114,1,-543.2996909452991,0,2,UEFA Euro qualification
2019-03-24,Taiwan,Solomon Islands,1185.2444479119904,1522.626091492545,1,-237.3816435805545,0,1,Friendly
2019-03-24,Fiji,Mauritius,1517.7645115350783,1255.4492632777399,1,362.31524825733845,1,0,Friendly
2019-03-24,Northern Ireland,Belarus,1693.8644441253862,1569.150852323614,1,224.71359180177228,2,1,UEFA Euro qualification
2019-03-24,Benin,Togo,1523.6577883786185,1459.0779979325532,1,164.57979044606532,2,1,African Cup of Nations qualification
2019-03-24,Wales,Slovakia,1800.5384106937058,1802.915118018952,1,97.62329267475388,1,0,UEFA Euro qualification
2019-03-24,Netherlands,Germany,2017.5913717111564,1989.9485186289558,1,127.64285308220042,2,3,UEFA Euro qualification
2019-03-24,Israel,Austria,1592.2708858351534,1775.1713142723236,1,-82.90042843717015,4,2,UEFA Euro qualification
2019-03-24,Poland,Latvia,1835.0882843089412,1355.5645351470478,1,579.5237491618934,2,0,UEFA Euro qualification
2019-03-24,San Marino,Scotland,929.7438164253415,1705.0996753361917,1,-675.3558589108502,0,2,UEFA Euro qualification
2019-03-24,Kazakhstan,Russia,1449.8984072985995,1801.674936074656,1,-251.77652877605647,0,4,UEFA Euro qualification
2019-03-24,Hungary,Croatia,1642.2081164991255,1983.675191077562,1,-241.4670745784365,2,1,UEFA Euro qualification
2019-03-25,Portugal,Serbia,1999.4028308570385,1845.4774063987393,1,253.9254244582994,1,1,UEFA Euro qualification
2019-03-25,Andorra,Albania,1116.6373756645926,1552.016641979737,1,-335.3792663151444,0,3,UEFA Euro qualification
2019-03-25,France,Iceland,2151.673585826273,1739.1309995577483,1,512.5425862685249,4,0,UEFA Euro qualification
2019-03-25,Luxembourg,Ukraine,1397.3644146233355,1827.4121500188921,1,-330.04773539555663,1,2,UEFA Euro qualification
2019-03-25,Montenegro,England,1629.980409351253,2015.395911140478,1,-285.4155017892249,1,5,UEFA Euro qualification
2019-03-25,Turkey,Moldova,1769.04169097856,1354.1234817407549,1,514.9182092378051,4,0,UEFA Euro qualification
2019-03-25,Saudi Arabia,Equatorial Guinea,1667.799217993963,1447.6697968019876,1,320.12942119197555,3,2,Friendly
2019-03-25,Myanmar,Indonesia,1257.4407878687014,1348.7986494112674,1,8.64213845743393,0,2,Friendly
2019-03-25,Kuwait,Nepal,1504.524954053208,1111.095835311517,1,493.4291187416909,1,0,Friendly
2019-03-25,Azerbaijan,Lithuania,1452.881847707593,1374.289811200286,1,178.59203650730683,0,0,Friendly
2019-03-25,Catalonia,Venezuela,1642.7170237962582,1830.4523927884284,1,-87.73536899217015,2,1,Friendly
2019-03-25,Kosovo,Bulgaria,1571.3146952299044,1655.980290657868,1,15.33440457203642,1,1,UEFA Euro qualification
2019-03-26,Senegal,Mali,1859.6422536163043,1639.323936176493,1,320.3183174398114,2,1,Friendly
2019-03-26,United Arab Emirates,Syria,1608.1234403610572,1628.6646344600656,1,79.45880590099159,0,0,Friendly
2019-03-26,United States,Chile,1855.4566428551539,1901.687765609268,1,53.76887724588596,1,1,Friendly
2019-03-26,Republic of Ireland,Georgia,1759.4352174163248,1581.1153093523224,1,278.31990806400245,1,0,UEFA Euro qualification
2019-03-26,Switzerland,Denmark,1966.4273848045577,1927.8548866861343,1,138.57249811842348,3,3,UEFA Euro qualification
2019-03-26,Romania,Faroe Islands,1774.3768887742483,1291.3699128311696,1,583.0069759430787,4,1,UEFA Euro qualification
2019-03-26,Peru,El Salvador,1940.1072090748833,1629.8136512984115,0,310.29355777647174,0,2,Friendly
2019-03-26,Bosnia and Herzegovina,Greece,1839.6149358657037,1681.324499567314,1,258.29043629838975,2,2,UEFA Euro qualification
2019-03-26,Italy,Liechtenstein,1942.1848277673669,1187.5237968514512,1,854.6610309159157,6,0,UEFA Euro qualification
2019-03-26,Armenia,Finland,1502.4925000847604,1662.8620797024962,1,-60.36957961773578,0,2,UEFA Euro qualification
2019-03-26,Malta,Spain,1245.7788103038629,2069.7744459235096,1,-723.9956356196467,0,2,UEFA Euro qualification
2019-03-26,Paraguay,Mexico,1783.5517518739653,1872.5456563924072,0,-88.99390451844192,2,4,Friendly
2019-03-26,Norway,Sweden,1706.7859832932434,1887.0373540662952,1,-80.2513707730518,3,3,UEFA Euro qualification
2019-03-26,Nicaragua,Guatemala,1414.7229491059525,1574.3876640139115,1,-59.66471490795902,0,1,Friendly
2019-03-26,Morocco,Argentina,1804.0028131725926,1953.3607986351965,1,-49.35798546260389,0,1,Friendly
2019-03-26,South Korea,Colombia,1852.9998364439653,2039.4507905631667,1,-86.45095411920147,2,1,Friendly
2019-03-26,Japan,Bolivia,1875.1145987253767,1677.2274092832638,1,297.8871894421129,1,0,Kirin Challenge Cup
2019-03-26,Ivory Coast,Liberia,1702.2757087228724,1439.6522631156697,1,362.6234456072027,1,0,Friendly
2019-03-26,Honduras,Ecuador,1695.9018002501837,1835.0887424947355,0,-139.1869422445518,0,0,Friendly
2019-03-26,Gibraltar,Estonia,1287.319058838177,1553.8520905358198,1,-166.53303169764285,0,1,Friendly
2019-03-26,Ghana,Mauritania,1741.088819933599,1470.7426505086084,1,370.34616942499065,3,1,Friendly
2019-03-26,Czech Republic,Brazil,1749.9702833421925,2181.0238283240988,1,-331.05354498190627,1,3,Friendly
2019-03-26,Costa Rica,Jamaica,1789.158217905954,1649.2713474305165,1,239.8868704754375,1,0,Friendly
2019-03-26,Algeria,Tunisia,1657.360974030663,1755.0273167694015,1,2.3336572612615782,1,0,Friendly
2019-03-26,Nigeria,Egypt,1777.7693133579266,1707.6472208619125,1,170.12209249601415,1,0,Friendly
2019-05-04,Yorkshire,Somaliland,1532.4590500800912,1489.112871996929,1,143.34617808316216,6,2,Friendly
2019-05-11,Guernsey,Jersey,1787.4436855841568,1749.49616799236,1,137.9475175917969,0,0,Muratti Vase
2019-05-25,Kernow,Barawa,1579.9173448461095,1363.9819193396793,1,315.9354255064302,5,0,Friendly
2019-05-25,Cascadia,Chagos Islands,1538.5317217856536,1391.4626567399853,1,247.06906504566837,6,3,Friendly
2019-05-25,Eswatini,Mauritius,1315.917313962678,1253.2392834031864,0,62.67803055949162,2,2,COSAFA Cup
2019-05-26,Mozambique,Namibia,1433.2916128816646,1470.4111234443571,0,-37.11951056269254,1,2,COSAFA Cup
2019-05-26,Malawi,Seychelles,1401.404693118232,1139.9418314561478,0,261.46286166208415,3,0,COSAFA Cup
2019-05-27,Eswatini,Comoros,1313.2402644239658,1267.4098888349292,0,45.83037558903652,2,2,COSAFA Cup
2019-05-28,Seychelles,Mozambique,1130.404370273695,1419.8881211592604,0,-289.48375088556554,0,0,COSAFA Cup
2019-05-28,Namibia,Malawi,1483.8146151667613,1410.942154300685,0,72.87246086607638,1,2,COSAFA Cup
2019-05-28,Laos,Sri Lanka,953.8529043860093,959.8559298366354,1,93.99697454937404,2,1,Friendly
2019-05-29,Panama,Basque Country,1666.4166441760374,1784.389362712008,1,-17.97271853597067,0,0,Friendly
2019-05-29,Comoros,Mauritius,1269.3771480777584,1255.9163329418986,0,13.460815135859775,2,1,COSAFA Cup
2019-05-30,Mozambique,Malawi,1409.6552537227979,1429.0429732543973,0,-19.387719531599487,1,1,COSAFA Cup
2019-05-30,Namibia,Seychelles,1465.713796213049,1140.6372377101575,0,325.07655850289143,3,0,COSAFA Cup
2019-05-30,Turkey,Greece,1772.7222388854373,1693.9486351827966,1,178.77360370264068,2,1,Friendly
2019-05-31,Laos,Sri Lanka,961.2115851481326,952.4972490745121,1,108.71433607362053,2,2,Friendly
2019-06-01,Venezuela,Ecuador,1817.9795071875408,1831.2840156741513,0,-13.30450848661053,1,1,Friendly
2019-06-01,Yorkshire,Parishes of Jersey,1543.884098794888,1508.0572335263903,1,135.8268652684976,1,0,Atlantic Heritage Cup
2019-06-01,Lesotho,Uganda,1389.7863823674654,1564.234893242742,0,-174.4485108752765,0,0,COSAFA Cup
2019-06-01,Zimbabwe,Comoros,1601.028488044276,1283.7962885759493,0,317.2321994683266,2,0,COSAFA Cup
2019-06-02,Padania,Székely Land,1720.7574985095657,1513.0953776067656,0,207.6621209028001,4,0,CONIFA European Football Cup
2019-06-02,Artsakh,Sápmi,1547.4824052502,1546.9187060373727,1,100.56369921282726,3,2,CONIFA European Football Cup
2019-06-02,Parishes of Jersey,Chagos Islands,1498.6398029735874,1384.6618047345864,1,213.97799823900095,9,2,Atlantic Heritage Cup
2019-06-02,Western Armenia,South Ossetia,1514.9410420982606,1401.803707730807,0,113.1373343674536,1,2,CONIFA European Football Cup
2019-06-02,Turkey,Uzbekistan,1777.987397472978,1715.5836333510772,1,162.40376412190085,2,0,Friendly
2019-06-02,Abkhazia,Chameria,1610.0033878747352,1500.0,0,110.00338787473515,3,1,CONIFA European Football Cup
2019-06-02,Luxembourg,Madagascar,1392.1596568165737,1436.8040226263215,1,55.3556341902522,3,3,Friendly
2019-06-02,Malaysia,Nepal,1304.9171369033932,1109.9922483126923,1,294.9248885907009,2,0,Friendly
2019-06-02,France,Bolivia,2155.4022921253786,1672.6510530722228,1,582.7512390531558,2,0,Friendly
2019-06-02,El Salvador,Haiti,1655.5074491906382,1674.3036286794907,0,-18.79617948885243,1,0,Friendly
2019-06-02,Zambia,Malawi,1560.026667591238,1428.2068058514305,0,131.8198617398075,2,2,COSAFA Cup
2019-06-02,South Africa,Botswana,1650.4558908370113,1399.984989154962,1,350.4709016820493,2,2,COSAFA Cup
2019-06-03,Colombia,Panama,2027.0126443141016,1666.9334796708667,1,460.0791646432349,3,0,Friendly
2019-06-03,Vanuatu,Tahiti,1511.396286424286,1540.9233291017383,1,70.4729573225477,2,0,Friendly
2019-06-03,Artsakh,Chameria,1558.258038394161,1484.3949713216712,1,173.8630670724899,1,4,CONIFA European Football Cup
2019-06-03,Sápmi,Abkhazia,1536.1430728934115,1625.608416553064,0,-89.46534365965249,0,1,CONIFA European Football Cup
2019-06-03,Székely Land,Western Armenia,1500.0288022220968,1495.2221384460652,0,4.806663776031655,0,5,CONIFA European Football Cup
2019-06-03,South Ossetia,Padania,1421.5226113830024,1733.8240738942345,0,-312.3014625112321,2,1,CONIFA European Football Cup
2019-06-04,Padania,Western Armenia,1708.0878228660795,1525.637152682095,0,182.45067018398458,1,1,CONIFA European Football Cup
2019-06-04,South Ossetia,Székely Land,1447.2588624111575,1469.613787986067,0,-22.354925574909657,2,2,CONIFA European Football Cup
2019-06-04,South Africa,Uganda,1638.9773080476618,1557.2783494431212,1,181.69895860454062,1,1,COSAFA Cup
2019-06-04,Artsakh,Abkhazia,1519.868832639136,1636.8290533101413,1,-16.960220671005345,1,1,CONIFA European Football Cup
2019-06-04,Comoros,Malawi,1277.5548196765733,1433.6397052250622,0,-156.08488554848896,1,2,COSAFA Cup
2019-06-04,Chameria,Sápmi,1522.7841770766963,1524.9224361363342,0,-2.138259059637903,4,0,CONIFA European Football Cup
2019-06-05,Portugal,Switzerland,1986.9310541305051,1958.8482015690927,1,128.0828525614122,3,1,UEFA Nations League
2019-06-05,United States,Jamaica,1853.9212881075682,1645.2540569904118,1,308.66723111715646,0,1,Friendly
2019-06-05,Paraguay,Honduras,1772.3120470493104,1699.7065270707678,1,172.6055199785426,1,1,Friendly
2019-06-05,Mexico,Venezuela,1883.785361217062,1818.3622546567062,0,65.42310656035579,3,1,Friendly
2019-06-05,Peru,Costa Rica,1914.4134111826565,1793.1755083460587,1,221.23790283659787,1,0,Friendly
2019-06-05,Brazil,Qatar,2184.907778312916,1877.5976493611356,1,407.31012895178037,2,0,Friendly
2019-06-05,Zimbabwe,Zambia,1607.269956943652,1554.5937682176063,0,52.676188726045666,0,0,COSAFA Cup
2019-06-05,Lesotho,Botswana,1396.7429261670861,1411.4635719443115,0,-14.7206457772254,1,2,COSAFA Cup
2019-06-05,Japan,Trinidad and Tobago,1879.6909549364177,1566.7385751188365,1,412.95237981758123,0,0,Kirin Challenge Cup
2019-06-06,Padania,Sápmi,1700.8630177848079,1496.6243457009075,0,204.23867208390038,4,0,CONIFA European Football Cup
2019-06-06,Mongolia,Brunei,1072.6220106316157,871.197734083475,1,301.4242765481407,2,0,FIFA World Cup qualification
2019-06-06,Macau,Sri Lanka,971.8427867739998,955.5280249116926,1,116.31476186230714,1,0,FIFA World Cup qualification
2019-06-06,Laos,Bangladesh,958.1808093109521,1029.5887379673325,1,28.592071343619637,0,1,FIFA World Cup qualification
2019-06-06,Cambodia,Pakistan,999.4792047771725,1141.7632440220987,1,-42.284039244926134,2,0,FIFA World Cup qualification
2019-06-06,Bhutan,Guam,831.1054591855326,1124.4835862523757,1,-193.37812706684315,1,0,FIFA World Cup qualification
2019-06-06,Artsakh,Székely Land,1520.6004831566534,1468.649977949676,1,151.95050520697737,2,1,CONIFA European Football Cup
2019-06-06,South Ossetia,Chameria,1448.2226724475486,1551.082267512123,0,-102.85959506457448,0,0,CONIFA European Football Cup
2019-06-06,Bermuda,Guyana,1477.7648196466664,1441.9580243555376,1,135.80679529112876,1,0,Friendly
2019-06-06,England,Netherlands,2027.5503720567615,1990.5573143961199,0,36.993057660641625,1,3,UEFA Nations League
2019-06-06,Tajikistan,Afghanistan,1362.3655604726096,1309.7404973633193,1,152.6250631092903,1,1,Friendly
2019-06-06,Slovakia,Jordan,1788.3913998491173,1632.6500983313667,1,255.74130151775057,5,1,Friendly
2019-06-06,Iran,Syria,1885.0421677430281,1630.9125863751647,1,354.12958136786347,5,0,Friendly
2019-06-06,Taiwan,Nepal,1181.180660314295,1105.3493660952404,1,175.8312942190546,1,1,Friendly
2019-06-06,Chile,Haiti,1903.2231203568535,1663.7631583228076,1,339.45996203404593,2,1,Friendly
2019-06-06,Abkhazia,Western Armenia,1636.0974027926238,1532.8619577633665,0,103.23544502925733,1,1,CONIFA European Football Cup
2019-06-07,Argentina,Nicaragua,1961.9496422316922,1406.423553030594,1,655.5260892010986,5,1,Friendly
2019-06-07,China,Philippines,1635.0854404601332,1319.3023142937743,1,415.7831261663589,2,0,Friendly
2019-06-07,Fiji,Tahiti,1519.9744914096318,1528.9248399494716,0,-8.950348539839752,1,1,Friendly
2019-06-07,Ivory Coast,Comoros,1704.482203465346,1268.874034740747,0,435.60816872459895,3,1,Friendly
2019-06-07,Kenya,Madagascar,1519.9190360216012,1438.3839397547738,1,181.5350962668274,1,0,Friendly
2019-06-07,Uruguay,Panama,1974.2068860730503,1664.6204721171996,1,409.58641395585096,3,0,Friendly
2019-06-07,Tunisia,Iraq,1745.0944838145876,1707.9600667188643,1,137.1344170957234,2,0,Friendly
2019-06-07,Uzbekistan,North Korea,1707.1255084624527,1454.5302667041371,1,352.5952417583155,4,0,Friendly
2019-06-07,Malaysia,Timor-Leste,1309.560019120845,867.1754381652398,1,542.3845809556052,7,1,FIFA World Cup qualification
2019-06-07,South Africa,Malawi,1631.777453915323,1442.3204901608885,1,289.45696375443435,0,0,COSAFA Cup
2019-06-07,South Korea,Australia,1865.4379826930303,1771.877943616018,1,193.56003907701233,1,0,Friendly
2019-06-07,Lesotho,Zimbabwe,1382.3780875048792,1605.013010012444,0,-222.63492250756485,2,2,COSAFA Cup
2019-06-07,Lithuania,Luxembourg,1379.0205972711258,1390.5797396881214,1,88.44085758300434,1,1,UEFA Euro qualification
2019-06-07,North Macedonia,Poland,1586.9575636280222,1837.1496675898725,1,-150.1921039618503,0,1,UEFA Euro qualification
2019-06-07,Latvia,Israel,1353.5031518661165,1629.296262032161,1,-175.79311016604447,0,3,UEFA Euro qualification
2019-06-07,Montenegro,Kosovo,1617.8259484349694,1570.4325486733576,1,147.39339976161182,1,1,UEFA Euro qualification
2019-06-07,Ukraine,Serbia,1832.616907825654,1857.9491831252726,1,74.66772470038131,5,0,UEFA Euro qualification
2019-06-07,Georgia,Gibraltar,1574.4079898704017,1281.7760521661482,1,392.63193770425346,3,0,UEFA Euro qualification
2019-06-07,Czech Republic,Bulgaria,1746.0863333533755,1656.8624372144147,1,189.22389613896075,2,1,UEFA Euro qualification
2019-06-07,Faroe Islands,Spain,1289.0110984260482,2070.689585058952,1,-681.678486632904,1,4,UEFA Euro qualification
2019-06-07,Norway,Romania,1711.3251830507568,1776.7357031793697,1,34.589479871387084,2,2,UEFA Euro qualification
2019-06-07,Sweden,Malta,1882.4981543087817,1244.86367116842,1,737.6344831403617,3,0,UEFA Euro qualification
2019-06-07,Austria,Slovenia,1738.145938075316,1609.2807410136902,1,228.86519706162585,1,0,UEFA Euro qualification
2019-06-07,Denmark,Republic of Ireland,1935.4340699215993,1766.1425368982455,1,269.29153302335385,1,1,UEFA Euro qualification
2019-06-08,Artsakh,Padania,1529.4288173813798,1714.1283211381156,1,-84.6995037567358,2,0,CONIFA European Football Cup
2019-06-08,Armenia,Liechtenstein,1477.653394116927,1186.907759086593,1,390.74563503033414,3,0,UEFA Euro qualification
2019-06-08,Sápmi,Székely Land,1483.3590423475998,1459.8216437249496,0,23.537398622650244,3,2,CONIFA European Football Cup
2019-06-08,Abkhazia,Chameria,1631.767067540174,1546.7668112889282,0,85.00025625124567,0,0,CONIFA European Football Cup
2019-06-08,Singapore,Solomon Islands,1257.6050758527138,1526.6898790902403,1,-169.08480323752656,4,3,Friendly
2019-06-08,Nigeria,Zimbabwe,1783.229921482003,1596.531402636489,1,286.69851884551395,0,0,Friendly
2019-06-08,Angola,Guinea-Bissau,1466.0211492208618,1421.4504500380176,0,44.57069918284424,2,0,Friendly
2019-06-08,Botswana,Zambia,1425.8284106065184,1556.8507151488143,0,-131.02230454229584,0,1,COSAFA Cup
2019-06-08,Greece,Italy,1688.6834765952558,1942.800865532225,1,-154.1173889369693,0,3,UEFA Euro qualification
2019-06-08,Finland,Bosnia and Herzegovina,1687.7011856703296,1826.9908002502211,1,-39.28961457989158,2,0,UEFA Euro qualification
2019-06-08,Turkey,France,1786.4455223616026,2156.4146516396895,1,-269.96912927808694,2,0,UEFA Euro qualification
2019-06-08,Scotland,Cyprus,1706.3045766457885,1459.6593557040496,1,346.6452209417389,2,1,UEFA Euro qualification
2019-06-08,Russia,San Marino,1815.9326477229415,928.5389151157445,1,987.393732607197,9,0,UEFA Euro qualification
2019-06-08,Moldova,Andorra,1350.4429338338775,1107.7694692096725,1,342.67346462420505,1,0,UEFA Euro qualification
2019-06-08,Iceland,Albania,1735.402293258643,1560.884548434657,1,274.51774482398605,1,0,UEFA Euro qualification
2019-06-08,Azerbaijan,Hungary,1448.1510616367532,1674.2317820609615,1,-126.08072042420827,1,3,UEFA Euro qualification
2019-06-08,Croatia,Wales,1951.651525515726,1815.0621288635405,1,236.58939665218554,2,1,UEFA Euro qualification
2019-06-08,Belarus,Germany,1560.54078721776,2016.9825759439923,1,-356.4417887262323,0,2,UEFA Euro qualification
2019-06-08,Estonia,Northern Ireland,1559.3950972078485,1702.47450923124,1,-43.07941202339157,1,2,UEFA Euro qualification
2019-06-08,Belgium,Kazakhstan,2107.997568117074,1435.640695650314,1,772.35687246676,3,0,UEFA Euro qualification
2019-06-09,Turkmenistan,Uganda,1369.0757424904778,1564.4782035754602,0,-195.4024610849824,0,0,Friendly
2019-06-09,Western Armenia,South Ossetia,1537.1922930158164,1452.5381286707434,0,84.65416434507301,0,1,CONIFA European Football Cup
2019-06-09,Portugal,Netherlands,2001.492780943481,2015.4439801509848,1,86.04880079249642,1,0,UEFA Nations League
2019-06-09,United States,Venezuela,1836.8151847389074,1806.1538798408478,1,130.6613048980596,0,3,Friendly
2019-06-09,Peru,Colombia,1918.7864220219476,2029.3256518677688,1,-10.539229845821183,0,3,Friendly
2019-06-09,Switzerland,England,1944.2864747561168,2002.6637063018966,0,-58.37723154577975,0,0,UEFA Nations League
2019-06-09,Mexico,Ecuador,1895.9937360329204,1830.9012682049859,0,65.09246782793457,3,2,Friendly
2019-06-09,Japan,El Salvador,1867.2389206683774,1666.0479195473213,1,301.19100112105616,2,0,Kirin Challenge Cup
2019-06-09,DR Congo,Burkina Faso,1663.0380452745756,1633.8462175081263,0,29.19182776644925,0,0,Friendly
2019-06-09,Paraguay,Guatemala,1767.716089860969,1582.68706008927,1,285.029029771699,2,0,Friendly
2019-06-09,Cameroon,Zambia,1701.8022132704104,1566.447756829798,1,235.35445644061247,2,1,Friendly
2019-06-09,Brazil,Honduras,2187.5324997854905,1704.3024842591092,1,583.2300155263813,7,0,Friendly
2019-06-10,Vanuatu,Fiji,1523.3947755765528,1520.2320461768302,1,103.1627293997226,0,0,Friendly
2019-06-10,Latvia,Slovenia,1334.8412153642541,1600.8310531286925,1,-165.98983776443833,0,5,UEFA Euro qualification
2019-06-10,North Macedonia,Austria,1575.1021903417347,1746.5956259603138,1,-71.49343561857904,1,4,UEFA Euro qualification
2019-06-10,Spain,Sweden,2072.0460342292554,1883.4863370302717,1,288.5596971989837,3,0,UEFA Euro qualification
2019-06-10,Malta,Romania,1243.8754884469301,1778.7202813092988,1,-434.84479286236865,0,4,UEFA Euro qualification
2019-06-10,Faroe Islands,Norway,1287.654649255745,1709.3406049208277,1,-321.6859556650827,0,2,UEFA Euro qualification
2019-06-10,Poland,Israel,1849.00504087616,1647.9581985340233,1,301.04684234213664,4,0,UEFA Euro qualification
2019-06-10,Republic of Ireland,Gibraltar,1779.1400490358149,1275.1627511455554,1,603.9772978902595,2,0,UEFA Euro qualification
2019-06-10,Ukraine,Luxembourg,1864.1504152817586,1395.563619449316,1,568.5867958324425,1,0,UEFA Euro qualification
2019-06-10,Serbia,Lithuania,1826.415675669168,1374.0367175099311,1,552.3789581592368,4,1,UEFA Euro qualification
2019-06-10,Bulgaria,Kosovo,1646.792133488642,1578.4423471055575,1,168.34978638308462,2,3,UEFA Euro qualification
2019-06-10,Czech Republic,Montenegro,1756.1566370791481,1609.8161500027695,1,246.34048707637862,3,0,UEFA Euro qualification
2019-06-10,Denmark,Georgia,1922.43655778403,1581.0212908909946,1,441.4152668930353,5,1,UEFA Euro qualification
2019-06-11,Hong Kong,Taiwan,1371.2511067339024,1176.5117826726334,1,294.7393240612689,0,2,Friendly
2019-06-11,Jordan,Indonesia,1625.6520835891847,1364.171683589621,1,361.4803999995638,4,1,Friendly
2019-06-11,South Korea,Iran,1870.379678158242,1889.65081256404,1,80.72886559420203,1,1,Friendly
2019-06-11,Kyrgyzstan,Palestine,1464.6260624776062,1528.962370088353,1,35.66369238925313,2,2,Friendly
2019-06-11,Singapore,Myanmar,1272.120732111655,1242.067753690348,1,130.052978421307,1,2,Friendly
2019-06-11,Uzbekistan,Syria,1711.4799922927716,1626.3039415541527,1,185.17605073861887,2,0,Friendly
2019-06-11,Guam,Bhutan,1094.374771608487,861.2142738294214,1,333.1604977790656,5,0,FIFA World Cup qualification
2019-06-11,Brunei,Mongolia,862.2018379907711,1081.6179067243197,1,-119.41606873354863,2,1,FIFA World Cup qualification
2019-06-11,Pakistan,Cambodia,1108.130066713645,1033.1123820856262,0,75.01768462801874,1,2,FIFA World Cup qualification
2019-06-11,Sri Lanka,Macau,941.984224325494,985.3865873601984,1,56.597636965295465,3,0,FIFA World Cup qualification
2019-06-11,Malaysia,Timor-Leste,1313.1470264728262,863.5884308132587,1,549.5585956595675,5,1,FIFA World Cup qualification
2019-06-11,Croatia,Tunisia,1959.808675379542,1754.4633502548547,1,305.3453251246872,1,2,Friendly
2019-06-11,Bangladesh,Laos,1051.2309243899115,936.5386228883731,1,214.6923015015384,0,0,FIFA World Cup qualification
2019-06-11,China,Tajikistan,1637.5956692697373,1358.235000933414,1,379.3606683363232,1,0,Friendly
2019-06-11,Albania,Moldova,1554.0541518937428,1355.3273852669006,1,298.72676662684216,2,0,UEFA Euro qualification
2019-06-11,Algeria,Burundi,1667.293806985477,1475.2343317894345,0,192.0594751960425,1,1,Friendly
2019-06-11,Greece,Armenia,1668.2648981820537,1484.3320078551403,1,283.93289032691337,2,3,UEFA Euro qualification
2019-06-11,Liechtenstein,Finland,1180.2291453483797,1721.0793358922535,1,-440.85019054387385,0,2,UEFA Euro qualification
2019-06-11,Italy,Bosnia and Herzegovina,1963.2194439454272,1793.6126500282971,1,269.60679391712983,2,1,UEFA Euro qualification
2019-06-11,Russia,Cyprus,1816.2715242184966,1454.8720981041274,1,461.39942611436913,1,0,UEFA Euro qualification
2019-06-11,Belgium,Scotland,2108.808797057269,1711.0918342457107,1,497.71696281155846,3,0,UEFA Euro qualification
2019-06-11,Kazakhstan,San Marino,1434.829466710119,928.2000386201895,1,606.6294280899295,4,0,UEFA Euro qualification
2019-06-11,Andorra,France,1102.8850177766494,2106.8846282181453,1,-903.9996104414959,0,4,UEFA Euro qualification
2019-06-11,Iceland,Turkey,1742.2326897995574,1835.975545783147,1,6.257144016410393,2,1,UEFA Euro qualification
2019-06-11,Hungary,Wales,1693.7990832410233,1806.9049789997246,1,-13.105895758701308,1,0,UEFA Euro qualification
2019-06-11,Azerbaijan,Slovakia,1428.5837604566914,1795.3894145912993,1,-266.80565413460795,1,5,UEFA Euro qualification
2019-06-11,Belarus,Northern Ireland,1553.708815175233,1720.0072897879843,1,-66.2984746127513,0,1,UEFA Euro qualification
2019-06-11,Germany,Estonia,2023.8145479865193,1541.8623166511043,1,581.952231335415,8,0,UEFA Euro qualification
2019-06-11,Benin,Guinea,1534.8341292129849,1580.5044177984535,0,-45.6702885854686,1,0,Friendly
2019-06-12,Morocco,Gambia,1795.4139695760969,1432.8246351253533,1,462.58933445074354,0,1,Friendly
2019-06-12,Ynys Môn,Saint Helena,1508.4502361194743,1500.0,1,108.45023611947431,7,2,Friendly
2019-06-13,Egypt,Tanzania,1702.1866127378362,1480.8334438050667,1,321.35316893276945,1,0,Friendly
2019-06-14,Cameroon,Mali,1705.903918180491,1636.5921232739129,0,69.31179490657814,1,1,Friendly
2019-06-14,Madagascar,Mauritania,1433.1802119509118,1467.561562192281,0,-34.38135024136909,1,3,Friendly
2019-06-14,Brazil,Bolivia,2189.047000296063,1671.6386935579117,1,617.4083067381512,3,0,Copa América
2019-06-15,Tanzania,Zimbabwe,1478.115651320998,1603.3102218649376,0,-125.19457054393956,1,1,Friendly
2019-06-15,Kenya,DR Congo,1525.1227638254632,1662.1998085146859,0,-137.0770446892227,1,1,Friendly
2019-06-15,Ivory Coast,Uganda,1706.7420956626365,1559.3805440850733,0,147.3615515775632,0,1,Friendly
2019-06-15,Ghana,South Africa,1744.2699082499266,1621.5452047903595,0,122.72470345956708,0,0,Friendly
2019-06-15,Indonesia,Vanuatu,1360.2876554311335,1520.5098040210926,1,-60.22214858995903,6,0,Friendly
2019-06-15,Canada,Martinique,1693.1208473502866,1600.3674181289466,0,92.75342922133996,4,0,Gold Cup
2019-06-15,Argentina,Colombia,1962.791720797674,2046.2949636490805,0,-83.50324285140641,0,2,Copa América
2019-06-15,Venezuela,Peru,1829.9415012120278,1901.8171102406359,0,-71.8756090286081,0,0,Copa América
2019-06-15,Mexico,Cuba,1904.1418411309944,1492.0158545035217,0,412.1259866274727,7,0,Gold Cup
2019-06-16,Costa Rica,Nicaragua,1788.8024975067676,1405.581474464612,0,383.2210230421556,4,0,Gold Cup
2019-06-16,Senegal,Nigeria,1862.3740665188843,1776.4511022535544,0,85.92296426532994,1,0,Friendly
2019-06-16,Morocco,Zambia,1776.717963322164,1562.3460519197174,1,314.3719114024466,2,3,Friendly
2019-06-16,Egypt,Guinea,1704.9044052219049,1569.197440330036,1,235.7069648918689,3,1,Friendly
2019-06-16,Algeria,Mali,1662.2677116081697,1638.5610263990786,0,23.70668520909112,3,2,Friendly
2019-06-16,Haiti,Bermuda,1661.2809939294395,1484.0436043403595,0,177.23738958908007,2,1,Gold Cup
2019-06-16,Ynys Môn,Western Isles,1522.4024939692058,1411.9721241732793,1,210.43036979592648,2,1,Inter Games
2019-06-16,Paraguay,Qatar,1772.586944265177,1874.9729278885611,0,-102.38598362338416,2,2,Copa América
2019-06-16,Saint Helena,Shetland,1486.0477421502685,1449.3544259989058,0,36.69331615136275,1,6,Inter Games
2019-06-16,Alderney,Hitra,1064.1623222598603,1313.7336010616343,0,-249.57127880177404,2,4,Inter Games
2019-06-16,Jersey,Orkney,1755.1574320720267,1384.5578586047905,0,370.59957346723627,5,0,Inter Games
2019-06-16,Uruguay,Ecuador,1977.2326442800568,1822.7531631069119,0,154.4794811731449,4,0,Copa América
2019-06-17,Curaçao,El Salvador,1475.152239284603,1659.2932921983354,0,-184.14105291373244,0,1,Gold Cup
2019-06-17,Tunisia,Burundi,1771.521800143946,1480.2604271667417,1,391.26137297720425,2,1,Friendly
2019-06-17,Jamaica,Honduras,1662.3601603590726,1702.7879837485368,1,59.572176610535735,3,2,Gold Cup
2019-06-17,Japan,Chile,1873.9935480173633,1905.7052847502216,0,-31.7117367328583,0,4,Copa América
2019-06-17,Ynys Môn,Orkney,1529.2864438887923,1378.2039737043538,1,251.08247018443853,3,1,Inter Games
2019-06-17,Isle of Man,Hitra,1714.03805835012,1322.3765259765642,0,391.66153237355593,7,1,Inter Games
2019-06-17,Jersey,Western Isles,1761.5113169724634,1405.0881742536928,0,356.4231427187706,7,0,Inter Games
2019-06-17,Guernsey,Shetland,1781.78242150449,1482.5110541210945,0,299.2713673833955,2,1,Inter Games
2019-06-18,Benin,Mauritania,1546.1411066814023,1481.082026324747,0,65.05908035665539,3,1,Friendly
2019-06-18,Panama,Trinidad and Tobago,1661.5947139101931,1579.1906093868768,0,82.40410452331639,2,0,Gold Cup
2019-06-18,Brazil,Venezuela,2191.480535416439,1835.0408282395942,1,456.4397071768449,0,0,Copa América
2019-06-18,Bolivia,Peru,1669.2051584375354,1896.7177832130694,0,-227.51262477553405,1,3,Copa América
2019-06-18,United States,Guyana,1813.0275633677275,1435.6792396618446,1,477.3483237058829,4,0,Gold Cup
2019-06-18,Isle of Man,Alderney,1720.0914207329936,1055.5193973449304,0,664.5720233880631,6,1,Inter Games
2019-06-18,Western Isles,Orkney,1397.401474638387,1369.6216313717873,0,27.779843266599755,1,2,Inter Games
2019-06-18,Ynys Môn,Jersey,1537.8687862213587,1769.1980165877692,1,-131.32923036641046,1,0,Inter Games
2019-06-18,Guernsey,Saint Helena,1786.3279613792477,1452.8911140280798,0,333.4368473511679,9,0,Inter Games
2019-06-19,Colombia,Qatar,2074.9517725668916,1867.8117714644168,0,207.1400011024748,1,0,Copa América
2019-06-19,Argentina,Paraguay,1934.1349118798632,1779.7481006893213,0,154.38681119054195,1,1,Copa América
2019-06-19,Cuba,Martinique,1482.419307769073,1565.7173844868169,0,-83.29807671774392,0,3,Gold Cup
2019-06-19,Mexico,Canada,1913.7383878654432,1727.7708809924163,0,185.96750687302688,3,1,Gold Cup
2019-06-19,Ivory Coast,Zambia,1692.7379661134103,1579.5324921052686,0,113.20547400814166,4,1,Friendly
2019-06-20,Uruguay,Japan,2004.5385988603362,1831.3851617677255,0,173.1534370926106,2,2,Copa América
2019-06-20,Costa Rica,Bermuda,1798.1037349752246,1470.794770569069,0,327.3089644061556,2,1,Gold Cup
2019-06-20,Nicaragua,Haiti,1396.280236996155,1674.52982770073,0,-278.249590704575,0,2,Gold Cup
2019-06-20,Isle of Man,Guernsey,1721.3718419822003,1795.9224576119118,0,-74.5506156297115,2,3,Inter Games
2019-06-20,Ynys Môn,Shetland,1558.2832727035054,1477.9655142463369,1,180.31775845716857,2,1,Inter Games
2019-06-20,Jersey,Hitra,1748.7835301056225,1316.3231635936907,0,432.46036651193185,3,1,Inter Games
2019-06-20,Orkney,Alderney,1385.818434277841,1054.2389760957237,0,331.5794581821174,1,2,Inter Games
2019-06-20,Western Isles,Saint Helena,1381.2046717323333,1443.2966177954156,0,-62.09194606308233,2,1,Inter Games
2019-06-21,Shetland,Isle of Man,1470.119388152141,1709.541946850507,0,-239.42255869836595,0,5,Inter Games
2019-06-21,Ynys Môn,Guernsey,1566.1293987977012,1807.7523527436051,1,-141.62295394590387,2,1,Inter Games
2019-06-21,Egypt,Zimbabwe,1711.0470441899831,1599.855096398586,1,211.19194779139707,1,0,African Cup of Nations
2019-06-21,Ecuador,Chile,1795.4472085266325,1948.3136709998594,0,-152.86646247322687,1,2,Copa América
2019-06-21,El Salvador,Jamaica,1672.1587543402825,1683.1151169337768,0,-10.956362593494305,0,0,Gold Cup
2019-06-21,Honduras,Curaçao,1682.0330271738326,1462.2867771426559,0,219.74625003117671,0,1,Gold Cup
2019-06-22,Brazil,Peru,2169.8500740813456,1912.6584642727273,1,357.1916098086183,5,0,Copa América
2019-06-22,United States,Trinidad and Tobago,1818.6721456143518,1550.4216804361556,1,368.25046517819624,6,0,Gold Cup
2019-06-22,Guyana,Panama,1430.0346574152202,1690.3636428609143,0,-260.3289854456941,2,4,Gold Cup
2019-06-22,DR Congo,Uganda,1658.4471381511469,1573.3846736342996,0,85.06246451684729,0,2,African Cup of Nations
2019-06-22,Guinea,Madagascar,1563.0548013619577,1419.6597478184458,0,143.39505354351195,2,2,African Cup of Nations
2019-06-22,Nigeria,Burundi,1768.8749498267543,1478.357370207718,0,290.51757961903627,1,0,African Cup of Nations
2019-06-22,Bolivia,Venezuela,1653.2644773778775,1856.6712895746878,0,-203.40681219681028,1,3,Copa América
2019-06-23,Qatar,Argentina,1856.1702165450065,1923.7035942621148,0,-67.53337771710835,0,2,Copa América
2019-06-23,Canada,Cuba,1708.6229944857735,1448.9619622749694,0,259.661032210804,7,0,Gold Cup
2019-06-23,Colombia,Paraguay,2086.593327486302,1790.1794183070697,0,296.4139091792322,1,0,Copa América
2019-06-23,Martinique,Mexico,1599.1747299809203,1932.886274372086,0,-333.7115443911657,2,3,Gold Cup
2019-06-23,Algeria,Kenya,1671.5864353229035,1528.8754341890021,0,142.7110011339014,2,0,African Cup of Nations
2019-06-23,Senegal,Tanzania,1869.9502189456844,1481.5707767873496,0,388.37944215833477,2,0,African Cup of Nations
2019-06-23,Morocco,Namibia,1759.5315231366128,1472.7168973623568,0,286.814625774256,1,0,African Cup of Nations
2019-06-24,Ivory Coast,South Africa,1704.7294862558872,1624.937575152888,0,79.79191110299917,1,0,African Cup of Nations
2019-06-24,Tunisia,Angola,1773.4248571029696,1479.1073643317088,0,294.31749277126073,1,1,African Cup of Nations
2019-06-24,Mali,Mauritania,1629.2423026843448,1468.8584766347044,0,160.38382604964045,4,1,African Cup of Nations
2019-06-24,Chile,Uruguay,1962.9728698071567,1993.0176304759502,0,-30.044760668793515,0,1,Copa América
2019-06-24,Ecuador,Japan,1780.7880097193352,1842.9061301521115,0,-62.11812043277632,1,1,Copa América
2019-06-24,Bermuda,Nicaragua,1464.1990777983983,1383.699775409069,0,80.49930238932939,2,0,Gold Cup
2019-06-24,Haiti,Costa Rica,1687.1102892878162,1804.6994277458953,0,-117.5891384580791,2,1,Gold Cup
2019-06-25,Raetia,Franconia,1332.1100711127388,1469.2219793013558,1,-37.11190818861701,3,4,Friendly
2019-06-25,Honduras,El Salvador,1643.0390796233535,1672.9468667726292,0,-29.90778714927569,4,0,Gold Cup
2019-06-25,Jamaica,Curaçao,1682.32700450143,1501.280724693135,0,181.04627980829514,1,1,Gold Cup
2019-06-25,Cameroon,Guinea-Bissau,1703.9350150553253,1408.3642349271706,0,295.57078012815464,2,0,African Cup of Nations
2019-06-25,Ghana,Benin,1740.8775378873981,1558.3646563714449,0,182.51288151595327,2,2,African Cup of Nations
2019-06-26,Uganda,Zimbabwe,1619.8866293522979,1588.4205574474695,0,31.466071904828368,1,1,African Cup of Nations
2019-06-26,Egypt,DR Congo,1722.4815831410997,1611.9451824331486,1,210.5364007079511,2,0,African Cup of Nations
2019-06-26,Nigeria,Guinea,1776.7804814463598,1553.2852196795068,0,223.495261766853,1,0,African Cup of Nations
2019-06-26,Trinidad and Tobago,Guyana,1539.0332436821934,1416.3367858445645,0,122.69645783762894,1,1,Gold Cup
2019-06-26,United States,Panama,1830.060582368314,1704.06151443157,1,225.99906793674404,1,0,Gold Cup
2019-06-27,Madagascar,Burundi,1429.4293295008968,1470.4518385881127,0,-41.022509087215894,1,0,African Cup of Nations
2019-06-27,Senegal,Algeria,1877.194531062746,1694.4946681335243,0,182.69986292922158,0,1,African Cup of Nations
2019-06-27,Kenya,Tanzania,1505.9672013783813,1474.326464670288,0,31.6407367080933,3,2,African Cup of Nations
2019-06-27,Brazil,Paraguay,2181.193214748681,1782.4971778960698,1,498.6960368526111,0,0,Copa América
2019-06-28,Venezuela,Argentina,1874.423164746997,1954.004902036713,0,-79.5817372897161,0,2,Copa América
2019-06-28,Colombia,Chile,2094.2755678973017,1940.1293912671151,0,154.14617663018657,0,0,Copa América
2019-06-28,Tunisia,Mali,1756.1858905032877,1654.1183309999822,0,102.06755950330557,1,1,African Cup of Nations
2019-06-28,South Africa,Namibia,1605.580207661166,1464.6684598533834,0,140.9117478077826,1,0,African Cup of Nations
2019-06-28,Morocco,Ivory Coast,1767.5799606455862,1724.0868537476092,0,43.493106897976986,1,0,African Cup of Nations
2019-06-29,Mauritania,Angola,1443.982448319067,1496.3463309313906,0,-52.36388261232355,0,0,African Cup of Nations
2019-06-29,Cameroon,Ghana,1715.505790194459,1728.832758412939,0,-13.326968218480033,0,0,African Cup of Nations
2019-06-29,Benin,Guinea-Bissau,1570.409435845904,1396.793459788037,0,173.6159760578671,0,0,African Cup of Nations
2019-06-29,Uruguay,Peru,2015.8611090159918,1901.315323605392,0,114.54578541059982,0,0,Copa América
2019-06-29,Haiti,Canada,1720.2625842209684,1729.2344550587134,0,-8.971870837744973,3,2,Gold Cup
2019-06-29,Mexico,Costa Rica,1939.2737898736516,1771.547132812743,0,167.72665706090856,1,1,Gold Cup
2019-06-30,United States,Curaçao,1840.7607973787779,1513.24430505883,1,427.51649231994793,1,0,Gold Cup
2019-06-30,Jamaica,Panama,1670.3634241357352,1693.3612994211062,0,-22.997875285371038,1,0,Gold Cup
2019-06-30,Madagascar,Nigeria,1457.3674952667611,1787.6024146290636,0,-330.23491936230243,2,0,African Cup of Nations
2019-06-30,Zimbabwe,DR Congo,1590.6785531014032,1594.7434002059017,0,-4.06484710449854,0,4,African Cup of Nations
2019-06-30,Egypt,Uganda,1739.6833653683466,1617.6286336983642,1,222.0547316699824,2,0,African Cup of Nations
2019-06-30,Burundi,Guinea,1442.5136728222483,1542.463286496803,0,-99.94961367455471,0,2,African Cup of Nations
2019-07-01,Kenya,Senegal,1528.6967406753784,1840.1394229440186,0,-311.4426822686403,0,3,African Cup of Nations
2019-07-01,Tanzania,Algeria,1451.596925373291,1731.5497762522516,0,-279.9528508789606,0,3,African Cup of Nations
2019-07-01,Namibia,Ivory Coast,1449.2862196065146,1702.2001884682538,0,-252.91396886173925,1,4,African Cup of Nations
2019-07-01,South Africa,Morocco,1620.9624479080348,1789.4666259249416,0,-168.50417801690674,0,1,African Cup of Nations
2019-07-02,Haiti,Mexico,1745.9080187630248,1928.0625853218532,0,-182.1545665588285,0,1,Gold Cup
2019-07-02,Guinea-Bissau,Ghana,1408.34062618671,1727.8742760039288,0,-319.5336498172187,0,2,African Cup of Nations
2019-07-02,Brazil,Argentina,2158.8742068729307,1983.0624854131406,1,275.8117214597901,2,0,Copa América
2019-07-02,Mauritania,Tunisia,1447.7220600936846,1749.0457720530271,0,-301.3237119593425,0,0,African Cup of Nations
2019-07-02,Angola,Mali,1492.6067191567731,1661.2584494502428,0,-168.65173029346965,0,1,African Cup of Nations
2019-07-02,Benin,Cameroon,1558.8622694472308,1716.4642726034692,0,-157.60200315623842,0,0,African Cup of Nations
2019-07-03,Chile,Peru,1950.5464042515864,1909.2713622736562,0,41.27504197793019,0,3,Copa América
2019-07-03,United States,Jamaica,1844.6927524852815,1697.0158416124336,1,247.67691087284788,3,1,Gold Cup
2019-07-05,Morocco,Benin,1803.2107704189893,1569.4839200789095,0,233.72685034007986,1,1,African Cup of Nations
2019-07-05,Uganda,Senegal,1601.2900115169152,1852.6281908174444,0,-251.3381793005292,0,1,African Cup of Nations
2019-07-06,Egypt,South Africa,1756.0219875497955,1607.218303413987,1,248.80368413580845,0,1,African Cup of Nations
2019-07-06,Nigeria,Cameroon,1722.3521920073235,1705.8426219717905,0,16.509570035532988,3,2,African Cup of Nations
2019-07-06,Argentina,Chile,1970.3344040420504,1901.6232564740471,0,68.7111475680033,2,1,Copa América
2019-07-07,India,Tajikistan,1436.0222206687904,1356.2106621167052,1,179.81155855208522,2,4,Intercontinental Cup
2019-07-07,United States,Mexico,1859.2249666365337,1941.0376137341725,1,18.187352902361226,0,1,Gold Cup
2019-07-07,Brazil,Peru,2171.602288244021,1958.1945100511957,1,313.4077781928254,3,1,Copa América
2019-07-07,Algeria,Guinea,1746.1076036950085,1569.4634233313943,0,176.64418036361417,3,0,African Cup of Nations
2019-07-07,Madagascar,DR Congo,1522.6177178885011,1641.070007862831,0,-118.45228997432991,2,2,African Cup of Nations
2019-07-08,Ghana,Tunisia,1738.158592181726,1731.546041955912,0,6.612550225813948,1,1,African Cup of Nations
2019-07-08,Mali,Ivory Coast,1674.9941305530483,1718.7461557665697,0,-43.75202521352139,0,1,African Cup of Nations
2019-07-08,Samoa,Papua New Guinea,1201.5469446129362,1435.959815152331,1,-134.41287053939482,0,6,Pacific Games
2019-07-08,American Samoa,New Caledonia,1103.4791938590922,1525.977878727975,0,-422.4986848688827,0,5,Pacific Games
2019-07-08,Tuvalu,Solomon Islands,1247.903450366265,1512.1742228312992,0,-264.27077246503427,0,13,Pacific Games
2019-07-08,Tahiti,Fiji,1528.6672851822732,1523.1170177322904,0,5.550267449982812,1,2,Pacific Games
2019-07-08,Syria,North Korea,1618.6187718567144,1450.1757828738182,0,168.44298898289617,5,2,Intercontinental Cup
2019-07-10,American Samoa,Fiji,1098.6337385573022,1538.3566216583813,0,-439.7228831010791,0,9,Pacific Games
2019-07-10,Solomon Islands,New Caledonia,1528.309003331057,1530.823334029765,0,-2.5143306987079086,0,2,Pacific Games
2019-07-10,Tuvalu,Tahiti,1231.768669866507,1513.4276812561823,0,-281.65901138967524,0,7,Pacific Games
2019-07-10,Tajikistan,Syria,1389.41613019296,1633.0538097754445,0,-243.63767958248445,2,0,Intercontinental Cup
2019-07-10,Senegal,Benin,1862.1527722695819,1584.1530754916953,0,277.9996967778866,1,0,African Cup of Nations
2019-07-10,Papua New Guinea,Vanuatu,1456.0837805893323,1495.612921766115,0,-39.52914117678279,2,0,Pacific Games
2019-07-10,Nigeria,South Africa,1746.1651262776022,1647.5807235785405,0,98.58440269906168,2,1,African Cup of Nations
2019-07-11,Ivory Coast,Algeria,1740.6144810159128,1769.3513037751732,0,-28.73682275926035,1,1,African Cup of Nations
2019-07-11,Madagascar,Tunisia,1530.8254721359704,1732.0217957493146,0,-201.19632361334425,0,3,African Cup of Nations
2019-07-12,Samoa,Tonga,1181.4229791759349,1105.8385896674665,1,175.58438950846835,2,0,Pacific Games
2019-07-12,American Samoa,Tuvalu,1093.106510082193,1220.6299920081437,0,-127.52348192595082,1,1,Pacific Games
2019-07-12,Solomon Islands,Tahiti,1505.9718290619312,1524.5663591145455,0,-18.594530052614346,0,3,Pacific Games
2019-07-12,New Caledonia,Fiji,1553.1605082988908,1543.8838501334906,0,9.27665816540025,1,0,Pacific Games
2019-07-13,India,North Korea,1402.8167525925355,1435.740744955088,1,67.07600763744745,2,5,Intercontinental Cup
2019-07-14,Senegal,Tunisia,1870.5497924384624,1752.934147222644,0,117.6156452158184,1,0,African Cup of Nations
2019-07-14,Algeria,Nigeria,1767.2882256218666,1764.255850166318,0,3.0323754555486175,2,1,African Cup of Nations
2019-07-15,Tonga,Vanuatu,1093.8310560931782,1470.5639951870196,0,-376.7329390938414,0,14,Pacific Games
2019-07-15,Fiji,Tuvalu,1529.284260513451,1215.3589657522048,0,313.9252947612463,10,1,Pacific Games
2019-07-15,Solomon Islands,American Samoa,1481.125372441591,1098.377536338132,0,382.7478361034591,13,0,Pacific Games
2019-07-15,Tahiti,New Caledonia,1549.4128157348857,1567.7600979189303,0,-18.347282184044616,0,3,Pacific Games
2019-07-15,North Korea,Tajikistan,1466.9965385830064,1425.5321811611836,0,41.4643574218228,1,0,Intercontinental Cup
2019-07-16,India,Syria,1371.5609589646172,1596.937758807221,1,-125.37679984260376,1,1,Intercontinental Cup
2019-07-17,Tunisia,Nigeria,1736.0881466119952,1739.4740415797996,0,-3.385894967804461,0,1,African Cup of Nations
2019-07-18,Réunion,Maldives,1635.7126394043871,1168.2293891473043,0,467.4832502570828,4,0,Indian Ocean Island Games
2019-07-18,Comoros,Mayotte,1266.6141425434564,1455.3689280156461,0,-188.75478547218972,0,2,Indian Ocean Island Games
2019-07-18,Fiji,Solomon Islands,1539.8584409113328,1490.0764933352561,0,49.78194757607662,4,4,Pacific Games
2019-07-18,Mauritius,Seychelles,1241.4971924437077,1133.6341365608496,1,207.86305588285813,1,1,Indian Ocean Island Games
2019-07-18,New Caledonia,Tuvalu,1592.6251823000482,1204.784785354323,0,387.84039694572516,11,0,Pacific Games
2019-07-18,Tahiti,American Samoa,1524.5477313537679,1089.4264154444668,0,435.1213159093011,8,1,Pacific Games
2019-07-18,Samoa,Vanuatu,1193.4305127502232,1480.1828715307574,1,-186.75235878053422,0,11,Pacific Games
2019-07-18,Papua New Guinea,Tonga,1481.1327071684277,1084.2121797494403,0,396.9205274189874,8,0,Pacific Games
2019-07-19,Senegal,Algeria,1887.3957930491113,1792.0700342083849,0,95.3257588407264,0,1,African Cup of Nations
2019-07-19,Tajikistan,North Korea,1412.3138904360565,1480.2148293081336,0,-67.90093887207718,0,1,Intercontinental Cup
2019-07-20,Papua New Guinea,Fiji,1487.7151230538286,1537.7237699850757,0,-50.008646931247085,1,1,Pacific Games
2019-07-20,Seychelles,Madagascar,1141.6714826674113,1509.913120662641,0,-368.24163799522967,0,0,Indian Ocean Island Games
2019-07-20,Réunion,Mayotte,1639.2847141358875,1466.7209262412052,0,172.56378789468226,1,0,Indian Ocean Island Games
2019-07-20,Comoros,Maldives,1255.2621443178973,1164.657314415804,0,90.60482990209334,3,0,Indian Ocean Island Games
2019-07-21,Equatorial Guinea,Liberia,1444.935418125772,1437.4457683731962,1,107.48964975257582,1,1,Friendly
2019-07-22,Mayotte,Maldives,1458.6134408002583,1145.1017601280641,0,313.5116806721942,3,1,Indian Ocean Island Games
2019-07-22,Réunion,Comoros,1647.3921995768344,1274.8176986056371,0,372.57450097119727,0,1,Indian Ocean Island Games
2019-07-22,Mauritius,Madagascar,1233.459846337146,1498.1288251583826,1,-164.66897882123658,1,1,Indian Ocean Island Games
2019-07-24,Mauritius,Mayotte,1240.0806914472928,1464.970936338581,1,-124.89024489128815,1,0,Indian Ocean Island Games
2019-07-24,Réunion,Seychelles,1620.536993793672,1153.4557781716696,0,467.08121562200245,4,0,Indian Ocean Island Games
2019-07-26,Seychelles,Mayotte,1149.875953745679,1444.7998219382814,0,-294.9238681926024,1,3,Indian Ocean Island Games
2019-07-28,Mauritius,Réunion,1260.2518058475923,1624.1168182196627,1,-263.8650123720704,1,1,Indian Ocean Island Games
2019-07-30,Iraq,Lebanon,1698.5912002785972,1562.8316647091722,1,235.759535569425,1,0,WAFF Championship
2019-07-30,Yemen,Palestine,1305.3816385074608,1529.985263554607,0,-224.60362504714612,0,1,WAFF Championship
2019-08-02,Iraq,Palestine,1704.732361103149,1536.4460208208989,1,268.2863402822502,2,1,WAFF Championship
2019-08-02,Lebanon,Syria,1556.6905038846203,1591.7481436026162,0,-35.057639717995926,2,1,WAFF Championship
2019-08-04,Jordan,Bahrain,1629.536111747672,1548.849555347048,0,80.68655640062411,0,1,WAFF Championship
2019-08-04,Saudi Arabia,Kuwait,1670.5335966701787,1505.6285410520327,0,164.90505561814598,1,2,WAFF Championship
2019-08-05,Lebanon,Palestine,1573.1989478639384,1531.169038604949,0,42.02990925898939,0,0,WAFF Championship
2019-08-05,Syria,Yemen,1575.239699623298,1298.920881241169,0,276.31881838212917,1,1,WAFF Championship
2019-08-07,Kuwait,Jordan,1527.2575902505755,1611.1138963396536,0,-83.85630608907809,1,1,WAFF Championship
2019-08-07,Bahrain,Saudi Arabia,1567.2717707550664,1648.9045474716359,0,-81.63277671656942,0,0,WAFF Championship
2019-08-08,Yemen,Lebanon,1308.8419763842458,1571.393170921358,0,-262.5511945371122,2,1,WAFF Championship
2019-08-08,Iraq,Syria,1710.009343319099,1565.3186044802212,1,244.69073883887768,0,0,WAFF Championship
2019-08-09,South Ossetia,Luhansk PR,1471.1222943414284,1493.6475819954182,1,77.47471234601016,2,0,Friendly
2019-08-10,Jordan,Saudi Arabia,1607.562228061643,1645.4436309737382,0,-37.881402912095155,3,0,WAFF Championship
2019-08-10,Kuwait,Bahrain,1530.809258528586,1570.732687252964,0,-39.92342872437803,0,1,WAFF Championship
2019-08-11,Saint Vincent and the Grenadines,Trinidad and Tobago,1281.3848379182787,1530.5541163650362,1,-149.16927844675752,1,0,Friendly
2019-08-11,Palestine,Syria,1532.9748155475295,1574.4247334470942,0,-41.44991789956475,4,3,WAFF Championship
2019-08-11,Iraq,Yemen,1700.9032143522259,1333.4198839173473,1,467.48333043487855,2,1,WAFF Championship
2019-08-14,Dominican Republic,Guatemala,1410.7230413665193,1577.8162056850622,1,-67.0931643185429,0,0,Friendly
2019-08-14,Iraq,Bahrain,1702.8083200522467,1584.0166007363093,1,218.79171931593737,0,1,WAFF Championship
2019-08-27,Saint Kitts and Nevis,Antigua and Barbuda,1404.117777544489,1382.8757245170145,1,121.24205302747441,4,3,Friendly
2019-08-28,Belize,Saint Vincent and the Grenadines,1348.8185526630184,1295.4325647188223,1,153.38598794419613,1,1,Friendly
2019-08-28,Taiwan,Guam,1201.8647069507206,1104.623107042908,1,197.24159990781254,3,0,Friendly
2019-08-29,United Arab Emirates,Dominican Republic,1605.8754884459581,1412.630486214611,0,193.24500223134714,4,0,Friendly
2019-08-30,Belize,Saint Vincent and the Grenadines,1344.6698450672484,1299.5812723145923,1,145.0885727526561,1,0,Friendly
2019-08-30,China,Myanmar,1639.6200080864462,1255.6454218250303,0,383.9745862614159,4,1,Friendly
2019-08-30,Malaysia,Jordan,1316.189183633732,1636.66301577438,1,-220.47383214064803,0,1,Friendly
2019-08-31,United Arab Emirates,Sri Lanka,1615.153824697335,971.3325898523485,0,643.8212348449865,5,1,Friendly
2019-09-04,South Sudan,Equatorial Guinea,1194.0759782070481,1441.936687835833,0,-247.8607096287849,1,1,FIFA World Cup qualification
2019-09-04,São Tomé and Príncipe,Guinea-Bissau,1245.6534632621228,1398.056310008913,1,-52.402846746790146,0,1,FIFA World Cup qualification
2019-09-04,Mauritius,Mozambique,1269.863227822061,1410.4914211257646,1,-40.62819330370371,0,1,FIFA World Cup qualification
2019-09-04,Ethiopia,Lesotho,1384.1108710531726,1390.8596948808342,1,93.25117617233832,0,0,FIFA World Cup qualification
2019-09-04,Liberia,Sierra Leone,1440.4444986631352,1486.4644589066424,1,53.980039756492715,3,1,FIFA World Cup qualification
2019-09-04,Djibouti,Eswatini,989.9417316777398,1311.2730051811366,1,-221.3312735033967,2,1,FIFA World Cup qualification
2019-09-04,Burundi,Tanzania,1415.513535987657,1437.0390979305341,1,78.47443805712282,1,1,FIFA World Cup qualification
2019-09-04,Libya,Burkina Faso,1570.408371026949,1634.684454268016,0,-64.276083241067,0,1,Friendly
2019-09-04,Eritrea,Namibia,1217.48462807653,1432.7402523081987,1,-115.25562423166866,1,2,FIFA World Cup qualification
2019-09-05,Guatemala,Anguilla,1575.9087608369705,942.3044034277914,1,733.6043574091791,10,0,CONCACAF Nations League
2019-09-05,Guam,Maldives,1096.1123892436826,1138.7442645897415,1,57.368124653941095,0,1,FIFA World Cup qualification
2019-09-05,Somalia,Zimbabwe,1012.2290115614376,1544.3519454444738,0,-532.1229338830362,1,0,FIFA World Cup qualification
2019-09-05,Philippines,Syria,1316.7920854841702,1557.6436387840347,1,-140.85155329986446,2,5,FIFA World Cup qualification
2019-09-05,Taiwan,Jordan,1210.375424749946,1641.0510736915635,1,-330.6756489416175,1,2,FIFA World Cup qualification
2019-09-05,Kuwait,Nepal,1517.5253450452408,1110.018243736902,1,507.50710130833886,7,0,FIFA World Cup qualification
2019-09-05,Cambodia,Hong Kong,1057.3648670333416,1345.8981824558152,1,-188.5333154224736,1,1,FIFA World Cup qualification
2019-09-05,Bahrain,Iraq,1607.3846277598768,1679.4402930286792,1,27.944334731197614,1,1,FIFA World Cup qualification
2019-09-05,Palestine,Uzbekistan,1549.755910210589,1719.16516199021,1,-69.40925177962094,2,0,FIFA World Cup qualification
2019-09-05,Singapore,Yemen,1258.5430639769725,1331.5147782173265,1,27.028285759645996,2,2,FIFA World Cup qualification
2019-09-05,Qatar,Afghanistan,1825.8689087704083,1313.8710569025147,1,611.9978518678936,6,0,FIFA World Cup qualification
2019-09-05,Mongolia,Myanmar,1055.0022489348369,1252.1865048625389,1,-97.184255927702,1,0,FIFA World Cup qualification
2019-09-05,Tajikistan,Kyrgyzstan,1400.2086483295586,1463.6031690113523,1,36.605479318206335,1,0,FIFA World Cup qualification
2019-09-05,Thailand,Vietnam,1486.1317060246024,1499.1901648184569,1,86.94154120614553,0,0,FIFA World Cup qualification
2019-09-05,Indonesia,Malaysia,1385.184537686111,1311.8011257165485,1,173.38341196956253,2,3,FIFA World Cup qualification
2019-09-05,North Korea,Lebanon,1492.3200714146315,1546.8152633882564,1,45.50480802637503,2,0,FIFA World Cup qualification
2019-09-05,Sri Lanka,Turkmenistan,970.4332257604707,1374.1734019808646,1,-303.740176220394,0,2,FIFA World Cup qualification
2019-09-05,Chad,Sudan,1395.3111997355843,1341.7261346170683,1,153.585065118516,1,3,FIFA World Cup qualification
2019-09-05,Seychelles,Rwanda,1142.9115958427826,1395.5492843593174,1,-152.6376885165348,0,3,FIFA World Cup qualification
2019-09-05,India,Oman,1376.7505741692219,1604.2082687655363,1,-127.45769459631447,1,2,FIFA World Cup qualification
2019-09-05,Barbados,Saint Martin,1280.5788453791536,1103.2370761426012,1,277.3417692365524,4,0,CONCACAF Nations League
2019-09-05,Bermuda,Panama,1493.1627006354915,1666.7088819444077,1,-73.54618130891618,1,4,CONCACAF Nations League
2019-09-05,Dominica,Suriname,1284.0088485877827,1435.9811162631256,1,-51.97226767534289,1,2,CONCACAF Nations League
2019-09-05,United States Virgin Islands,Cayman Islands,1068.5629017268184,1147.5454498651745,1,21.01745186164385,0,2,CONCACAF Nations League
2019-09-05,Argentina,Chile,1990.453704924297,1881.5039555918006,0,108.94974933249637,0,0,Friendly
2019-09-05,Honduras,Puerto Rico,1693.9392141775404,1186.5081079101733,1,607.4311062673671,4,0,Friendly
2019-09-05,South Korea,Georgia,1868.0970468810526,1575.5437344533486,0,292.553312427704,2,2,Friendly
2019-09-05,Montenegro,Hungary,1596.1684256849398,1714.5531616120843,1,-18.384735927144447,2,1,Friendly
2019-09-05,Peru,Ecuador,1947.5932408529773,1785.2107422493807,0,162.38249860359656,0,1,Friendly
2019-09-05,Saudi Arabia,Mali,1616.3428432610012,1653.1258053037052,1,63.21703795729604,1,1,Friendly
2019-09-05,Republic of Ireland,Switzerland,1780.9388724008354,1946.7833692796842,1,-65.84449687884876,1,1,UEFA Euro qualification
2019-09-05,Gibraltar,Denmark,1273.3639277805348,1927.9141142216758,1,-554.550186441141,0,6,UEFA Euro qualification
2019-09-05,Northern Ireland,Luxembourg,1736.2365008740753,1394.103321863173,1,442.13317901090227,1,0,Friendly
2019-09-05,Norway,Malta,1717.4804950576276,1238.2027584080618,1,579.2777366495659,2,0,UEFA Euro qualification
2019-09-05,Faroe Islands,Sweden,1279.514759118945,1872.313171428163,1,-492.79841230921807,0,4,UEFA Euro qualification
2019-09-05,Grenada,Saint Kitts and Nevis,1266.0713765843213,1410.7632247974313,1,-44.691848213110006,2,1,CONCACAF Nations League
2019-09-05,Japan,Paraguay,1838.483397622066,1804.81618577182,1,133.66721185024585,2,0,Kirin Challenge Cup
2019-09-05,Finland,Greece,1725.4746124682229,1634.7937697865814,1,190.68084268164148,1,0,UEFA Euro qualification
2019-09-05,French Guiana,Belize,1520.2408226520101,1350.7207915185286,1,269.52003113348155,3,0,CONCACAF Nations League
2019-09-05,Armenia,Italy,1517.8031362506126,1970.2114546562964,1,-352.40831840568376,1,3,UEFA Euro qualification
2019-09-05,Israel,North Macedonia,1636.692544111403,1547.2043422615316,1,189.48820184987153,1,1,UEFA Euro qualification
2019-09-05,Romania,Spain,1784.3930113481672,2083.2191998313638,1,-198.82618848319657,1,2,UEFA Euro qualification
2019-09-05,Bosnia and Herzegovina,Liechtenstein,1786.620639317428,1175.8338687724104,1,710.7867705450176,5,0,UEFA Euro qualification
2019-09-06,Cyprus,Kazakhstan,1452.2473616762725,1437.0449349186936,1,115.2024267575789,1,1,UEFA Euro qualification
2019-09-06,Comoros,Togo,1301.6729043887995,1447.901657098187,1,-46.228752709387436,1,1,FIFA World Cup qualification
2019-09-06,Bonaire,British Virgin Islands,1257.1415683662535,953.9703952785624,0,303.17117308769116,4,2,CONCACAF Nations League
2019-09-06,Nicaragua,Saint Vincent and the Grenadines,1354.7361525719757,1293.530325863312,1,161.2058267086636,1,1,CONCACAF Nations League
2019-09-06,Jamaica,Antigua and Barbuda,1682.4836274611814,1376.2302772640721,1,406.2533501971093,6,0,CONCACAF Nations League
2019-09-06,Aruba,Guyana,1201.5827109648815,1424.8159131617217,0,-223.23320219684024,0,1,CONCACAF Nations League
2019-09-06,Martinique,Trinidad and Tobago,1592.7872144793548,1516.5063895644926,1,176.28082491486225,1,1,CONCACAF Nations League
2019-09-06,San Marino,Belgium,925.984570411615,2112.582256303088,1,-1086.5976858914728,0,4,UEFA Euro qualification
2019-09-06,Scotland,Russia,1707.318374999892,1818.8962606463515,1,-11.577885646459436,1,2,UEFA Euro qualification
2019-09-06,Slovenia,Poland,1623.0532292886571,1860.27069529878,1,-137.21746601012296,2,0,UEFA Euro qualification
2019-09-06,Gambia,Angola,1451.5206413792862,1478.8710380539676,1,72.6496033253186,0,1,FIFA World Cup qualification
2019-09-06,Slovakia,Croatia,1808.67479315382,1942.7502254904507,1,-34.07543233663068,0,4,UEFA Euro qualification
2019-09-06,Austria,Latvia,1774.493474040517,1312.6190392042895,1,561.8744348362275,6,0,UEFA Euro qualification
2019-09-06,Brazil,Colombia,2182.20355744224,2083.8585549128306,0,98.34500252940916,2,2,Friendly
2019-09-06,Ivory Coast,Benin,1742.6775591692194,1575.7560553228147,0,166.92150384640468,1,2,Friendly
2019-09-06,Morocco,Burkina Faso,1788.5416150062035,1642.8552607919632,1,245.68635421424028,1,1,Friendly
2019-09-06,Costa Rica,Uruguay,1782.7583373645414,2007.9050703477276,1,-125.14673298318621,1,2,Friendly
2019-09-06,United States,Mexico,1832.9174754633939,1967.3451049073124,1,-34.42762944391848,0,3,Friendly
2019-09-06,Estonia,Belarus,1538.6422335352552,1537.479604089142,1,101.16262944611321,1,2,UEFA Euro qualification
2019-09-06,Germany,Netherlands,2027.0346311023684,2004.0848646822865,1,122.94976642008214,2,4,UEFA Euro qualification
2019-09-06,Wales,Azerbaijan,1786.1509006286635,1415.2983818941707,1,470.85251873449283,2,1,UEFA Euro qualification
2019-09-06,Tunisia,Mauritania,1711.3317736268914,1465.2217901907998,1,346.1099834360916,1,0,Friendly
2019-09-07,Canada,Cuba,1703.589020516657,1428.3505017020295,1,375.23851881462747,6,0,CONCACAF Nations League
2019-09-07,Botswana,Malawi,1416.2313689255348,1452.5527392858519,1,63.67862963968287,0,0,FIFA World Cup qualification
2019-09-07,Guadeloupe,Sint Maarten,1402.0951469521451,1273.2792309392269,1,228.81591601291825,5,1,CONCACAF Nations League
2019-09-07,El Salvador,Saint Lucia,1622.0467322184422,1345.1846340324978,1,376.86209818594443,3,0,CONCACAF Nations League
2019-09-07,Montserrat,Dominican Republic,1181.2545225220106,1403.352149963234,1,-122.0976274412235,2,1,CONCACAF Nations League
2019-09-07,Curaçao,Haiti,1509.3123499523263,1732.9329903507055,1,-123.62064039837924,1,0,CONCACAF Nations League
2019-09-07,Turkey,Andorra,1816.3356970099755,1102.4751137919955,1,813.8605832179801,1,0,UEFA Euro qualification
2019-09-07,France,Albania,2107.2945322027995,1563.1694400608924,1,644.1250921419071,4,1,UEFA Euro qualification
2019-09-07,Iceland,Moldova,1761.872538572729,1346.212097099751,1,515.6604414729779,3,0,UEFA Euro qualification
2019-09-07,Serbia,Portugal,1829.2111229082795,2012.8518964121793,1,-83.64077350389971,2,4,UEFA Euro qualification
2019-09-07,Lithuania,Ukraine,1371.2412702708195,1865.6107128679016,1,-394.36944259708207,0,3,UEFA Euro qualification
2019-09-07,England,Bulgaria,2000.1668117783292,1617.7945364061861,1,482.3722753721431,4,0,UEFA Euro qualification
2019-09-07,Kosovo,Czech Republic,1607.4399441880134,1769.8043613969778,1,-62.36441720896437,2,1,UEFA Euro qualification
2019-09-07,Libya,Niger,1562.2375645030017,1435.7584545056209,0,126.47910999738087,2,0,Friendly
2019-09-08,Sierra Leone,Liberia,1461.088324908198,1465.8206326615796,1,95.26769224661848,1,0,FIFA World Cup qualification
2019-09-08,Tanzania,Burundi,1441.4811662827906,1411.0714676354005,1,130.4096986473901,1,1,FIFA World Cup qualification
2019-09-08,Lesotho,Ethiopia,1396.1023743086994,1378.8681916253074,1,117.23418268339196,1,1,FIFA World Cup qualification
2019-09-08,Equatorial Guinea,South Sudan,1429.6805928200376,1206.3320732228435,1,323.3485195971941,1,0,FIFA World Cup qualification
2019-09-08,Cayman Islands,Barbados,1171.4048865291672,1290.0552996333954,1,-18.650413104228164,3,2,CONCACAF Nations League
2019-09-08,Saint Martin,United States Virgin Islands,1093.7606218883593,1044.7034650628257,0,49.05715682553364,1,2,CONCACAF Nations League
2019-09-08,Suriname,Nicaragua,1448.7538810434128,1348.236222248202,1,200.51765879521076,6,0,CONCACAF Nations League
2019-09-08,Saint Vincent and the Grenadines,Dominica,1300.0302561870858,1271.2360838074956,1,128.79417237959024,1,0,CONCACAF Nations League
2019-09-08,Saint Kitts and Nevis,French Guiana,1393.8442948546676,1529.4216195692943,1,-35.577324714626684,2,2,CONCACAF Nations League
2019-09-08,Belize,Grenada,1341.5399946012444,1282.990306527085,1,158.54968807415935,1,2,CONCACAF Nations League
2019-09-08,Switzerland,Gibraltar,1943.0377906661388,1270.009954572732,1,773.0278360934067,4,0,UEFA Euro qualification
2019-09-08,Greece,Liechtenstein,1624.7865296104337,1174.5188709465401,1,550.2676586638936,1,1,UEFA Euro qualification
2019-09-08,Finland,Italy,1735.4818526443705,1977.1852577971651,1,-141.70340515279463,1,2,UEFA Euro qualification
2019-09-08,Armenia,Bosnia and Herzegovina,1510.8293331097439,1787.9356371432982,1,-177.10630403355435,4,2,UEFA Euro qualification
2019-09-08,Sweden,Norway,1876.465841758574,1719.5446991556212,1,256.92114260295284,1,1,UEFA Euro qualification
2019-09-08,Spain,Faroe Islands,2092.878743956539,1275.362088788534,0,817.516655168005,4,0,UEFA Euro qualification
2019-09-08,Romania,Malta,1774.7334672229922,1236.1385543100682,1,638.594912912924,1,0,UEFA Euro qualification
2019-09-08,Georgia,Denmark,1582.4125946568383,1931.2680874294786,1,-248.85549277264022,0,0,UEFA Euro qualification
2019-09-08,Kenya,Uganda,1516.2079728019526,1591.7654300647778,1,24.44254273717479,1,1,Friendly
2019-09-08,Panama,Bermuda,1687.4837416034777,1472.3878409764216,1,315.09590062705615,0,2,CONCACAF Nations League
2019-09-09,Scotland,Belgium,1687.9846050793383,2112.7260479343468,1,-324.7414428550085,0,4,UEFA Euro qualification
2019-09-09,San Marino,Cyprus,925.840778780356,1445.848580114743,1,-420.00780133438707,0,4,UEFA Euro qualification
2019-09-09,Trinidad and Tobago,Martinique,1523.5248740624772,1585.7687299813701,1,37.756144081107095,2,2,CONCACAF Nations League
2019-09-09,Latvia,North Macedonia,1309.3982890562095,1557.1454984943832,1,-147.74720943817374,0,2,UEFA Euro qualification
2019-09-09,Guyana,Jamaica,1431.3167514681247,1688.0921996872598,1,-156.77544821913511,0,4,CONCACAF Nations League
2019-09-09,Bahamas,Bonaire,1197.9896984562292,1263.8310189199694,1,34.1586795362598,2,1,CONCACAF Nations League
2019-09-09,Antigua and Barbuda,Aruba,1370.6217050379937,1195.0818726584785,1,275.53983237951525,2,1,CONCACAF Nations League
2019-09-09,Slovenia,Israel,1664.3216562499204,1626.7513878785514,1,137.5702683713689,3,2,UEFA Euro qualification
2019-09-09,Russia,Kazakhstan,1838.2300305669053,1443.443716480223,1,494.7863140866823,1,0,UEFA Euro qualification
2019-09-09,Hungary,Slovakia,1704.024499710995,1774.8409323875585,1,29.18356732343659,1,2,UEFA Euro qualification
2019-09-09,Azerbaijan,Croatia,1412.8039887721388,1976.5840862567122,1,-463.7800974845734,1,1,UEFA Euro qualification
2019-09-09,Estonia,Netherlands,1512.9780170995132,2044.2791690460747,1,-431.3011519465615,0,4,UEFA Euro qualification
2019-09-09,Northern Ireland,Germany,1737.6915968588708,1986.8403267385802,1,-149.14872987970944,0,2,UEFA Euro qualification
2019-09-09,Wales,Belarus,1788.6452937506954,1563.143820524884,1,325.5014732258114,1,0,Friendly
2019-09-09,Iraq,Uzbekistan,1681.0454384920984,1683.2503641769251,0,-2.204925684826776,0,0,Friendly
2019-09-09,Algeria,Benin,1823.7621852723053,1590.222004203968,1,333.54018106833723,1,0,Friendly
2019-09-09,Poland,Austria,1819.0022683375169,1777.714224188597,1,141.28804414891988,0,0,UEFA Euro qualification
2019-09-10,Myanmar,Japan,1226.7336092775422,1852.7303087158684,1,-525.9966994383262,0,2,FIFA World Cup qualification
2019-09-10,Mongolia,Tajikistan,1080.4551445198335,1418.1092300284206,1,-237.65408550858706,0,1,FIFA World Cup qualification
2019-09-10,Qatar,India,1828.3055561804135,1363.775289566881,1,564.5302666135326,0,0,FIFA World Cup qualification
2019-09-10,Afghanistan,Bangladesh,1311.4344094925095,1040.237164326623,0,271.19724516588644,1,0,FIFA World Cup qualification
2019-09-10,Cambodia,Bahrain,1067.264579743864,1605.7794822964577,1,-438.51490255259364,0,1,FIFA World Cup qualification
2019-09-10,Yemen,Saudi Arabia,1333.0675203546866,1614.543127998849,0,-281.47560764416244,2,2,FIFA World Cup qualification
2019-09-10,Hong Kong,Iran,1335.9984697452928,1891.9334438412295,1,-455.9349740959367,0,2,FIFA World Cup qualification
2019-09-10,Taiwan,Nepal,1205.1870100729705,1105.4189242533778,1,199.76808581959267,0,2,FIFA World Cup qualification
2019-09-10,Kuwait,Australia,1522.124664528765,1766.9362481508063,1,-144.81158362204133,0,3,FIFA World Cup qualification
2019-09-10,Singapore,Palestine,1256.9903218396123,1585.6707080238739,1,-228.68038618426158,2,1,FIFA World Cup qualification
2019-09-10,Malaysia,United Arab Emirates,1341.0283241871416,1616.0531887892128,1,-175.02486460207115,1,2,FIFA World Cup qualification
2019-09-10,Angola,Gambia,1502.9931812054522,1427.3984982278016,1,175.59468297765056,2,1,FIFA World Cup qualification
2019-09-10,Sri Lanka,North Korea,961.5388014398678,1518.4131845438812,1,-456.87438310401353,0,1,FIFA World Cup qualification
2019-09-10,Maldives,China,1162.016950838495,1643.0789250489377,1,-381.0619742104427,0,5,FIFA World Cup qualification
2019-09-10,Guinea-Bissau,São Tomé and Príncipe,1415.0624278574235,1228.6473454136124,1,286.4150824438111,2,1,FIFA World Cup qualification
2019-09-10,Malawi,Botswana,1456.1778743626421,1412.6062338487445,1,143.5716405138976,1,0,FIFA World Cup qualification
2019-09-10,Mozambique,Mauritius,1428.1632766056339,1252.1913723421917,1,275.9719042634422,2,0,FIFA World Cup qualification
2019-09-10,Namibia,Eritrea,1446.3387220479638,1203.886158336765,1,342.45256371119876,2,0,FIFA World Cup qualification
2019-09-10,Rwanda,Seychelles,1416.091271127048,1122.369609075052,1,393.72166205199596,7,0,FIFA World Cup qualification
2019-09-10,Sudan,Chad,1384.1864850723846,1352.850849280268,1,131.3356357921166,0,0,FIFA World Cup qualification
2019-09-10,Eswatini,Djibouti,1280.0153544059062,1021.19938245297,1,358.81597195293625,0,0,FIFA World Cup qualification
2019-09-10,Togo,Comoros,1445.2561101914823,1304.318451295504,1,240.9376588959783,2,0,FIFA World Cup qualification
2019-09-10,Zimbabwe,Somalia,1506.1380778889568,1050.4428791169546,1,555.6951987720022,3,1,FIFA World Cup qualification
2019-09-10,Turkmenistan,South Korea,1383.0678263014674,1861.228186677563,1,-378.16036037609547,0,2,FIFA World Cup qualification
2019-09-10,Guam,Philippines,1072.8397029949292,1295.251782380914,1,-122.41207938598473,1,4,FIFA World Cup qualification
2019-09-10,Indonesia,Thailand,1355.957339215518,1481.2288609930272,1,-25.27152177750918,0,3,FIFA World Cup qualification
2019-09-10,Puerto Rico,Guatemala,1185.4053240483747,1577.0461817830187,1,-291.640857734644,0,5,CONCACAF Nations League
2019-09-10,Turks and Caicos Islands,Guadeloupe,1141.03639663792,1413.980179538872,1,-172.9437829009521,0,3,CONCACAF Nations League
2019-09-10,Argentina,Mexico,1987.4167770055371,1983.1166713981445,0,4.300105607392652,4,0,Friendly
2019-09-10,Brazil,Peru,2179.446212397416,1933.2324864438322,0,246.21372595358366,0,1,Friendly
2019-09-10,Colombia,Venezuela,2086.6158999576546,1845.3655813705693,0,241.2503185870853,0,0,Friendly
2019-09-10,Ecuador,Bolivia,1799.5714966585258,1635.5126022055683,1,264.0588944529575,3,0,Friendly
2019-09-10,Honduras,Chile,1695.041998039339,1884.5408835105604,1,-89.49888547122146,2,1,Friendly
2019-09-10,Ivory Coast,Tunisia,1728.2116102880661,1713.7319023429652,0,14.479707945100927,2,1,Friendly
2019-09-10,Jordan,Paraguay,1646.239488368539,1790.5692746780176,1,-44.32978630947855,2,4,Friendly
2019-09-10,Morocco,Niger,1782.4527986564785,1425.9899176832337,1,456.46288097324486,1,0,Friendly
2019-09-10,Oman,Lebanon,1617.1835533678773,1520.7221502590066,1,196.46140310887063,1,0,Friendly
2019-09-10,Republic of Ireland,Bulgaria,1784.6844510143808,1613.4000518795717,1,271.28439913480906,3,1,Friendly
2019-09-10,Ukraine,Nigeria,1872.164360025016,1764.2304145649034,1,207.93394546011268,2,2,Friendly
2019-09-10,England,Kosovo,2004.5612963049437,1630.9918627427728,1,473.5694335621706,5,3,UEFA Euro qualification
2019-09-10,Montenegro,Czech Republic,1606.697087586029,1746.2524428422184,1,-39.55535525618939,0,3,UEFA Euro qualification
2019-09-10,Luxembourg,Serbia,1392.6482258783776,1806.2968896855768,1,-313.6486638071992,1,3,UEFA Euro qualification
2019-09-10,Lithuania,Portugal,1364.687623113705,2035.766129634882,1,-571.0785065211769,1,5,UEFA Euro qualification
2019-09-10,Albania,Iceland,1561.4934907627753,1765.2937864974194,1,-103.80029573464412,4,2,UEFA Euro qualification
2019-09-10,France,Andorra,2108.970481500917,1102.1091677633765,1,1106.8613137375403,3,0,UEFA Euro qualification
2019-09-10,Moldova,Turkey,1342.7908491750604,1816.7016430385945,1,-373.9107938635341,0,4,UEFA Euro qualification
2019-09-10,Cuba,Canada,1421.7589980317941,1710.1805241868924,0,-288.42152615509826,0,1,CONCACAF Nations League
2019-09-10,Haiti,Curaçao,1712.810235537185,1529.4351047658467,1,283.37513077133826,1,1,CONCACAF Nations League
2019-09-10,Montserrat,Saint Lucia,1201.3191059804535,1339.8016562214743,1,-38.48255024102082,1,1,CONCACAF Nations League
2019-09-10,Dominican Republic,El Salvador,1383.2875665047911,1627.4297100294657,1,-144.14214352467457,1,0,CONCACAF Nations League
2019-09-10,United States,Uruguay,1817.1459089725618,2014.4511574448004,1,-97.30524847223865,1,1,Friendly
2019-09-18,DR Congo,Rwanda,1632.8622536153619,1424.5459107607044,1,308.3163428546575,2,3,Friendly
2019-09-29,Bangladesh,Bhutan,1033.2978211617042,850.9659383950002,1,282.331882766704,4,1,Friendly
2019-09-30,Botswana,Liberia,1400.4305103088343,1451.171250307498,1,49.259260001336315,0,0,Friendly
2019-10-02,Mexico,Trinidad and Tobago,1964.598722652722,1521.9011967980473,1,542.697525854675,2,0,Friendly
2019-10-03,Bangladesh,Bhutan,1039.054776725418,845.2089828312863,1,293.8457938941316,2,0,Friendly
2019-10-05,Jordan,Singapore,1633.1430406184907,1288.5335414283052,1,444.6094991901855,0,0,Friendly
2019-10-05,Malaysia,Sri Lanka,1330.3297375546763,958.8494541486043,1,471.480283406072,6,0,Friendly
2019-10-09,Bahrain,Azerbaijan,1608.7463816824893,1430.2126626712904,1,278.53371901119885,2,3,Friendly
2019-10-09,South Sudan,Seychelles,1200.950212849582,1113.9149694413957,0,87.03524340818626,2,1,African Cup of Nations qualification
2019-10-09,Germany,Argentina,2004.6986299744551,2005.9347257509596,1,98.76390422349527,2,2,Friendly
2019-10-09,Liberia,Chad,1452.579621637709,1360.0704852699862,1,192.5091363677227,1,0,African Cup of Nations qualification
2019-10-09,Djibouti,Gambia,1036.699603984166,1416.7255987270892,1,-280.0259947429231,1,1,African Cup of Nations qualification
2019-10-09,Mauritius,São Tomé and Príncipe,1242.0167005781332,1222.1961606332675,1,119.82053994486569,1,3,African Cup of Nations qualification
2019-10-10,Iran,Cambodia,1895.987860445127,1064.2976803578324,1,931.6901800872945,14,0,FIFA World Cup qualification
2019-10-10,French Guiana,Grenada,1527.8909692411496,1304.3967872726507,1,323.4941819684989,0,0,CONCACAF Nations League
2019-10-10,British Virgin Islands,Bahamas,947.2809447248464,1211.5196831268727,0,-264.23873840202623,0,4,CONCACAF Nations League
2019-10-10,Sint Maarten,Turks and Caicos Islands,1261.3941983524999,1126.8709338533602,0,134.5232644991397,2,5,CONCACAF Nations League
2019-10-10,Syria,Maldives,1579.183941887291,1153.9905925535177,0,425.1933493337733,2,1,FIFA World Cup qualification
2019-10-10,China,Guam,1651.105283333915,1049.685121895176,1,701.4201614387389,7,0,FIFA World Cup qualification
2019-10-10,Jordan,Kuwait,1624.5790202761846,1500.9227927142742,1,223.65622756191033,0,0,FIFA World Cup qualification
2019-10-10,Australia,Nepal,1788.138119965297,1150.9891139483698,1,737.1490060169272,5,0,FIFA World Cup qualification
2019-10-10,Iraq,Hong Kong,1681.1089005027789,1331.9440531413954,1,449.1648473613834,2,0,FIFA World Cup qualification
2019-10-10,Oman,Afghanistan,1622.0633704022712,1318.3737526574284,1,403.68961774484274,3,0,FIFA World Cup qualification
2019-10-10,South Korea,Sri Lanka,1867.3390216272558,956.2081273968289,1,1011.1308942304269,8,0,FIFA World Cup qualification
2019-10-10,Bangladesh,Qatar,1043.722088326805,1809.79906661614,1,-666.0769782893349,0,2,FIFA World Cup qualification
2019-10-10,Belize,Saint Kitts and Nevis,1320.1335138556788,1395.3749451828123,1,24.75856867286643,0,4,CONCACAF Nations League
2019-10-10,Japan,Mongolia,1855.5012349745468,1072.33772113609,1,883.1635138384568,6,0,FIFA World Cup qualification
2019-10-10,Kyrgyzstan,Myanmar,1445.7025873124903,1223.9626830188638,1,321.7399042936265,7,0,FIFA World Cup qualification
2019-10-10,United Arab Emirates,Indonesia,1626.751775421678,1323.4986640217442,1,403.2531113999339,5,0,FIFA World Cup qualification
2019-10-10,Vietnam,Malaysia,1504.093009850032,1332.9710643064518,1,271.1219455435803,1,0,FIFA World Cup qualification
2019-10-10,Lebanon,Turkmenistan,1515.8423332246127,1376.9569913517746,1,238.88534187283813,2,1,FIFA World Cup qualification
2019-10-10,Uzbekistan,Yemen,1683.1869021662446,1346.4610015369078,1,436.7259006293368,5,0,FIFA World Cup qualification
2019-10-10,Haiti,Costa Rica,1702.7200591247185,1776.2122502674686,1,26.507808857249984,1,1,CONCACAF Nations League
2019-10-10,Saudi Arabia,Singapore,1601.1496468166279,1297.0975617706113,1,404.0520850460166,3,0,FIFA World Cup qualification
2019-10-10,Venezuela,Bolivia,1851.3734287316374,1629.2316819036841,1,322.1417468279533,4,1,Friendly
2019-10-10,Trinidad and Tobago,Honduras,1520.6373768066364,1707.5624776367647,1,-86.92510083012826,0,2,CONCACAF Nations League
2019-10-10,Belarus,Estonia,1560.4816225086981,1507.1973921368617,1,153.28423037183643,0,0,UEFA Euro qualification
2019-10-10,Netherlands,Northern Ireland,2050.0597940087264,1719.8332936229958,1,430.22650038573056,3,1,UEFA Euro qualification
2019-10-10,Croatia,Hungary,1959.1754123575606,1682.3484983603573,1,376.8269139972033,3,0,UEFA Euro qualification
2019-10-10,Slovakia,Wales,1796.5169337381963,1791.3074917668812,1,105.20944197131507,1,1,UEFA Euro qualification
2019-10-10,Austria,Israel,1785.42687972973,1614.2811094914505,1,271.1457702382795,3,1,UEFA Euro qualification
2019-10-10,North Macedonia,Slovenia,1575.1051609710717,1676.7919346370213,1,-1.6867736659496586,2,1,UEFA Euro qualification
2019-10-10,Kazakhstan,Cyprus,1441.252778337064,1451.9857139121568,1,89.26706442490718,1,2,UEFA Euro qualification
2019-10-10,Belgium,San Marino,2122.7472149454466,919.7036449829423,1,1303.0435699625043,9,0,UEFA Euro qualification
2019-10-10,Latvia,Poland,1291.438626579521,1811.2896127963838,1,-419.8509862168628,0,3,UEFA Euro qualification
2019-10-10,Algeria,DR Congo,1826.3193906784836,1615.761153359496,1,310.5582373189877,1,1,Friendly
2019-10-10,Brazil,Senegal,2163.3478533025223,1855.7036419851909,0,307.6442113173314,1,1,Friendly
2019-10-10,Cape Verde,Togo,1506.6108684713276,1457.2498302099877,0,49.3610382613399,2,1,Friendly
2019-10-10,Gabon,Burkina Faso,1500.6945111775535,1648.9440771416882,0,-148.24956596413472,1,0,Friendly
2019-10-10,Kosovo,Gibraltar,1627.3047675812318,1269.1440926285454,1,458.16067495268635,1,0,Friendly
2019-10-10,Niger,Zambia,1424.642269888275,1567.5409719627917,1,-42.89870207451668,1,1,Friendly
2019-10-10,Serbia,Paraguay,1814.7678121793228,1803.665722428066,1,111.10208975125693,1,0,Friendly
2019-10-10,Thailand,Congo,1513.687536186801,1478.4770402998568,1,135.21049588694427,1,1,Friendly
2019-10-10,Russia,Scotland,1840.4209687100642,1677.9634380682387,1,262.45753064182554,4,0,UEFA Euro qualification
2019-10-11,Uruguay,Peru,2011.7214863812928,1949.330845538726,1,162.39064084256688,1,0,Friendly
2019-10-11,Nicaragua,Dominica,1332.9547370513822,1261.5551339437773,1,171.3996031076049,3,1,CONCACAF Nations League
2019-10-11,Antigua and Barbuda,Guyana,1375.7195570966537,1415.0862211900874,1,60.633335906566344,2,1,CONCACAF Nations League
2019-10-11,Bermuda,Mexico,1511.079969073115,1965.8625426441329,1,-354.7825735710178,1,5,CONCACAF Nations League
2019-10-11,United States,Cuba,1819.8755800360693,1416.9672968871146,1,502.90828314895475,7,0,CONCACAF Nations League
2019-10-11,Morocco,Libya,1783.8004464514372,1572.006101325389,1,311.79434512604826,1,1,Friendly
2019-10-11,Saint Vincent and the Grenadines,Suriname,1309.711206050804,1464.0353662402326,1,-54.32416018942854,2,2,CONCACAF Nations League
2019-10-11,Andorra,Moldova,1101.989713129557,1334.9828366288348,1,-132.99312349927777,1,0,UEFA Euro qualification
2019-10-11,Iceland,France,1726.5884286934688,2109.089936134736,1,-282.5015074412672,0,1,UEFA Euro qualification
2019-10-11,Ukraine,Lithuania,1866.804674882369,1361.9871540081654,1,604.8175208742036,2,0,UEFA Euro qualification
2019-10-11,Portugal,Luxembourg,2038.4665987404217,1384.1773033846316,1,754.2892953557898,3,0,UEFA Euro qualification
2019-10-11,Montenegro,Bulgaria,1575.6646913305533,1608.1977022643769,1,67.46698906617644,0,0,UEFA Euro qualification
2019-10-11,Czech Republic,England,1777.2848390976942,2008.2483914664847,1,-130.9635523687905,2,1,UEFA Euro qualification
2019-10-11,Turkey,Albania,1824.5096555848202,1600.198848566726,1,324.31080701809424,1,0,UEFA Euro qualification
2019-10-12,Anguilla,Guatemala,941.1669824817432,1586.4812909532436,1,-545.3143084715005,0,5,CONCACAF Nations League
2019-10-12,Saint Martin,Cayman Islands,1076.6566180172306,1187.2093170646388,0,-110.55269904740817,3,0,CONCACAF Nations League
2019-10-12,Barbados,United States Virgin Islands,1274.250869097924,1061.8074689339544,1,312.4434001639695,1,0,CONCACAF Nations League
2019-10-12,Jamaica,Aruba,1704.3227299652972,1189.9840205998185,1,614.3387093654787,2,0,CONCACAF Nations League
2019-10-12,Montserrat,El Salvador,1202.973770199026,1606.540655170016,1,-303.56688497099003,0,2,CONCACAF Nations League
2019-10-12,Tunisia,Cameroon,1704.1484207185583,1682.0296877015119,1,122.11873301704645,0,0,Friendly
2019-10-12,Ivory Coast,DR Congo,1737.795091912473,1622.8940960796858,1,214.9009958327872,3,1,Friendly
2019-10-12,Guinea,Comoros,1546.2197232512297,1292.3247312769986,0,253.89499197423106,0,1,Friendly
2019-10-12,Dominican Republic,Saint Lucia,1404.1766213642409,1338.146992002902,1,166.02962936133895,3,0,CONCACAF Nations League
2019-10-12,Liechtenstein,Armenia,1192.9027290874867,1554.921913011161,1,-262.0191839236743,1,1,UEFA Euro qualification
2019-10-12,Italy,Greece,1989.4522572781646,1606.4026714694871,1,483.0495858086772,2,0,UEFA Euro qualification
2019-10-12,Bosnia and Herzegovina,Finland,1743.843057241881,1723.2148531633711,1,120.62820407850995,4,1,UEFA Euro qualification
2019-10-12,Norway,Spain,1732.121298651454,2093.5507309774925,1,-261.4294323260385,1,1,UEFA Euro qualification
2019-10-12,Malta,Sweden,1235.1506563931423,1863.8892422627412,1,-528.7385858695989,0,4,UEFA Euro qualification
2019-10-12,Faroe Islands,Romania,1274.6901017675807,1775.7213651399181,1,-401.03126337233743,0,3,UEFA Euro qualification
2019-10-12,Denmark,Switzerland,1918.976295275337,1943.9036526103255,1,75.07264266501147,1,0,UEFA Euro qualification
2019-10-12,Georgia,Republic of Ireland,1594.70438681098,1789.8868006295756,1,-95.1824138185957,0,0,UEFA Euro qualification
2019-10-12,Colombia,Chile,2080.6080525965863,1872.0204039131347,0,208.58764868345156,0,0,Friendly
2019-10-13,Equatorial Guinea,Togo,1435.0624531932992,1448.6610727302534,0,-13.598619536954175,1,1,Friendly
2019-10-13,Ethiopia,Uganda,1385.3717613455728,1592.467784656455,1,-107.09602331088217,0,1,Friendly
2019-10-13,Kenya,Mozambique,1515.5056182102753,1438.3379483696924,1,177.1676698405829,0,1,Friendly
2019-10-13,Lesotho,Malawi,1389.598804588434,1468.3535979025523,1,21.245206685881612,1,1,Friendly
2019-10-13,Niger,Central African Republic,1425.8707571835257,1440.0873049081856,1,85.7834522753401,0,2,Friendly
2019-10-13,Slovakia,Paraguay,1790.639162966873,1796.7587798215498,1,93.88038314532332,1,1,Friendly
2019-10-13,Saint Kitts and Nevis,Belize,1425.500772021078,1290.007687017413,1,235.4930850036651,0,1,CONCACAF Nations League
2019-10-13,Honduras,Martinique,1724.5477776882049,1587.3924072458,1,237.15537044240477,1,0,CONCACAF Nations League
2019-10-13,Costa Rica,Curaçao,1777.354468938178,1539.5252811783132,1,337.8291877598647,0,0,CONCACAF Nations League
2019-10-13,Grenada,French Guiana,1315.363320237699,1516.9244362761012,1,-101.56111603840213,1,0,CONCACAF Nations League
2019-10-13,British Virgin Islands,Bonaire,937.1951806333536,1250.301034249326,0,-313.10585361597236,3,4,CONCACAF Nations League
2019-10-13,Ecuador,Argentina,1805.85241696041,2008.703207363125,0,-202.85079040271512,1,6,Friendly
2019-10-13,South Africa,Mali,1629.4899996898248,1654.9255205658574,1,74.56447912396743,2,1,Friendly
2019-10-13,Brazil,Nigeria,2156.2563566386543,1769.5900997075505,0,386.6662569311038,1,1,Friendly
2019-10-13,Slovenia,Austria,1656.6948369024324,1795.8384439744852,1,-39.14360707205287,0,1,UEFA Euro qualification
2019-10-13,Seychelles,South Sudan,1098.8228839231535,1216.042298367824,1,-17.21941444467052,0,1,African Cup of Nations qualification
2019-10-13,Benin,Zambia,1587.6647987977897,1566.312484667541,1,121.35231413024871,2,2,Friendly
2019-10-13,Belarus,Netherlands,1552.1890573398293,2054.7107662318886,1,-402.5217088920592,1,2,UEFA Euro qualification
2019-10-13,Estonia,Germany,1515.4899573057305,2001.9301483622896,1,-386.4401910565591,0,3,UEFA Euro qualification
2019-10-13,Hungary,Azerbaijan,1675.1698898901068,1446.862437052594,1,328.30745283751276,1,0,UEFA Euro qualification
2019-10-13,Poland,North Macedonia,1817.0223536861492,1595.2022587056606,1,321.82009498048865,2,0,UEFA Euro qualification
2019-10-13,Wales,Croatia,1797.1852625382044,1966.3540208278112,1,-69.16875828960679,1,1,UEFA Euro qualification
2019-10-13,Cyprus,Russia,1477.0141740786246,1853.9821885868093,1,-276.96801450818475,0,5,UEFA Euro qualification
2019-10-13,Kazakhstan,Belgium,1416.2243181705962,2122.802441908409,1,-606.5781237378128,0,2,UEFA Euro qualification
2019-10-13,Gambia,Djibouti,1403.3782699942665,1050.0469327169887,1,453.3313372772777,1,1,African Cup of Nations qualification
2019-10-13,Chad,Liberia,1350.142009148048,1462.5080977596472,1,-12.366088611599253,1,0,African Cup of Nations qualification
2019-10-13,São Tomé and Príncipe,Mauritius,1262.1507387987185,1202.0621224126821,1,160.0886163860364,2,1,African Cup of Nations qualification
2019-10-13,Scotland,San Marino,1664.4022181914936,919.6484180199798,1,844.7538001715138,6,0,UEFA Euro qualification
2019-10-14,Sint Maarten,Guadeloupe,1225.459669537347,1428.145642323432,0,-202.6859727860849,1,2,CONCACAF Nations League
2019-10-14,Egypt,Botswana,1715.659567385242,1399.0221389786234,1,416.6374284066187,1,0,Friendly
2019-10-14,Suriname,Saint Vincent and the Grenadines,1461.7089315201845,1312.0376407708522,1,249.67129074933223,0,1,CONCACAF Nations League
2019-10-14,Dominica,Nicaragua,1249.3343399775931,1345.1755310175663,1,4.158808960026818,0,4,CONCACAF Nations League
2019-10-14,Venezuela,Trinidad and Tobago,1856.1109401669855,1503.6520767551963,1,452.45886341178925,2,0,Friendly
2019-10-14,Rwanda,Tanzania,1441.6470110165703,1434.3079304798957,1,107.3390805366746,0,0,Friendly
2019-10-14,Czech Republic,Northern Ireland,1804.4858400904873,1715.1823213998337,1,189.30351869065362,2,3,Friendly
2019-10-14,Guyana,Antigua and Barbuda,1402.6777170375885,1388.1280612491526,1,114.54965578843598,5,1,CONCACAF Nations League
2019-10-14,France,Turkey,2115.66394803143,1829.8657671418073,1,385.7981808896229,1,1,UEFA Euro qualification
2019-10-14,Iceland,Andorra,1720.0144167967746,1129.2921854797635,1,690.7222313170112,2,0,UEFA Euro qualification
2019-10-14,Ukraine,Portugal,1868.5950778563263,2039.3656016057776,1,-70.77052374945129,2,1,UEFA Euro qualification
2019-10-14,Lithuania,Serbia,1360.196751034208,1821.674754785839,1,-361.4780037516309,1,2,UEFA Euro qualification
2019-10-14,Bulgaria,England,1612.0333238413536,1981.0473904736916,1,-269.014066632338,0,6,UEFA Euro qualification
2019-10-14,Kosovo,Montenegro,1628.6401837304825,1571.8290697535765,1,156.81111397690597,2,0,UEFA Euro qualification
2019-10-14,Moldova,Albania,1307.6803642786283,1594.8427370097388,1,-187.1623727311105,0,4,UEFA Euro qualification
2019-10-15,Cayman Islands,Saint Martin,1152.8775970613922,1110.9883380204772,1,141.88925904091502,1,0,CONCACAF Nations League
2019-10-15,United States Virgin Islands,Barbados,1057.5467076964428,1278.5116303354355,1,-120.96492263899268,0,4,CONCACAF Nations League
2019-10-15,Anguilla,Puerto Rico,938.6755628857798,1175.9702148781498,1,-137.29465199237006,2,3,CONCACAF Nations League
2019-10-15,Syria,Guam,1582.3684828970738,1048.1252146126474,0,534.2432682844264,4,0,FIFA World Cup qualification
2019-10-15,Philippines,China,1318.406363480667,1652.6651906164436,1,-234.25882713577653,0,0,FIFA World Cup qualification
2019-10-15,Jordan,Nepal,1613.230282723547,1149.856646471319,1,563.3736362522279,3,0,FIFA World Cup qualification
2019-10-15,Taiwan,Australia,1159.6168203779785,1789.2705874423477,1,-529.6537670643693,1,7,FIFA World Cup qualification
2019-10-15,Cambodia,Iraq,1063.7146994373581,1685.3131547197856,1,-521.5984552824275,0,4,FIFA World Cup qualification
2019-10-15,Bahrain,Iran,1592.0966073011857,1896.5708413656012,1,-204.47423406441544,1,0,FIFA World Cup qualification
2019-10-15,Qatar,Oman,1811.0686769155004,1628.305198605922,1,282.76347830957843,2,1,FIFA World Cup qualification
2019-10-15,Singapore,Uzbekistan,1290.8675858462952,1689.1775252588627,1,-298.3099394125675,1,3,FIFA World Cup qualification
2019-10-15,India,Bangladesh,1382.2817791311545,1042.4524780274446,1,439.8293011037099,1,1,FIFA World Cup qualification
2019-10-15,Sri Lanka,Lebanon,955.9271896118179,1523.9139950773854,1,-467.9868054655674,0,3,FIFA World Cup qualification
2019-10-15,Mongolia,Kyrgyzstan,1071.814328414503,1457.9091454987508,1,-286.0948170842478,1,2,FIFA World Cup qualification
2019-10-15,Tajikistan,Japan,1426.226653412164,1856.0246276961338,1,-329.7979742839698,0,3,FIFA World Cup qualification
2019-10-15,Thailand,United Arab Emirates,1509.9811165723834,1633.9016365335326,1,-23.92051996114924,2,1,FIFA World Cup qualification
2019-10-15,Indonesia,Vietnam,1316.3488029098896,1511.0348394654084,1,-94.68603655551874,1,3,FIFA World Cup qualification
2019-10-15,North Korea,South Korea,1521.1025318351446,1867.6199594122668,1,-246.51742757712213,0,0,FIFA World Cup qualification
2019-10-15,Aruba,Jamaica,1188.7108083709763,1705.5959421941393,0,-516.885133823163,0,6,CONCACAF Nations League
2019-10-15,Palestine,Saudi Arabia,1554.127488435181,1607.379622740944,1,46.747865694237134,0,0,FIFA World Cup qualification
2019-10-15,Saint Lucia,El Salvador,1323.566101313112,1613.217143381697,1,-189.65104206858496,0,2,CONCACAF Nations League
2019-10-15,Israel,Latvia,1603.8695452466952,1285.7058856897556,1,418.1636595569396,3,1,UEFA Euro qualification
2019-10-15,Mexico,Panama,1972.3219261434538,1648.7916135067842,1,423.5303126366696,3,1,CONCACAF Nations League
2019-10-15,Dominican Republic,Montserrat,1418.7575120540307,1196.2972819873448,1,322.4602300666859,0,0,CONCACAF Nations League
2019-10-15,Gibraltar,Georgia,1267.8086764792947,1600.050446489,1,-232.2417700097053,2,3,UEFA Euro qualification
2019-10-15,Switzerland,Republic of Ireland,1928.1591580701688,1784.5407409515556,1,243.61841711861325,2,0,UEFA Euro qualification
2019-10-15,Sweden,Spain,1867.3011278466424,2080.8185124591573,1,-113.51738461251489,1,1,UEFA Euro qualification
2019-10-15,Romania,Norway,1782.0507418264654,1744.853517169789,1,137.19722465667633,1,1,UEFA Euro qualification
2019-10-15,Finland,Armenia,1699.9008759567894,1542.1695260360452,1,257.73134992074415,3,0,UEFA Euro qualification
2019-10-15,Liechtenstein,Italy,1205.6551160626025,1992.9549632515102,1,-687.2998471889077,0,5,UEFA Euro qualification
2019-10-15,Greece,Bosnia and Herzegovina,1602.8999654961415,1767.1570344484628,1,-64.25706895232133,2,1,UEFA Euro qualification
2019-10-15,Algeria,Colombia,1819.1864479582937,2075.234970753566,0,-256.0485227952722,3,0,Friendly
2019-10-15,Faroe Islands,Malta,1268.3607250810335,1231.738770809241,1,136.62195427179245,1,0,UEFA Euro qualification
2019-10-15,Bolivia,Haiti,1624.494170468336,1701.5778404540092,1,22.91633001432683,3,1,Friendly
2019-10-15,Chile,Guinea,1877.3934857561553,1529.9843702226422,0,347.40911553351316,3,2,Friendly
2019-10-15,Denmark,Luxembourg,1934.7207898154936,1383.2783005192757,1,651.4424892962179,4,0,Friendly
2019-10-15,Kuwait,Turkmenistan,1512.271530266912,1368.885329499002,1,243.38620076790994,1,1,Friendly
2019-10-15,Mauritania,Libya,1462.821661474726,1579.1564760696203,1,-16.334814594894397,0,0,Friendly
2019-10-15,Morocco,Gabon,1776.6500717072058,1514.720079941844,1,361.9299917653618,2,3,Friendly
2019-10-15,Peru,Uruguay,1943.691789733521,2017.3605421864977,1,26.331247547023395,1,1,Friendly
2019-10-15,Canada,United States,1714.972225331572,1823.4127579838541,1,-8.440532652282172,2,0,CONCACAF Nations League
2019-10-15,Bermuda,Guatemala,1504.6205855737942,1588.972710549207,1,15.647875024587165,0,0,Friendly
2019-10-19,West Papua,East Turkestan,1500.0,1500.0,0,0.0,2,8,Friendly
2019-11-07,Nicaragua,Cuba,1373.6371715944845,1413.4301189393298,1,60.20705265515471,0,0,Friendly
2019-11-07,Egypt,Liberia,1717.325527504122,1441.796548920812,1,375.52897858330994,1,0,Friendly
2019-11-09,Malaysia,Tajikistan,1326.0292346910755,1417.1069297423837,1,8.922304948691817,1,0,Friendly
2019-11-09,Namibia,Zambia,1453.6735821194784,1569.6698535617863,1,-15.996271442307943,0,2,Friendly
2019-11-09,Uzbekistan,Kyrgyzstan,1698.3113778252523,1464.3703117260939,1,333.94106609915843,3,1,Friendly
2019-11-10,Nicaragua,Cuba,1371.921413411771,1415.1458771220432,1,56.775536289727825,0,1,Friendly
2019-11-10,Trinidad and Tobago,Anguilla,1501.5867160528599,929.3126383609842,1,672.2740776918756,15,0,Friendly
2019-11-13,Sierra Leone,Lesotho,1475.7377072622796,1388.9880793945647,1,186.74962786771493,1,1,African Cup of Nations qualification
2019-11-13,Nigeria,Benin,1777.6410033674144,1584.3074299035443,1,293.33357346387015,2,1,African Cup of Nations qualification
2019-11-13,Senegal,Congo,1862.7951386490586,1482.1834599142744,1,480.61167873478416,2,0,African Cup of Nations qualification
2019-11-13,Guinea-Bissau,Eswatini,1421.5136126377683,1264.5151328747102,1,256.9984797630582,3,0,African Cup of Nations qualification
2019-11-13,Cameroon,Cape Verde,1685.4066148787833,1515.199625951062,1,270.20698892772134,0,0,African Cup of Nations qualification
2019-11-13,Malawi,South Sudan,1468.9643230964216,1235.0518799939605,1,333.9124431024611,1,0,African Cup of Nations qualification
2019-11-13,Angola,Gambia,1513.6660807061646,1386.1192336387255,1,227.5468470674391,1,3,African Cup of Nations qualification
2019-11-13,Sudan,São Tomé and Príncipe,1376.9668490826664,1273.536473469007,1,203.4303756136594,4,0,African Cup of Nations qualification
2019-11-13,Burkina Faso,Uganda,1634.9185083773978,1599.4793685557147,1,135.43913982168306,0,0,African Cup of Nations qualification
2019-11-13,Namibia,Chad,1439.363709104457,1370.853557986883,1,168.51015111757397,2,1,African Cup of Nations qualification
2019-11-13,Central African Republic,Burundi,1458.7174063658788,1418.2447034382953,1,140.47270292758344,2,0,African Cup of Nations qualification
2019-11-14,Qatar,Singapore,1817.6344085594592,1281.7337332799057,1,635.9006752795535,2,0,Friendly
2019-11-14,Republic of Ireland,New Zealand,1772.694421396166,1687.240278761818,1,185.45414263434805,3,1,Friendly
2019-11-14,Ukraine,Estonia,1892.6135329365193,1508.660103546679,1,483.95342938984027,1,0,Friendly
2019-11-14,Maldives,Philippines,1150.8060515437348,1330.1617494680938,1,-79.35569792435899,1,2,FIFA World Cup qualification
2019-11-14,Syria,China,1585.6786462050452,1640.909804629017,0,-55.23115842397169,2,1,FIFA World Cup qualification
2019-11-14,Jordan,Australia,1615.8607298366444,1793.1179931952693,1,-77.25726335862487,0,1,FIFA World Cup qualification
2019-11-14,Kuwait,Taiwan,1506.2245414870329,1155.769414625057,1,450.45512686197594,9,0,FIFA World Cup qualification
2019-11-14,Iraq,Iran,1688.861424337466,1865.9941746965633,0,-177.13275035909737,2,1,FIFA World Cup qualification
2019-11-14,Hong Kong,Bahrain,1327.7397989243887,1622.6732739702236,1,-194.93347504583494,0,0,FIFA World Cup qualification
2019-11-14,Afghanistan,India,1312.1319244537776,1365.2279620074723,0,-53.096037553694714,1,1,FIFA World Cup qualification
2019-11-14,Yemen,Palestine,1340.4703784442897,1551.4525876700268,0,-210.98220922573705,1,0,FIFA World Cup qualification
2019-11-14,Oman,Bangladesh,1621.7394669619632,1059.5062951511268,1,662.2331718108364,4,1,FIFA World Cup qualification
2019-11-14,Myanmar,Tajikistan,1211.7561248326033,1407.3636778838952,1,-95.60755305129192,4,3,FIFA World Cup qualification
2019-11-14,Kyrgyzstan,Japan,1460.5422170102897,1865.1443513659142,1,-304.60213435562446,0,2,FIFA World Cup qualification
2019-11-14,Turkmenistan,North Korea,1374.932318278881,1533.3102249144847,1,-58.37790663560372,3,1,FIFA World Cup qualification
2019-11-14,Vietnam,United Arab Emirates,1533.0555633520098,1612.5268322925958,1,20.528731059413985,1,0,FIFA World Cup qualification
2019-11-14,Malaysia,Thailand,1335.772486549564,1531.3559208133202,1,-95.58343426375609,2,1,FIFA World Cup qualification
2019-11-14,Lebanon,South Korea,1528.3471917321892,1855.4122663329267,1,-227.0650746007375,0,0,FIFA World Cup qualification
2019-11-14,Ecuador,Trinidad and Tobago,1796.3615999204644,1502.9149114315385,1,393.44668848892593,3,0,Friendly
2019-11-14,Uzbekistan,Saudi Arabia,1702.1394725410564,1610.0545235060981,1,192.0849490349583,2,3,FIFA World Cup qualification
2019-11-14,Cambodia,Mongolia,1060.166429819678,1065.35316218716,1,94.81326763251786,1,1,Friendly
2019-11-14,Mozambique,Rwanda,1453.0368513851258,1438.6522252637533,1,114.38462612137255,2,0,African Cup of Nations qualification
2019-11-14,Turks and Caicos Islands,Sint Maarten,1162.805462668513,1218.3364044351752,1,44.46905823333782,3,2,CONCACAF Nations League
2019-11-14,Mali,Guinea,1647.039305009345,1527.5999917988202,1,219.43931321052492,2,2,African Cup of Nations qualification
2019-11-14,Ghana,South Africa,1737.6828383883233,1637.376215246337,1,200.30662314198617,2,0,African Cup of Nations qualification
2019-11-14,DR Congo,Gabon,1616.1457016582146,1532.5057367624681,1,183.63996489574652,0,0,African Cup of Nations qualification
2019-11-14,Egypt,Kenya,1719.390352172958,1500.806715194842,1,318.58363697811615,1,1,African Cup of Nations qualification
2019-11-14,Togo,Comoros,1448.2698727416114,1308.560084305586,1,239.7097884360253,0,1,African Cup of Nations qualification
2019-11-14,Algeria,Zambia,1847.6643577294637,1583.9797265768077,1,363.68463115265604,5,0,African Cup of Nations qualification
2019-11-14,England,Montenegro,1995.9472937911003,1554.5190328308004,1,541.4282609603001,7,0,UEFA Euro qualification
2019-11-14,Bulgaria,Paraguay,1597.133420523945,1799.3969771300428,1,-102.26355660609784,0,1,Friendly
2019-11-14,Portugal,Lithuania,2015.3471465255845,1355.757807275073,1,759.5893392505113,6,0,UEFA Euro qualification
2019-11-14,Czech Republic,Kosovo,1789.5192653314073,1645.9502206532586,1,243.56904467814866,2,1,UEFA Euro qualification
2019-11-14,Turkey,Iceland,1845.9499579750247,1721.1191934671924,1,224.83076450783233,0,0,UEFA Euro qualification
2019-11-14,Albania,Andorra,1613.8927101452086,1128.1874088093457,1,585.7053013358629,2,2,UEFA Euro qualification
2019-11-14,France,Moldova,2099.579757198213,1288.6303911431585,1,910.9493660550545,2,1,UEFA Euro qualification
2019-11-14,Martinique,Honduras,1581.2903968660603,1730.6497880679447,1,-49.359391201884364,1,1,CONCACAF Nations League
2019-11-14,Curaçao,Costa Rica,1550.7713122832492,1766.1084378332419,1,-115.3371255499926,1,2,CONCACAF Nations League
2019-11-14,Saint Kitts and Nevis,Grenada,1401.6494274296524,1334.6273015595693,1,167.02212587008307,0,0,CONCACAF Nations League
2019-11-14,Belize,French Guiana,1313.8590316088387,1497.6604549542308,1,-83.8014233453921,2,0,CONCACAF Nations League
2019-11-14,Bahamas,British Virgin Islands,1221.6054472183655,932.9483406938922,1,388.6571065244733,3,0,CONCACAF Nations League
2019-11-14,Serbia,Luxembourg,1826.113698544974,1382.4166528618894,1,543.6970456830848,3,2,UEFA Euro qualification
2019-11-15,Antigua and Barbuda,Jamaica,1368.9538863269165,1708.690895538759,1,-239.7370092118424,0,2,CONCACAF Nations League
2019-11-15,United States,Canada,1800.3662548618806,1738.0187284535455,1,162.34752640833517,4,1,CONCACAF Nations League
2019-11-15,Panama,Mexico,1645.1773110120328,1975.9362286382052,1,-230.75891762617243,0,3,CONCACAF Nations League
2019-11-15,Guyana,Aruba,1421.8518919598246,1185.6158550263567,1,336.23603693346786,4,2,CONCACAF Nations League
2019-11-15,Romania,Sweden,1774.5394580020034,1873.6127048526005,1,0.9267531494028844,0,2,UEFA Euro qualification
2019-11-15,Suriname,Dominica,1437.4682018232486,1220.872699400675,1,316.59550242257365,4,0,CONCACAF Nations League
2019-11-15,Colombia,Peru,2046.7570609823958,1942.9353631907227,0,103.82169779167316,1,0,Friendly
2019-11-15,Hungary,Uruguay,1680.420172119838,2018.116968729296,1,-237.69679660945803,1,2,Friendly
2019-11-15,Armenia,Greece,1529.2278472890769,1626.557294510309,1,2.670552778767842,0,1,UEFA Euro qualification
2019-11-15,Saint Vincent and the Grenadines,Nicaragua,1336.2783704677881,1360.3016742731822,1,75.97669619460589,1,0,CONCACAF Nations League
2019-11-15,Bosnia and Herzegovina,Italy,1743.4997054342953,1994.4567563985433,1,-150.95705096424808,0,3,UEFA Euro qualification
2019-11-15,Norway,Faroe Islands,1752.364800994251,1280.8779033032588,1,571.4868976909922,4,0,UEFA Euro qualification
2019-11-15,Finland,Liechtenstein,1712.8425547037577,1204.1533229155693,1,608.6892317881884,3,0,UEFA Euro qualification
2019-11-15,Zimbabwe,Botswana,1508.4906447615645,1397.3561788597435,1,211.13446590182093,0,0,African Cup of Nations qualification
2019-11-15,Tanzania,Equatorial Guinea,1437.3027162327128,1435.4536531819413,1,101.84906305077152,2,1,African Cup of Nations qualification
2019-11-15,Tunisia,Libya,1700.7714935412869,1578.68666842274,1,222.08482511854686,4,1,African Cup of Nations qualification
2019-11-15,Morocco,Mauritania,1758.8644148865817,1463.2914691216063,1,395.57294576497543,0,0,African Cup of Nations qualification
2019-11-15,Switzerland,Georgia,1940.0054776255583,1608.371317766044,1,431.6341598595143,1,0,UEFA Euro qualification
2019-11-15,Brazil,Argentina,2148.20545297879,2018.1940244030707,0,130.0114285757195,0,1,Superclásico de las Américas
2019-11-15,Spain,Malta,2074.5069354531993,1219.2215925870157,1,955.2853428661836,7,0,UEFA Euro qualification
2019-11-15,Denmark,Gibraltar,1935.58243747288,1259.4878052022507,1,776.0946322706293,6,0,UEFA Euro qualification
2019-11-16,San Marino,Kazakhstan,918.9965033883649,1414.4514355570934,1,-395.45493216872853,1,3,UEFA Euro qualification
2019-11-16,Guatemala,Puerto Rico,1589.4227883188937,1185.3331394029453,1,504.0896489159484,5,0,CONCACAF Nations League
2019-11-16,Cayman Islands,United States Virgin Islands,1162.0710236941632,1038.8364726751563,1,223.23455101900686,1,0,CONCACAF Nations League
2019-11-16,Saint Martin,Barbados,1101.7949113877062,1297.221865356722,0,-195.4269539690158,1,0,CONCACAF Nations League
2019-11-16,El Salvador,Montserrat,1624.525404359368,1207.2429905806534,1,517.2824137787145,1,0,CONCACAF Nations League
2019-11-16,Saint Lucia,Dominican Republic,1312.2578403354412,1407.811803460722,1,4.446036874719084,1,0,CONCACAF Nations League
2019-11-16,Russia,Belgium,1867.4839416310183,2124.575324521912,1,-157.09138289089378,1,4,UEFA Euro qualification
2019-11-16,Israel,Poland,1608.8273204479635,1825.1568126913671,1,-116.32949224340359,1,2,UEFA Euro qualification
2019-11-16,Cyprus,Scotland,1463.5124210344156,1665.0541328231086,1,-101.54171178869296,1,2,UEFA Euro qualification
2019-11-16,Slovenia,Latvia,1638.938638363168,1280.7481104884873,1,458.1905278746806,1,0,UEFA Euro qualification
2019-11-16,Azerbaijan,Wales,1441.6121548228627,1801.115153489558,1,-259.50299866669525,0,2,UEFA Euro qualification
2019-11-16,Croatia,Slovakia,1962.4241298764575,1788.00096565838,1,274.4231642180773,3,1,UEFA Euro qualification
2019-11-16,Germany,Belarus,2008.7600021213411,1548.6003967695813,1,560.1596053517599,4,0,UEFA Euro qualification
2019-11-16,Northern Ireland,Netherlands,1730.1488961589137,2058.2994268021366,1,-228.15053064322296,0,0,UEFA Euro qualification
2019-11-16,Madagascar,Ethiopia,1491.5079800482358,1378.3601774463132,1,213.14780260192265,1,0,African Cup of Nations qualification
2019-11-16,Ivory Coast,Niger,1744.5434863339442,1407.2406557258325,1,437.30283060811166,1,0,African Cup of Nations qualification
2019-11-16,Austria,North Macedonia,1813.5946425137497,1587.0677997004427,1,326.526842813307,2,1,UEFA Euro qualification
2019-11-17,Luxembourg,Portugal,1380.7408221851686,2016.4063989931208,1,-535.6655768079522,0,2,UEFA Euro qualification
2019-11-17,Serbia,Ukraine,1827.789529221695,1893.7753945653449,1,34.01413465635005,2,2,UEFA Euro qualification
2019-11-17,Albania,France,1595.2205188989308,2099.7898443882677,1,-404.56932548933696,0,2,UEFA Euro qualification
2019-11-17,Andorra,Turkey,1146.8596000556236,1834.5554665365887,1,-587.6958664809652,0,2,UEFA Euro qualification
2019-11-17,Moldova,Iceland,1288.4203039531037,1732.5136849056285,1,-344.09338095252474,1,2,UEFA Euro qualification
2019-11-17,Guadeloupe,Turks and Caicos Islands,1435.2689074256039,1175.8959947014603,1,359.3729127241436,10,0,CONCACAF Nations League
2019-11-17,Costa Rica,Haiti,1776.304132167142,1687.5657856740322,1,188.7383464931097,1,1,CONCACAF Nations League
2019-11-17,French Guiana,Saint Kitts and Nevis,1469.8363076176122,1394.9470267938298,1,174.88928082378243,3,1,CONCACAF Nations League
2019-11-17,Bonaire,Bahamas,1254.5478741887873,1226.669147985134,0,27.878726203653287,1,1,CONCACAF Nations League
2019-11-17,Lithuania,New Zealand,1354.6985548075368,1679.5642565187036,1,-224.86570171116682,1,0,Friendly
2019-11-17,Honduras,Trinidad and Tobago,1728.5329939806495,1499.6222775271385,1,328.910716453511,4,0,CONCACAF Nations League
2019-11-17,Bulgaria,Czech Republic,1589.9946481618185,1797.4186132588718,1,-107.42396509705327,1,0,UEFA Euro qualification
2019-11-17,Grenada,Belize,1341.329702195392,1341.6831789454573,1,99.64652324993472,3,2,CONCACAF Nations League
2019-11-17,Lesotho,Nigeria,1398.8100750322847,1783.8795957638758,1,-285.0695207315912,2,4,African Cup of Nations qualification
2019-11-17,Kosovo,England,1638.050872725794,1999.7653779074951,1,-261.71450518170104,0,4,UEFA Euro qualification
2019-11-17,Chad,Mali,1359.8585165288762,1635.8562855564985,1,-175.99776902762233,0,2,African Cup of Nations qualification
2019-11-17,South Sudan,Burkina Faso,1229.9470199818552,1627.4943182247516,0,-397.54729824289643,1,2,African Cup of Nations qualification
2019-11-17,Uganda,Malawi,1606.9035587083608,1474.0691831085269,1,232.83437559983395,2,0,African Cup of Nations qualification
2019-11-17,South Africa,Sudan,1622.9803527796046,1394.7168863515385,1,328.26346642806607,1,0,African Cup of Nations qualification
2019-11-17,Guinea,Namibia,1538.7830112516667,1450.358750562464,1,188.4242606892028,2,0,African Cup of Nations qualification
2019-11-17,Rwanda,Cameroon,1418.186963549405,1672.3787133034548,1,-154.19174975404985,0,1,African Cup of Nations qualification
2019-11-17,Congo,Guinea-Bissau,1478.6341797081889,1434.4998540740462,1,144.13432563414267,3,0,African Cup of Nations qualification
2019-11-17,Eswatini,Senegal,1251.5288914384323,1866.344418855144,1,-514.8155274167118,1,4,African Cup of Nations qualification
2019-11-17,Benin,Sierra Leone,1578.068837507083,1465.9157116245597,1,212.15312588252323,1,0,African Cup of Nations qualification
2019-11-17,Gabon,Angola,1542.1913024040653,1466.4166473810956,1,175.77465502296968,2,1,African Cup of Nations qualification
2019-11-18,Argentina,Uruguay,2038.5589622948569,2022.1748850929978,0,16.3840772018591,2,2,Friendly
2019-11-18,Sweden,Faroe Islands,1903.692726962314,1278.1835474427123,1,725.5091795196017,3,0,UEFA Euro qualification
2019-11-18,Dominica,Saint Vincent and the Grenadines,1213.04620202317,1348.0494980172714,1,-35.003295994101336,1,0,CONCACAF Nations League
2019-11-18,Nicaragua,Suriname,1348.530546723699,1445.2946992007535,1,3.2358475229455053,1,2,CONCACAF Nations League
2019-11-18,Aruba,Antigua and Barbuda,1179.939567116575,1359.9087498914853,0,-179.96918277491022,2,3,CONCACAF Nations League
2019-11-18,Jamaica,Guyana,1717.7360319741902,1427.5281798696062,1,390.20785210458394,1,1,CONCACAF Nations League
2019-11-18,Liechtenstein,Bosnia and Herzegovina,1202.1092140013839,1722.8170244918965,1,-420.70781049051266,0,3,UEFA Euro qualification
2019-11-18,Italy,Armenia,2015.139437340942,1509.0741209410803,1,606.0653163998618,9,1,UEFA Euro qualification
2019-11-18,Spain,Romania,2074.8735893055796,1744.4594358922898,1,430.4141534132898,5,0,UEFA Euro qualification
2019-11-18,Greece,Finland,1646.7110208583056,1714.8866636179432,1,31.82435724036236,2,1,UEFA Euro qualification
2019-11-18,Gibraltar,Switzerland,1258.523472110101,1943.083027585596,1,-584.559555475495,1,6,UEFA Euro qualification
2019-11-18,Republic of Ireland,Denmark,1780.3704436392804,1936.5467705650296,1,-56.17632692574921,1,1,UEFA Euro qualification
2019-11-18,Niger,Madagascar,1404.2545339452925,1500.5764157422743,1,3.67811820301813,2,6,African Cup of Nations qualification
2019-11-18,Botswana,Algeria,1408.2062128278658,1856.4424838818477,1,-348.2362710539819,0,1,African Cup of Nations qualification
2019-11-18,Kenya,Togo,1515.2958125841203,1416.3110006809388,1,198.98481190318148,1,1,African Cup of Nations qualification
2019-11-18,Comoros,Egypt,1340.5189563662586,1704.9012547836796,1,-264.382298417421,0,0,African Cup of Nations qualification
2019-11-18,Cape Verde,Mozambique,1528.2275275263905,1473.5021130994742,1,154.72541442691636,2,2,African Cup of Nations qualification
2019-11-18,Gambia,DR Congo,1433.3686669637946,1606.4601360166175,1,-73.09146905282296,2,2,African Cup of Nations qualification
2019-11-18,São Tomé and Príncipe,Ghana,1255.7864362001349,1752.0787008550558,1,-396.2922646549209,0,1,African Cup of Nations qualification
2019-11-18,Malta,Norway,1218.8549387346354,1755.0591568547975,1,-436.20421812016207,1,2,UEFA Euro qualification
2019-11-19,Jordan,Taiwan,1600.2361367456247,1148.8105679454738,1,551.4255688001508,5,0,FIFA World Cup qualification
2019-11-19,Nepal,Kuwait,1147.2261993582215,1513.183388166616,0,-365.95718880839445,0,1,FIFA World Cup qualification
2019-11-19,Syria,Philippines,1608.8314935239746,1345.6714814545146,0,263.16001206946,1,0,FIFA World Cup qualification
2019-11-19,Croatia,Georgia,1972.6743511935088,1605.2937678060064,1,467.3805833875024,2,1,Friendly
2019-11-19,Saudi Arabia,Paraguay,1640.1078101777669,1806.5357494921693,1,-66.42793931440247,0,0,Friendly
2019-11-19,Montenegro,Belarus,1550.7009487144055,1545.7314451089912,1,104.96950360541427,2,0,Friendly
2019-11-19,Ecuador,Colombia,1799.6542338248644,2053.8547109265996,0,-254.20047710173526,0,1,Friendly
2019-11-19,Iraq,Bahrain,1718.2576639972126,1612.497950264936,0,105.75971373227662,0,0,FIFA World Cup qualification
2019-11-19,Maldives,Guam,1135.296319557314,1044.815051304676,1,190.48126825263807,3,1,FIFA World Cup qualification
2019-11-19,Hong Kong,Cambodia,1337.9151226296763,1057.5032685038166,1,380.4118541258597,2,0,FIFA World Cup qualification
2019-11-19,Myanmar,Mongolia,1237.1249014342193,1068.0163235030213,1,269.10857793119794,1,0,FIFA World Cup qualification
2019-11-19,Yemen,Singapore,1371.3142258355533,1280.9815194553646,0,90.33270638018871,1,2,FIFA World Cup qualification
2019-11-19,Afghanistan,Qatar,1315.1648040113694,1818.3866223840002,0,-503.2218183726309,0,1,FIFA World Cup qualification
2019-11-19,Oman,India,1623.2531020476908,1362.1950824498806,1,361.05801959781024,1,0,FIFA World Cup qualification
2019-11-19,Kyrgyzstan,Tajikistan,1451.6853175008187,1381.9949012822792,1,169.69041621853944,1,1,FIFA World Cup qualification
2019-11-19,Vietnam,Thailand,1551.8752079013043,1505.9884325782396,1,145.88677532306474,0,0,FIFA World Cup qualification
2019-11-19,Malaysia,Indonesia,1361.1399747846447,1294.3280790232882,1,166.81189576135648,2,0,FIFA World Cup qualification
2019-11-19,Turkmenistan,Sri Lanka,1409.926164002738,951.4939929570141,1,558.4321710457239,2,0,FIFA World Cup qualification
2019-11-19,Lebanon,North Korea,1539.8282347331783,1498.3163791906277,1,141.51185554255062,0,0,FIFA World Cup qualification
2019-11-19,Brazil,South Korea,2127.840515087004,1843.9312233319376,0,283.9092917550663,3,0,Friendly
2019-11-19,Uzbekistan,Palestine,1672.0861858693877,1520.6087402787632,1,251.47744559062448,2,0,FIFA World Cup qualification
2019-11-19,Puerto Rico,Anguilla,1182.2091810103313,927.9844429823056,1,354.22473802802574,3,0,CONCACAF Nations League
2019-11-19,United States Virgin Islands,Saint Martin,1032.3356739063179,1124.44218324948,1,7.893490656837912,1,2,CONCACAF Nations League
2019-11-19,Barbados,Cayman Islands,1274.5745934949482,1168.5718224630016,1,206.00277103194662,3,0,CONCACAF Nations League
2019-11-19,Zambia,Zimbabwe,1575.2016004244238,1497.6406107934422,1,177.56098963098157,1,2,African Cup of Nations qualification
2019-11-19,Equatorial Guinea,Tunisia,1421.1541941627336,1716.0188081520926,1,-194.864613989359,0,1,African Cup of Nations qualification
2019-11-19,Libya,Tanzania,1563.4393538119343,1451.6021752519205,0,111.83717856001385,2,1,African Cup of Nations qualification
2019-11-19,Ethiopia,Ivory Coast,1369.2917417522747,1747.5296081144843,1,-278.2378663622096,2,1,African Cup of Nations qualification
2019-11-19,Germany,Northern Ireland,2011.6289537819312,1741.671757220439,1,369.9571965614921,6,1,UEFA Euro qualification
2019-11-19,Netherlands,Estonia,2046.7765657406112,1507.4982419178534,1,639.2783238227578,5,0,UEFA Euro qualification
2019-11-19,Wales,Hungary,1812.1161029205964,1676.3622557561364,1,235.75384716446,2,0,UEFA Euro qualification
2019-11-19,Slovakia,Azerbaijan,1777.7507443413288,1430.6112053918243,1,447.1395389495044,2,0,UEFA Euro qualification
2019-11-19,North Macedonia,Israel,1581.7705886962394,1595.2842794386688,1,86.48630925757061,1,0,UEFA Euro qualification
2019-11-19,Japan,Venezuela,1874.0012508753853,1858.176300869322,1,115.82495000606332,1,4,Kirin Challenge Cup
2019-11-19,Poland,Slovenia,1838.6998537006618,1641.6090423645574,1,297.0908113361045,3,2,UEFA Euro qualification
2019-11-19,Latvia,Austria,1278.0777064870979,1818.891853517953,1,-440.8141470308551,1,0,UEFA Euro qualification
2019-11-19,Scotland,Kazakhstan,1679.3698511475511,1420.037113507008,1,359.3327376405432,3,1,UEFA Euro qualification
2019-11-19,Belgium,Cyprus,2144.7471935623357,1449.1967027099731,1,795.5504908523626,6,1,UEFA Euro qualification
2019-11-19,San Marino,Russia,913.4108254384504,1847.3120725905944,1,-833.901247152144,0,5,UEFA Euro qualification
2019-11-19,Cuba,United States,1426.765616260632,1815.1714144465031,0,-388.40579818587116,0,4,CONCACAF Nations League
2019-11-19,Mexico,Bermuda,1986.9313865647898,1504.1705078041075,1,582.7608787606825,2,1,CONCACAF Nations League
2019-11-19,El Salvador,Dominican Republic,1625.9786871741917,1393.0037438255247,1,332.974943348667,2,0,CONCACAF Nations League
2019-11-19,Saint Lucia,Montserrat,1327.0658999706386,1205.7897077658297,1,221.27619220480892,0,1,CONCACAF Nations League
2019-11-19,Mauritania,Central African Republic,1479.5699774037957,1477.208409751194,1,102.3615676526017,2,0,African Cup of Nations qualification
2019-11-19,Burundi,Morocco,1399.75370005298,1742.5859066043922,1,-242.83220655141213,0,3,African Cup of Nations qualification
2019-11-21,Guatemala,Antigua and Barbuda,1592.5467467115077,1367.7665077126926,1,324.7802389988151,8,0,Friendly
2019-11-26,Qatar,Iraq,1820.4791458130533,1712.3509664130202,1,208.1281794000331,1,2,Gulf Cup
2019-11-26,United Arab Emirates,Yemen,1593.7071877433013,1346.228344573076,0,247.47884317022545,3,0,Gulf Cup
2019-11-27,Oman,Bahrain,1627.701595542435,1618.4046478491284,0,9.296947693306493,0,0,Gulf Cup
2019-11-27,Saudi Arabia,Kuwait,1641.9967982167207,1517.521594561042,0,124.47520365567857,1,3,Gulf Cup
2019-11-29,United Arab Emirates,Iraq,1603.8890919991134,1735.3964691789786,0,-131.50737717986522,0,2,Gulf Cup
2019-11-29,Qatar,Yemen,1797.4336430470948,1336.046440317264,1,561.387202729831,6,0,Gulf Cup
2019-11-30,Kuwait,Oman,1547.7545726295907,1627.300309818696,0,-79.54573718910524,1,2,Gulf Cup
2019-11-30,Bahrain,Saudi Arabia,1618.8059335728674,1611.763820148172,0,7.042113424695344,0,2,Gulf Cup
2019-12-02,Kuwait,Bahrain,1536.1300637709203,1595.8499473005286,0,-59.719883529608296,2,4,Gulf Cup
2019-12-02,Oman,Saudi Arabia,1638.9248186773664,1634.7198064205108,0,4.205012256855525,1,3,Gulf Cup
2019-12-02,Qatar,United Arab Emirates,1799.8557324093488,1589.5208534836906,1,310.33487892565813,4,2,Gulf Cup
2019-12-02,Yemen,Iraq,1333.62435095501,1749.7647076944013,0,-416.14035673939134,0,0,Gulf Cup
2019-12-05,Iraq,Bahrain,1737.2702104825055,1614.5201191578176,0,122.7500913246879,2,2,Gulf Cup
2019-12-05,Qatar,Saudi Arabia,1806.3137197888846,1657.4921105835983,1,248.82160920528622,0,1,Gulf Cup
2019-12-08,Bahrain,Saudi Arabia,1619.6096446207296,1681.710044329719,0,-62.10039970898947,1,0,Gulf Cup
2019-12-08,Luhansk PR,South Ossetia,1481.9380746643437,1482.831801672503,1,99.1062729918408,4,3,Friendly
2019-12-10,China,Japan,1617.7569573100875,1839.3106548869202,0,-221.55369757683275,1,2,EAFF Championship
2019-12-11,South Korea,Hong Kong,1838.2178112696831,1343.9551897589954,1,594.2626215106877,2,0,EAFF Championship
2019-12-14,Japan,Hong Kong,1845.8608588764164,1342.5309331257836,0,503.3299257506328,5,0,EAFF Championship
2019-12-14,Tamil Eelam,East Turkestan,1441.1158292955631,1521.25,0,-80.13417070443688,3,0,CONIFA World Cup qualification
2019-12-15,South Korea,China,1839.642067902895,1611.2067533205914,1,328.4353145823036,1,0,EAFF Championship
2019-12-18,Hong Kong,China,1339.3939985990496,1607.2715588247045,0,-267.87756022565486,0,2,EAFF Championship
2019-12-18,South Korea,Japan,1843.5772623987818,1848.9977934031504,1,94.57946899563149,1,0,EAFF Championship
2019-12-29,Chagos Islands,Panjab,1369.415298440233,1575.751048040192,0,-206.33574959995894,0,6,Friendly
2020-01-07,Barbados,Canada,1286.859723170896,1723.213568868923,0,-436.35384569802704,1,4,Friendly
2020-01-09,Moldova,Sweden,1283.5707932476016,1904.7512675716919,0,-621.1804743240903,0,1,Friendly
2020-01-10,Barbados,Canada,1284.233627942089,1725.8396640977298,0,-441.6060361556408,1,4,Friendly
2020-01-12,Kosovo,Sweden,1624.4420720077057,1905.29588140663,0,-280.85380939892434,0,1,Friendly
2020-01-15,Canada,Iceland,1728.393256236552,1737.3631956111305,0,-8.969939374578644,0,1,Friendly
2020-01-19,El Salvador,Iceland,1631.7487466684609,1747.1050773492404,0,-115.35633068077959,0,1,Friendly
2020-02-01,United States,Costa Rica,1820.6039038846634,1768.8726664953601,1,151.73123738930326,1,0,Friendly
2020-09-03,Faroe Islands,Malta,1277.1250068333345,1215.8512950743354,1,161.27371175899907,3,2,UEFA Nations League
2020-09-03,Latvia,Andorra,1315.1469586255284,1144.8898339733437,1,270.25712465218476,0,0,UEFA Nations League
2020-09-03,Slovenia,Greece,1635.4834907514141,1664.884169934113,1,70.59932081730108,0,0,UEFA Nations League
2020-09-03,Moldova,Kosovo,1283.0261794126634,1621.1289300282313,0,-338.10275061556786,1,1,UEFA Nations League
2020-09-03,Finland,Wales,1696.7135145421357,1824.3987444289578,1,-27.68522988682207,0,1,UEFA Nations League
2020-09-03,Russia,Serbia,1847.9648701193064,1825.8377498768227,1,122.12712024248367,3,1,UEFA Nations League
2020-09-03,Turkey,Hungary,1836.5252326188686,1664.079614247775,1,272.4456183710936,0,1,UEFA Nations League
2020-09-03,Ukraine,Switzerland,1895.727173910217,1945.7556308884677,1,49.97154302174931,2,1,UEFA Nations League
2020-09-03,Germany,Spain,2020.128851008784,2081.0687089344815,1,39.0601420743028,1,1,UEFA Nations League
2020-09-03,Bulgaria,Republic of Ireland,1615.9886674460754,1783.5763242502223,1,-67.58765680414695,1,1,UEFA Nations League
2020-09-04,Slovakia,Czech Republic,1782.0008088488862,1771.424593974615,1,110.57621487427127,1,3,UEFA Nations League
2020-09-04,Belarus,Albania,1535.1303070050913,1589.8950064136543,1,45.23530059143695,0,2,UEFA Nations League
2020-09-04,Scotland,Israel,1686.1017195813877,1580.1624861107189,1,205.9392334706688,1,1,UEFA Nations League
2020-09-04,Lithuania,Kazakhstan,1370.3964796662065,1413.3052450731714,1,57.0912345930351,0,2,UEFA Nations League
2020-09-04,Norway,Austria,1758.0628005150975,1781.8226013795224,1,76.24019913557504,1,2,UEFA Nations League
2020-09-04,Netherlands,Poland,2048.74479486319,1844.8254053138053,1,303.9193895493845,1,0,UEFA Nations League
2020-09-04,Romania,Northern Ireland,1738.2643162633876,1733.1718599935862,1,105.09245626980146,1,1,UEFA Nations League
2020-09-04,Italy,Bosnia and Herzegovina,2017.9545541421946,1728.5238590482763,1,389.43069509391853,1,1,UEFA Nations League
2020-09-05,Estonia,Georgia,1505.5300127952748,1604.022993665922,1,1.5070191293527841,0,1,UEFA Nations League
2020-09-05,North Macedonia,Armenia,1596.8923820241894,1506.2590041398278,1,190.6333778843616,2,1,UEFA Nations League
2020-09-05,Azerbaijan,Luxembourg,1426.361140884267,1378.1133389161732,1,148.24780196809365,1,2,UEFA Nations League
2020-09-05,Cyprus,Montenegro,1448.3842822700087,1561.3020868183055,1,-12.917804548296772,0,2,UEFA Nations League
2020-09-05,Gibraltar,San Marino,1255.8508688072293,912.7580279097385,1,443.09284089749076,1,0,UEFA Nations League
2020-09-05,Portugal,Croatia,2019.033882262116,1973.945125333593,1,145.08875692852303,4,1,UEFA Nations League
2020-09-05,Denmark,Belgium,1933.3408899540877,2145.5596140023,1,-112.21872404821215,0,2,UEFA Nations League
2020-09-05,Iceland,England,1753.9017108509054,2013.3741786255835,1,-159.47246777467808,0,1,UEFA Nations League
2020-09-05,Sweden,France,1908.6090233861046,2105.1153568735444,1,-96.50633348743986,0,1,UEFA Nations League
2020-09-06,Malta,Latvia,1207.3536056962123,1305.3747864730394,1,1.9788192231728772,1,1,UEFA Nations League
2020-09-06,Andorra,Faroe Islands,1154.6620061258327,1285.6226962114577,1,-30.960690085624947,0,1,UEFA Nations League
2020-09-06,Kosovo,Greece,1609.8777301261098,1667.8909175092326,1,41.98681261687716,1,2,UEFA Nations League
2020-09-06,Slovenia,Moldova,1632.4767431762946,1294.2773793147849,1,438.1993638615097,1,0,UEFA Nations League
2020-09-06,Republic of Ireland,Finland,1780.694590367534,1682.9062585756683,1,197.78833179186563,0,1,UEFA Nations League
2020-09-06,Wales,Bulgaria,1838.2060003954252,1618.8704013287638,1,319.3355990666614,1,0,UEFA Nations League
2020-09-06,Hungary,Russia,1688.9059466734245,1862.8663027557423,1,-73.96035608231773,2,3,UEFA Nations League
2020-09-06,Switzerland,Germany,1932.8983209075752,2018.4495581271551,1,14.448762780420111,1,1,UEFA Nations League
2020-09-06,Spain,Ukraine,2082.7480018161104,1908.5844838911096,1,274.16351792500086,4,0,UEFA Nations League
2020-09-06,Serbia,Turkey,1810.9363172403869,1811.698900193219,1,99.23741704716781,0,0,UEFA Nations League
2020-09-07,Kazakhstan,Belarus,1439.469563509373,1509.7173009345506,1,29.752262574822453,1,2,UEFA Nations League
2020-09-07,Albania,Lithuania,1615.308012484195,1344.2321612300047,1,371.0758512541902,0,1,UEFA Nations League
2020-09-07,Czech Republic,Scotland,1800.8531610596617,1678.1237606511033,1,222.72940040855838,1,2,UEFA Nations League
2020-09-07,Israel,Slovakia,1588.1404450410032,1752.5722417638394,1,-64.43179672283622,1,1,UEFA Nations League
2020-09-07,Northern Ireland,Norway,1737.5755731663605,1739.8230806359286,1,97.75249253043194,1,5,UEFA Nations League
2020-09-07,Bosnia and Herzegovina,Poland,1740.6419373752447,1840.382099522618,1,0.25983785262656056,1,2,UEFA Nations League
2020-09-07,Austria,Romania,1800.0623212586913,1733.8606030906133,1,166.20171816807806,2,3,UEFA Nations League
2020-09-07,Netherlands,Italy,2053.1881006543767,2005.8364758152263,1,147.35162483915042,0,1,UEFA Nations League
2020-09-08,San Marino,Liechtenstein,910.5865378266872,1196.402379445004,0,-285.8158416183169,0,2,UEFA Nations League
2020-09-08,Belgium,Iceland,2161.0349048011894,1745.3407269414113,1,515.6941778597782,5,1,UEFA Nations League
2020-09-08,Denmark,England,1917.8655991551982,2021.9351625350776,1,-4.069563379879355,0,0,UEFA Nations League
2020-09-08,France,Croatia,2116.0527921739153,1958.0614026440546,1,257.9913895298607,4,2,UEFA Nations League
2020-09-08,Sweden,Portugal,1897.671588085734,2034.9176049516545,1,-37.24601686592064,0,2,UEFA Nations League
2020-09-08,Luxembourg,Montenegro,1399.1516282461791,1582.9659124073564,1,-83.81428416117728,0,1,UEFA Nations League
2020-09-08,Cyprus,Azerbaijan,1426.7204566809578,1405.322851554261,1,121.39760512669682,0,1,UEFA Nations League
2020-09-08,Armenia,Estonia,1498.7520362461764,1490.464949957398,1,108.28708628877848,2,0,UEFA Nations League
2020-09-08,Georgia,North Macedonia,1619.088056503799,1604.3993499178407,1,114.68870658595824,1,1,UEFA Nations League
2020-10-06,Nicaragua,Guatemala,1333.390847995353,1598.8922578987106,1,-165.50140990335763,0,0,Friendly
2020-10-07,Netherlands,Mexico,2032.1822661932647,1987.9436917997432,1,144.2385743935215,0,1,Friendly
2020-10-07,Poland,Finland,1855.3933176223902,1705.6287196298956,1,249.7645979924946,5,1,Friendly
2020-10-07,Portugal,Spain,2055.0147430821703,2092.369499351204,1,62.645243730966286,0,0,Friendly
2020-10-07,Switzerland,Croatia,1932.2748770414726,1949.7518985230986,1,82.52297851837398,1,2,Friendly
2020-10-07,Zambia,Malawi,1545.786161603966,1461.6215631642124,1,184.16459843975372,1,0,Friendly
2020-10-07,Montenegro,Latvia,1594.4159566981405,1305.4602180426218,1,388.95573865551864,1,1,Friendly
2020-10-07,Slovenia,San Marino,1634.7056626001313,903.307932969966,1,831.3977296301653,4,0,Friendly
2020-10-07,Malta,Gibraltar,1207.26817412663,1258.0223588902807,1,49.245815236349245,2,0,Friendly
2020-10-07,Germany,Turkey,2019.0730019932578,1815.8704918056674,1,303.20251018759063,3,3,Friendly
2020-10-07,Italy,Moldova,2026.8423102763384,1292.0484598909482,1,834.79385038539,6,0,Friendly
2020-10-07,France,Ukraine,2124.362296294871,1898.9629863560162,1,325.3993099388549,7,1,Friendly
2020-10-07,Estonia,Lithuania,1474.759058995726,1371.0629981264572,1,203.69606086926888,1,3,Friendly
2020-10-07,Denmark,Faroe Islands,1918.041288295056,1299.2895427415308,1,718.7517455535251,4,0,Friendly
2020-10-07,Cyprus,Czech Republic,1406.6826684538305,1777.36877930186,1,-270.68611084802956,1,2,Friendly
2020-10-07,Austria,Greece,1778.3882986414533,1684.694860758185,1,193.6934378832682,2,1,Friendly
2020-10-07,Andorra,Cape Verde,1140.9951595957596,1519.8663818903926,1,-278.87122229463307,1,2,Friendly
2020-10-07,Luxembourg,Liechtenstein,1387.701583955395,1203.6809843017252,1,284.02059965366993,1,2,Friendly
2020-10-08,Bulgaria,Hungary,1614.7526263446082,1677.0516974838538,1,37.7009288607544,1,3,UEFA Euro qualification
2020-10-08,Georgia,Belarus,1614.3088885500083,1525.998678710656,1,188.3102098393524,1,0,UEFA Euro qualification
2020-10-08,Norway,Serbia,1775.6587755988762,1806.7647256279386,1,68.89404997093766,1,2,UEFA Euro qualification
2020-10-08,Scotland,Israel,1701.608142408905,1590.8907324756005,1,210.71740993330445,0,0,UEFA Euro qualification
2020-10-08,Slovakia,Republic of Ireland,1749.821954329242,1757.9721293133066,1,91.8498250159355,0,0,UEFA Euro qualification
2020-10-08,Bosnia and Herzegovina,Northern Ireland,1725.6307192754725,1701.739878203413,1,123.89084107205963,1,1,UEFA Euro qualification
2020-10-08,Iceland,Romania,1742.5920176241868,1755.5346257078513,1,87.05739191633552,2,1,UEFA Euro qualification
2020-10-08,North Macedonia,Kosovo,1609.1785178716314,1593.0737868771573,1,116.10473099447404,2,1,UEFA Euro qualification
2020-10-08,Uruguay,Chile,2022.6461074926901,1879.7778641799773,1,242.86824331271282,2,1,FIFA World Cup qualification
2020-10-08,Paraguay,Peru,1804.6467614532155,1935.837713246519,1,-31.190951793303384,2,2,FIFA World Cup qualification
2020-10-08,Uzbekistan,Iran,1683.5082680780606,1836.5979350368166,1,-53.08966695875597,1,2,Friendly
2020-10-08,South Africa,Namibia,1628.2317900271928,1435.2012091355625,1,293.0305808916303,1,1,Friendly
2020-10-08,Russia,Sweden,1874.720551945313,1877.574449955218,1,97.14610199009508,1,2,Friendly
2020-10-08,England,Wales,2021.7594733952199,1842.3237753795809,1,279.4356980156392,3,0,Friendly
2020-10-08,Belgium,Ivory Coast,2163.783614118414,1714.2395645123092,1,549.5440496061046,1,1,Friendly
2020-10-08,Argentina,Ecuador,2038.0877398951645,1795.8949579581592,1,342.19278193700507,1,0,FIFA World Cup qualification
2020-10-09,Brazil,Bolivia,2133.5539271492585,1638.506225248313,1,595.0477019009454,5,0,FIFA World Cup qualification
2020-10-09,Colombia,Venezuela,2057.613986793305,1892.866896857787,1,264.7470899355178,3,0,FIFA World Cup qualification
2020-10-09,Nigeria,Algeria,1793.6194027444421,1861.191277605403,0,-67.57187486096086,0,1,Friendly
2020-10-09,Tunisia,Sudan,1725.846422660404,1389.4654491039503,1,436.3809735564537,3,0,Friendly
2020-10-09,Morocco,Senegal,1756.4568814230379,1869.7815282516506,1,-13.324646828612686,3,1,Friendly
2020-10-09,Congo,Gambia,1499.8937178755682,1437.5151590372218,0,62.37855883834641,0,1,Friendly
2020-10-09,Mali,Ghana,1651.8384139894856,1755.7862400801005,0,-103.94782609061485,3,0,Friendly
2020-10-09,Kenya,Zambia,1504.948668047839,1550.9318284447018,1,54.016839603137214,2,1,Friendly
2020-10-09,Japan,Cameroon,1837.983155701371,1684.0429351161372,0,153.94022058523387,0,0,Friendly
2020-10-09,Burkina Faso,DR Congo,1631.1776262318099,1602.3136439431903,0,28.86398228861958,3,0,Friendly
2020-10-09,Mauritania,Sierra Leone,1500.9785249936388,1456.8070606732952,1,144.1714643203436,2,1,Friendly
2020-10-10,Niger,Chad,1366.3575559561382,1343.876388095889,1,122.48116786024912,2,0,Friendly
2020-10-10,Honduras,Nicaragua,1735.8939578185198,1337.8240157458167,1,498.06994207270304,1,1,Friendly
2020-10-10,Cape Verde,Guinea,1523.2111924209973,1553.940552678568,0,-30.72936025757076,1,2,Friendly
2020-10-10,Liechtenstein,Gibraltar,1220.4179274418439,1245.134346938757,1,75.2835805030868,0,1,UEFA Nations League
2020-10-10,Andorra,Malta,1137.6503490651548,1220.1561860781535,1,17.494162987001346,0,0,UEFA Nations League
2020-10-10,Costa Rica,Panama,1762.9818663223807,1634.1821530854481,1,228.79971323693258,0,1,Friendly
2020-10-10,Montenegro,Azerbaijan,1586.3419913591658,1425.3606397813883,1,260.98135157777756,2,0,UEFA Nations League
2020-10-10,Luxembourg,Cyprus,1370.9646408152764,1403.2045509367576,1,67.76008987851878,2,0,UEFA Nations League
2020-10-10,Ukraine,Germany,1893.3029308255425,2012.0456345651826,1,-18.742703739640092,1,2,UEFA Nations League
2020-10-10,Spain,Switzerland,2094.1532854051884,1919.943355692477,1,274.2099297127113,1,0,UEFA Nations League
2020-10-10,Faroe Islands,Latvia,1298.7003275767959,1313.5341833815964,1,85.16614419519942,1,1,UEFA Nations League
2020-10-11,Finland,Bulgaria,1698.4327556797277,1581.509983699343,1,216.92277198038482,2,0,UEFA Nations League
2020-10-11,Malawi,Zimbabwe,1456.4758963234767,1527.0560496138999,1,29.41984670957686,0,0,Friendly
2020-10-11,Gabon,Benin,1552.856097010279,1587.1774884583474,0,-34.321391448068425,0,2,Friendly
2020-10-11,Lithuania,Belarus,1393.9712687699666,1515.8886920206915,1,-21.917423250724823,2,2,UEFA Nations League
2020-10-11,Kazakhstan,Albania,1423.1881857332678,1588.4771755877425,1,-65.28898985447472,0,0,UEFA Nations League
2020-10-11,South Africa,Zambia,1621.3556810127823,1542.4741511180491,1,178.88152989473315,1,2,Friendly
2020-10-11,Greece,Moldova,1679.7560218660558,1291.7034241380757,1,488.0525977279801,2,0,UEFA Nations League
2020-10-11,Kosovo,Slovenia,1579.5191537199516,1635.01606647774,1,44.50308724221168,0,1,UEFA Nations League
2020-10-11,Estonia,North Macedonia,1451.8507883522166,1622.733151028837,1,-70.88236267662046,3,3,UEFA Nations League
2020-10-11,Armenia,Georgia,1514.4579272078483,1624.4188752399727,0,-109.9609480321244,2,2,UEFA Nations League
2020-10-11,Republic of Ireland,Wales,1763.1396044350981,1836.4861789153927,1,26.65342551970548,0,0,UEFA Nations League
2020-10-11,Croatia,Sweden,1962.083419872094,1890.2998811904968,1,171.7835386815973,2,1,UEFA Nations League
2020-10-11,Serbia,Hungary,1830.6794112983682,1710.294340129119,1,220.38507116924916,0,1,UEFA Nations League
2020-10-11,Israel,Czech Republic,1601.7238133924475,1780.846896818933,1,-79.12308342648544,1,2,UEFA Nations League
2020-10-11,Scotland,Slovakia,1690.775061492058,1744.6544792074505,1,46.12058228460751,1,0,UEFA Nations League
2020-10-11,Northern Ireland,Austria,1708.5839541817036,1783.3271375335826,1,25.256816648121003,0,1,UEFA Nations League
2020-10-11,Norway,Romania,1751.7440899284466,1740.4437383639474,1,111.30035156449912,4,0,UEFA Nations League
2020-10-11,France,Portugal,2130.0223518253447,2053.230957028186,1,176.79139479715877,0,0,UEFA Nations League
2020-10-11,Iceland,Denmark,1757.6829049680907,1918.6305034597908,1,-60.94759849170009,0,3,UEFA Nations League
2020-10-11,England,Belgium,2027.597069859408,2154.5949212035584,1,-26.99785134415015,2,1,UEFA Nations League
2020-10-11,Poland,Italy,1862.589281572558,2027.1873460292109,1,-64.59806445665276,0,0,UEFA Nations League
2020-10-11,Bosnia and Herzegovina,Netherlands,1718.7866432971819,2018.253882182177,1,-199.46723888499514,0,0,UEFA Nations League
2020-10-11,Tanzania,Burundi,1437.826531780568,1385.8827252343344,1,151.94380654623365,0,1,Friendly
2020-10-11,Russia,Turkey,1861.9951207100341,1822.8978592337426,1,139.09726147629158,1,1,UEFA Nations League
2020-10-12,United Arab Emirates,Uzbekistan,1583.0628661041549,1675.0245287124349,1,8.038337391720006,1,2,Friendly
2020-10-12,Togo,Sudan,1426.6581452172202,1386.8397331725714,0,39.81841204464877,1,1,Friendly
2020-10-12,Burkina Faso,Madagascar,1647.227110430175,1538.4733937314286,0,108.7537166987463,2,1,Friendly
2020-10-12,Ghana,Qatar,1733.2013102835947,1782.0957860427638,0,-48.894475759169154,5,1,Friendly
2020-10-13,Chile,Colombia,1871.8529112108863,2070.1350451120024,1,-98.28213390111614,2,2,FIFA World Cup qualification
2020-10-13,Peru,Brazil,1934.0470258357448,2136.074881647944,1,-102.02785581219928,2,4,FIFA World Cup qualification
2020-10-13,Venezuela,Paraguay,1880.345838539089,1806.4374488639896,1,173.90838967509944,0,1,FIFA World Cup qualification
2020-10-13,Ecuador,Uruguay,1790.9986290669285,2030.5710604617811,1,-139.57243139485263,4,2,FIFA World Cup qualification
2020-10-13,Bolivia,Argentina,1635.9852707496275,2042.9840687863953,1,-306.99879803676777,1,2,FIFA World Cup qualification
2020-10-13,Nigeria,Tunisia,1785.540121186881,1728.4721385917828,0,57.0679825950981,1,1,Friendly
2020-10-13,Mozambique,Angola,1481.863258735472,1455.7518527748819,0,26.11140596059022,0,3,Friendly
2020-10-13,Morocco,DR Congo,1772.0318707932786,1586.2641597448253,1,285.7677110484533,1,1,Friendly
2020-10-13,Mexico,Algeria,2001.872075810831,1869.2705591629642,0,132.60151664786667,2,2,Friendly
2020-10-13,Niger,Sierra Leone,1376.2783068992364,1450.7338110630649,1,25.544495836171563,1,0,Friendly
2020-10-13,Costa Rica,Panama,1747.2079665590502,1649.9560528487787,1,197.25191371027154,0,1,Friendly
2020-10-13,Japan,Ivory Coast,1833.821250392525,1723.4282574271647,0,110.39299296536024,1,0,Friendly
2020-10-13,Germany,Switzerland,2026.2372310389699,1914.8130267010272,1,211.4242043379429,3,3,UEFA Nations League
2020-10-13,Ukraine,Spain,1879.1113343517552,2099.2836143966383,1,-120.17228004488311,1,0,UEFA Nations League
2020-10-13,Azerbaijan,Cyprus,1417.167113787166,1385.0379053871693,0,32.12920839999674,0,0,UEFA Nations League
2020-10-13,Cameroon,South Sudan,1688.2048404249833,1226.263711974797,1,561.9411284501864,0,0,Friendly
2020-10-13,Latvia,Malta,1317.1391836362004,1220.9108321517463,1,196.22835148445415,0,1,UEFA Nations League
2020-10-13,Faroe Islands,Andorra,1295.095327322192,1136.895702991562,1,258.19962433062983,2,0,UEFA Nations League
2020-10-13,Liechtenstein,San Marino,1202.2176048529502,902.9975290923574,1,399.22007576059286,0,0,UEFA Nations League
2020-10-13,Montenegro,Luxembourg,1594.535517353388,1389.1312863648648,1,305.4042309885233,1,2,UEFA Nations League
2020-10-14,Turkey,Serbia,1828.6016377934834,1807.2641237861521,1,121.33751400733127,2,2,UEFA Nations League
2020-10-14,Belarus,Kazakhstan,1514.9436940075389,1425.9742207865363,1,188.96947322100254,2,0,UEFA Nations League
2020-10-14,Lithuania,Albania,1394.9162667831192,1585.691140534474,1,-90.77487375135479,0,0,UEFA Nations League
2020-10-14,Moldova,Slovenia,1289.146735923222,1651.9269797699687,1,-262.78024384674677,0,4,UEFA Nations League
2020-10-14,Greece,Kosovo,1682.3127100809095,1562.6082404277229,1,219.7044696531866,0,0,UEFA Nations League
2020-10-14,Estonia,Armenia,1454.8692629118664,1519.0529144824352,1,35.81634842943117,1,1,UEFA Nations League
2020-10-14,North Macedonia,Georgia,1619.7146764691872,1619.823887965386,1,99.89078850380133,1,1,UEFA Nations League
2020-10-14,Bulgaria,Wales,1571.478408386247,1837.634647709041,1,-166.1562393227939,0,1,UEFA Nations League
2020-10-14,Finland,Republic of Ireland,1708.4643309928235,1761.9911356414498,1,46.47319535137376,1,0,UEFA Nations League
2020-10-14,Russia,Hungary,1856.2913421502933,1733.7096276413351,1,222.58171450895816,0,0,UEFA Nations League
2020-10-14,Croatia,France,1970.217506270201,2122.9866619741742,1,-52.76915570397341,1,2,UEFA Nations League
2020-10-14,Scotland,Czech Republic,1703.795489879502,1792.4887337973873,1,11.306756082114589,1,0,UEFA Nations League
2020-10-14,Romania,Austria,1721.032473623554,1799.4156452099514,1,21.61682841360266,0,1,UEFA Nations League
2020-10-14,Norway,Northern Ireland,1771.15535466884,1692.4954465053347,1,178.65990816350518,1,0,UEFA Nations League
2020-10-14,Portugal,Sweden,2060.2666468793564,1882.1657947923898,1,278.1008520869666,3,0,UEFA Nations League
2020-10-14,England,Denmark,2043.7603204141265,1940.3223543769443,1,203.43796603718215,0,1,UEFA Nations League
2020-10-14,Iceland,Belgium,1735.9910540509372,2138.43167064884,1,-302.4406165979026,1,2,UEFA Nations League
2020-10-14,Poland,Bosnia and Herzegovina,1865.346505430162,1726.5622439832337,1,238.78426144692844,3,0,UEFA Nations League
2020-10-14,Italy,Netherlands,2024.4301221716069,2010.4782814961252,1,113.95184067548166,1,1,UEFA Nations League
2020-10-14,Slovakia,Israel,1731.6340508200067,1590.081976413993,1,241.55207440601362,2,3,UEFA Nations League
2020-11-06,Ethiopia,Sudan,1402.5817853544497,1387.9808076864015,1,114.60097766804824,2,2,Friendly
2020-11-07,Bahrain,Tajikistan,1637.2625430110927,1391.053945089856,0,246.2085979212368,1,0,Friendly
2020-11-11,Portugal,Andorra,2069.0792470590554,1128.5943170940227,1,1040.4849299650327,7,0,Friendly
2020-11-11,Romania,Belarus,1705.1004025257423,1526.2852052868916,1,278.8151972388507,5,3,Friendly
2020-11-11,San Marino,Latvia,915.2591046503311,1294.466335595687,1,-279.20723094535595,0,3,Friendly
2020-11-11,Slovenia,Azerbaijan,1662.0824258921125,1415.783924973105,1,346.29850091900744,0,0,Friendly
2020-11-11,Turkey,Croatia,1823.5661514083677,1957.4783758835338,1,-33.91222447516611,3,3,Friendly
2020-11-11,Senegal,Guinea-Bissau,1854.2065388814099,1413.2403159066669,1,540.966222974743,2,0,African Cup of Nations qualification
2020-11-11,Guinea,Chad,1563.0583897023605,1333.9556371527908,1,329.1027525495697,1,0,African Cup of Nations qualification
2020-11-11,Mauritania,Burundi,1507.051774603869,1399.9970089192257,1,207.05476568464337,1,1,African Cup of Nations qualification
2020-11-11,Kenya,Comoros,1513.4063453744916,1353.351720447922,1,260.05462492656966,1,1,African Cup of Nations qualification
2020-11-11,Poland,Ukraine,1875.9454828764235,1899.1021327102546,1,76.84335016616888,2,0,Friendly
2020-11-11,Libya,Equatorial Guinea,1577.2149972832867,1411.3265796544222,0,165.88841762886454,2,3,African Cup of Nations qualification
2020-11-11,Netherlands,Spain,2015.2288465482686,2079.292816038139,1,35.93603051012997,1,1,Friendly
2020-11-11,France,Finland,2135.7257923608418,1721.4698029988144,1,514.2559893620273,0,2,Friendly
2020-11-11,Malta,Liechtenstein,1243.5836801922596,1189.9560292949766,1,153.62765089728305,3,0,Friendly
2020-11-11,Luxembourg,Austria,1414.7202371651742,1815.3477163077632,1,-300.627479142589,0,3,Friendly
2020-11-11,Lithuania,Faroe Islands,1398.7485273862476,1303.3967132197313,1,195.3518141665163,2,1,Friendly
2020-11-11,Italy,Estonia,2019.6795571194634,1453.3284012740858,1,666.3511558453777,4,0,Friendly
2020-11-11,Greece,Cyprus,1673.9175802540003,1386.4210942012303,1,387.49648605277,2,1,Friendly
2020-11-11,Germany,Czech Republic,2018.090882046955,1777.9767134403346,1,340.1141686066203,1,0,Friendly
2020-11-11,Denmark,Sweden,1963.2225762738756,1873.3531946126907,1,189.86938166118466,2,0,Friendly
2020-11-11,Bulgaria,Gibraltar,1563.150856136375,1263.3346695276507,1,399.81618660872437,3,0,Friendly
2020-11-11,Belgium,Switzerland,2142.9072946318897,1922.9593756930421,1,319.9479189388476,2,1,Friendly
2020-11-11,Albania,Kosovo,1581.8588799313457,1571.003370254632,1,110.85550967671361,2,1,Friendly
2020-11-11,Montenegro,Kazakhstan,1568.9465665530786,1414.6327095071836,1,254.31385704589502,0,0,Friendly
2020-11-12,Burkina Faso,Malawi,1654.195305278486,1455.6311431239747,1,298.56416215451145,3,1,African Cup of Nations qualification
2020-11-12,Uganda,South Sudan,1619.3511786526753,1235.5061682798053,1,483.8450103728701,1,0,African Cup of Nations qualification
2020-11-12,Ghana,Sudan,1754.5727079077487,1391.1646507566265,1,463.4080571511222,2,0,African Cup of Nations qualification
2020-11-12,Gabon,Gambia,1539.3330693897985,1449.291512502748,1,190.04155688705055,2,1,African Cup of Nations qualification
2020-11-12,Congo,Eswatini,1488.117364410042,1248.0917820419259,1,340.02558236811615,2,0,African Cup of Nations qualification
2020-11-12,Cameroon,Mozambique,1678.962384119975,1463.0505226638916,1,315.91186145608344,4,1,African Cup of Nations qualification
2020-11-12,Zambia,Botswana,1557.2114021340499,1403.4574191043105,1,253.7539830297394,2,1,African Cup of Nations qualification
2020-11-12,Algeria,Zimbabwe,1872.9120226121483,1527.900802813402,1,445.0112197987464,3,1,African Cup of Nations qualification
2020-11-12,Argentina,Paraguay,2048.819568794264,1835.6884184430949,1,313.131150351169,1,1,FIFA World Cup qualification
2020-11-12,Ivory Coast,Madagascar,1716.5028463139938,1531.5051988831174,1,284.99764743087644,2,1,African Cup of Nations qualification
2020-11-12,Cape Verde,Rwanda,1514.093355397205,1406.5227417367225,1,207.57061366048242,0,0,African Cup of Nations qualification
2020-11-12,Bolivia,Ecuador,1630.1497707417586,1832.4412648778582,1,-102.29149413609957,2,3,FIFA World Cup qualification
2020-11-12,Moldova,Russia,1278.9912898010782,1847.8112976243842,1,-468.820007823306,0,0,Friendly
2020-11-12,Uzbekistan,Syria,1685.2558493879928,1616.0402160053975,0,69.21563338259534,0,1,Friendly
2020-11-12,United Arab Emirates,Tajikistan,1572.8315454285969,1387.1522114784443,1,285.67933395015257,3,2,Friendly
2020-11-12,Lebanon,Bahrain,1532.1046142550238,1641.1642766225043,0,-109.05966236748054,1,3,Friendly
2020-11-12,Jordan,Iraq,1603.447809482677,1732.1806850195935,0,-128.73287553691648,0,0,Friendly
2020-11-12,England,Republic of Ireland,2020.8600985171952,1748.9856636354589,1,371.8744348817363,3,0,Friendly
2020-11-12,Bosnia and Herzegovina,Iran,1715.9632665369722,1845.0816744024423,1,-29.11840786547009,0,2,Friendly
2020-11-12,Georgia,North Macedonia,1624.0214925400865,1615.5170718944864,1,108.50442064560002,0,1,UEFA Euro qualification
2020-11-12,Serbia,Scotland,1812.299610171268,1718.3075102365547,1,193.99209993471322,1,1,UEFA Euro qualification
2020-11-12,Northern Ireland,Slovakia,1684.5938998554075,1707.6139585771846,1,76.9799412782229,1,2,UEFA Euro qualification
2020-11-12,Hungary,Iceland,1742.1896721672442,1731.5154300678873,1,110.67424209935689,2,1,UEFA Euro qualification
2020-11-12,Wales,United States,1845.962199958913,1826.4947040576428,1,119.46749590127024,0,0,Friendly
2020-11-13,South Africa,São Tomé and Príncipe,1606.6184299967815,1252.0788969750902,1,454.53953302169134,2,0,African Cup of Nations qualification
2020-11-13,Nigeria,Sierra Leone,1783.9121867182657,1441.4677188203611,1,442.4444678979046,4,4,African Cup of Nations qualification
2020-11-13,Tunisia,Tanzania,1730.100073060398,1423.7122480956768,1,406.3878249647212,1,0,African Cup of Nations qualification
2020-11-13,Morocco,Central African Republic,1765.267557662781,1455.799862161351,1,409.46769550142994,4,1,African Cup of Nations qualification
2020-11-13,Mali,Namibia,1674.4233437859914,1442.077318149973,1,332.34602563601834,1,0,African Cup of Nations qualification
2020-11-13,Niger,Ethiopia,1385.5443991419402,1399.3979422842247,1,86.14645685771552,1,0,African Cup of Nations qualification
2020-11-13,Chile,Peru,1877.3642572760834,1912.612019227058,1,64.75223804902544,2,0,FIFA World Cup qualification
2020-11-13,Colombia,Uruguay,2064.623699046805,1989.1284246508515,1,175.49527439595363,0,3,FIFA World Cup qualification
2020-11-13,Japan,Panama,1840.7466615056958,1665.0930040584474,0,175.6536574472484,1,0,Friendly
2020-11-13,Costa Rica,Qatar,1732.0710153493815,1760.7243884186098,0,-28.653373069228337,1,1,Friendly
2020-11-13,Brazil,Venezuela,2157.509888256631,1851.0948689599838,1,406.41501929664696,1,0,FIFA World Cup qualification
2020-11-13,Bangladesh,Nepal,1057.9926600653991,1142.8879929637953,1,15.104667101603809,2,0,Friendly
2020-11-14,Benin,Lesotho,1600.7005160788278,1389.0702680517184,1,311.6302480271095,1,0,African Cup of Nations qualification
2020-11-14,Egypt,Togo,1692.0684907020163,1425.5170707033901,1,366.5514199986262,1,0,African Cup of Nations qualification
2020-11-14,DR Congo,Angola,1593.028472875323,1474.5645888464624,1,218.46388402886055,0,0,African Cup of Nations qualification
2020-11-14,Saudi Arabia,Jamaica,1664.057145939356,1705.6063204396655,1,58.45082549969038,3,0,Friendly
2020-11-14,San Marino,Gibraltar,909.4151084959592,1260.1497893576502,1,-250.734680861691,0,0,UEFA Nations League
2020-11-14,Latvia,Faroe Islands,1300.310331750059,1298.4932937035246,1,101.81703804653444,1,1,UEFA Nations League
2020-11-14,Mexico,South Korea,1998.2306123616468,1854.5919001005611,0,143.63871226108563,3,2,Friendly
2020-11-14,Cyprus,Luxembourg,1384.4803889898435,1409.45213762524,1,75.02825136460342,2,1,UEFA Nations League
2020-11-14,Azerbaijan,Montenegro,1423.386087347637,1562.703850448499,0,-139.31776310086207,0,0,UEFA Nations League
2020-11-14,Switzerland,Spain,1920.2225297653072,2080.323465386844,1,-60.10093562153679,1,1,UEFA Nations League
2020-11-14,Germany,Ukraine,2020.5648705183607,1887.366668665124,1,233.1982018532367,3,1,UEFA Nations League
2020-11-14,Sweden,Croatia,1865.8214459470707,1956.5053915702347,1,9.316054376836064,2,1,UEFA Nations League
2020-11-14,Portugal,France,2069.191685209132,2107.2033574596003,1,61.98832774953189,0,1,UEFA Nations League
2020-11-14,Malta,Andorra,1253.8133675498725,1128.4818789439462,1,225.33148860592632,3,1,UEFA Nations League
2020-11-15,Slovenia,Kosovo,1654.4802635175806,1564.090008079083,1,190.39025543849766,2,1,UEFA Nations League
2020-11-15,Moldova,Greece,1287.7303406594988,1675.858285465387,1,-288.1279448058883,0,2,UEFA Nations League
2020-11-15,Albania,Kazakhstan,1588.7722421068947,1420.8754256117631,1,267.8968164951316,3,1,UEFA Nations League
2020-11-15,Belarus,Lithuania,1521.2666418724864,1403.6519469024543,1,217.61469497003213,2,0,UEFA Nations League
2020-11-15,Guatemala,Honduras,1594.4590901482468,1726.9700183329044,1,-32.51092818465759,2,1,Friendly
2020-11-15,Comoros,Kenya,1366.0367535273133,1500.7213122951002,1,-34.68455876778694,2,1,African Cup of Nations qualification
2020-11-15,Burundi,Mauritania,1410.6802588805754,1496.3685246425193,1,14.311734238056033,3,1,African Cup of Nations qualification
2020-11-15,Guinea-Bissau,Senegal,1410.6884358208306,1856.7584189672461,1,-346.06998314641555,0,1,African Cup of Nations qualification
2020-11-15,Equatorial Guinea,Libya,1440.2108059874633,1548.3307709502456,1,-8.119964962782205,1,0,African Cup of Nations qualification
2020-11-15,Georgia,Armenia,1597.9709166166772,1520.5937761202158,1,177.37714049646138,1,2,UEFA Nations League
2020-11-15,Chad,Guinea,1328.7262011360406,1568.2878257191107,1,-139.56162458307017,1,1,African Cup of Nations qualification
2020-11-15,North Macedonia,Estonia,1641.5676478178957,1452.5361197958384,1,289.0315280220573,2,1,UEFA Nations League
2020-11-15,Austria,Northern Ireland,1820.6158158476974,1660.2336954984216,1,260.38212034927574,2,1,UEFA Nations League
2020-11-15,Wales,Republic of Ireland,1842.6530528945868,1745.3034804363367,1,197.34957245825012,1,0,UEFA Nations League
2020-11-15,Netherlands,Bosnia and Herzegovina,2014.1981971995635,1702.2174741014237,1,411.98072309814006,3,1,UEFA Nations League
2020-11-15,Italy,Poland,2020.4718385977108,1887.680946921554,1,232.79089167615666,2,0,UEFA Nations League
2020-11-15,Bulgaria,Finland,1566.3357363063756,1749.992237900056,1,-83.65650159368033,1,2,UEFA Nations League
2020-11-15,Denmark,Iceland,1970.7543249394955,1717.6792637357269,1,353.0750612037689,2,1,UEFA Nations League
2020-11-15,Belgium,England,2145.6441405596247,2024.5422817163173,1,221.10185884330735,2,0,UEFA Nations League
2020-11-15,Slovakia,Scotland,1731.9741629341704,1728.4426153714403,1,103.53154756273011,1,0,UEFA Nations League
2020-11-15,Czech Republic,Israel,1775.5027249689288,1614.1020686568152,1,261.4006563121136,1,0,UEFA Nations League
2020-11-15,Turkey,Russia,1824.5391357216668,1839.0722467659637,1,85.4668889557031,3,2,UEFA Nations League
2020-11-15,Hungary,Serbia,1756.0258384994047,1802.1645050363823,1,53.86133346302245,1,1,UEFA Nations League
2020-11-15,Romania,Norway,1710.1189659401475,1779.0569013187671,1,31.062064621380387,3,0,UEFA Nations League
2020-11-16,Gambia,Gabon,1439.256633444678,1549.3679484478685,1,-10.111315003190384,2,1,African Cup of Nations qualification
2020-11-16,Eswatini,Congo,1240.6664993844624,1495.5426470675054,1,-154.87614768304297,0,0,African Cup of Nations qualification
2020-11-16,Botswana,Zambia,1395.9231626874505,1564.7456585509099,1,-68.82249586345938,1,0,African Cup of Nations qualification
2020-11-16,Zimbabwe,Algeria,1523.6021014874416,1877.2107239381087,1,-253.6086224506671,2,2,African Cup of Nations qualification
2020-11-16,Mozambique,Cameroon,1453.2778386682824,1688.7350681155842,1,-135.45722944730187,0,2,African Cup of Nations qualification
2020-11-16,South Africa,São Tomé and Príncipe,1610.7033198647036,1247.994007107168,1,462.7093127575356,4,2,African Cup of Nations qualification
2020-11-16,United States,Panama,1829.803851121969,1659.757882457459,0,170.04596866451016,6,2,Friendly
2020-11-16,Malawi,Burkina Faso,1446.5086166640624,1663.3178317383984,1,-116.80921507433595,0,0,African Cup of Nations qualification
2020-11-16,Basque Country,Costa Rica,1783.8725272171787,1732.8938610452412,1,150.97866617193745,2,1,Friendly
2020-11-16,United Arab Emirates,Bahrain,1576.0686123404491,1651.6045774894137,1,24.46403485103542,1,3,Friendly
2020-11-16,Jordan,Syria,1606.9923003903302,1628.0064585285718,0,-21.014158138241555,1,0,Friendly
2020-11-16,South Sudan,Uganda,1233.1810786363715,1621.6762682961091,0,-388.49518965973766,1,0,African Cup of Nations qualification
2020-11-17,Paraguay,Bolivia,1850.0266729918603,1615.8737025386486,1,334.15297045321176,2,2,FIFA World Cup qualification
2020-11-17,Uruguay,Brazil,2040.4430132128718,2161.026006645935,1,-20.582993433063166,0,2,FIFA World Cup qualification
2020-11-17,Namibia,Mali,1436.932166979183,1679.5684949567815,1,-142.6363279775985,1,2,African Cup of Nations qualification
2020-11-17,Sudan,Ghana,1387.269869116481,1758.4674895478943,1,-271.19762043141327,1,0,African Cup of Nations qualification
2020-11-17,Angola,DR Congo,1485.7089528561546,1581.8841088656307,1,3.8248439905239593,0,1,African Cup of Nations qualification
2020-11-17,Central African Republic,Morocco,1449.7445666063206,1771.3228532178114,0,-321.57828661149074,0,2,African Cup of Nations qualification
2020-11-17,Togo,Egypt,1421.1920767431723,1696.3934846622342,1,-175.20140791906192,1,3,African Cup of Nations qualification
2020-11-17,Tanzania,Tunisia,1420.1956276336302,1733.6166935224446,1,-213.42106588881438,1,1,African Cup of Nations qualification
2020-11-17,Ethiopia,Niger,1384.2577449697205,1400.6845964564443,1,83.57314851327624,3,0,African Cup of Nations qualification
2020-11-17,Madagascar,Ivory Coast,1525.0097435380042,1722.998301659107,1,-97.98855812110287,1,1,African Cup of Nations qualification
2020-11-17,Sierra Leone,Nigeria,1458.5623585853089,1766.817546953318,1,-208.25518836800916,0,0,African Cup of Nations qualification
2020-11-17,Lesotho,Benin,1383.3663994264111,1606.404384704135,1,-123.03798527772392,0,0,African Cup of Nations qualification
2020-11-17,Rwanda,Cape Verde,1417.2271967149777,1503.3889004189498,1,13.83829629602792,0,0,African Cup of Nations qualification
2020-11-17,Venezuela,Chile,1847.5787505706799,1901.8369479917214,1,45.74180257895841,2,1,FIFA World Cup qualification
2020-11-17,Peru,Argentina,1888.13932851142,2034.4813142454984,1,-46.341985734078435,0,2,FIFA World Cup qualification
2020-11-17,Uzbekistan,Iraq,1673.2896068648186,1728.6361941119403,0,-55.34658724712176,1,2,Friendly
2020-11-17,Croatia,Portugal,1941.9075016042236,2051.5434742748685,1,-9.635972670644833,2,3,UEFA Nations League
2020-11-17,France,Sweden,2124.851568393864,1880.4193359130818,1,344.4322324807822,4,2,UEFA Nations League
2020-11-17,Ecuador,Colombia,1846.7173330809683,2013.3091104847847,1,-66.59177740381642,6,1,FIFA World Cup qualification
2020-11-17,Switzerland,Ukraine,1922.791720235511,1878.046440167132,1,144.7452800683791,3,0,UEFA Nations League
2020-11-17,Luxembourg,Azerbaijan,1397.6419369114003,1429.0980072767127,1,68.54392963468763,0,0,UEFA Nations League
2020-11-17,Montenegro,Cyprus,1556.9919305194232,1396.2905897036833,1,260.70134081573997,4,0,UEFA Nations League
2020-11-17,Spain,Germany,2077.75427491664,2029.8850990163528,1,147.86917590028725,6,0,UEFA Nations League
2020-11-17,Malta,Faroe Islands,1263.4726810212055,1302.767429100659,1,60.705251920546516,1,1,UEFA Nations League
2020-11-17,Gibraltar,Liechtenstein,1250.8806267871537,1179.7263419373637,1,171.15428484978997,1,1,UEFA Nations League
2020-11-17,Bangladesh,Nepal,1072.3409497030386,1128.5397033261559,1,43.80124637688277,0,0,Friendly
2020-11-17,Japan,Mexico,1846.0817831066843,2004.3168392316352,0,-158.23505612495092,0,2,Friendly
2020-11-17,South Korea,Qatar,1848.5056732305727,1759.90154272275,0,88.60413050782267,2,1,Friendly
2020-11-17,Saudi Arabia,Jamaica,1678.6404983108027,1691.0229680682187,1,87.61753024258405,1,2,Friendly
2020-11-17,Andorra,Latvia,1118.8225654726132,1296.0361963529247,1,-77.21363088031148,0,5,UEFA Nations League
2020-11-18,Republic of Ireland,Bulgaria,1738.0120104699095,1554.8792608431527,1,283.1327496267568,0,0,UEFA Nations League
2020-11-18,Kazakhstan,Lithuania,1412.9453149417213,1393.6513862156553,1,119.29392872606604,1,2,UEFA Nations League
2020-11-18,Albania,Belarus,1596.7023527769366,1531.2672025592854,1,165.4351502176512,3,2,UEFA Nations League
2020-11-18,Greece,Slovenia,1683.0560498016832,1661.995111367848,1,121.06093843383519,0,0,UEFA Nations League
2020-11-18,Georgia,Estonia,1575.9155173083059,1447.75854011798,1,228.15697719032596,0,0,UEFA Nations League
2020-11-18,Armenia,North Macedonia,1542.6491754285871,1646.3452274957542,0,-103.6960520671671,1,0,UEFA Nations League
2020-11-18,Wales,Finland,1849.944522861014,1761.4487133632788,1,188.4958094977353,3,1,UEFA Nations League
2020-11-18,Serbia,Russia,1804.4714345583257,1827.6894786992764,1,76.78195585904928,5,0,UEFA Nations League
2020-11-18,Kosovo,Moldova,1556.5751602288155,1280.5325763232026,1,376.0425839056129,1,0,UEFA Nations League
2020-11-18,Israel,Scotland,1608.650493641927,1717.784666095659,1,-9.134172453732162,1,0,UEFA Nations League
2020-11-18,Czech Republic,Slovakia,1780.954299983817,1742.6321122099516,1,138.32218777386538,2,0,UEFA Nations League
2020-11-18,Austria,Norway,1826.0935947906212,1755.1475184014237,1,170.94607638919751,1,1,UEFA Nations League
2020-11-18,Northern Ireland,Romania,1654.7559165554978,1734.028348857491,1,20.72756769800685,1,1,UEFA Nations League
2020-11-18,Belgium,Denmark,2155.4894369256044,1974.2294164202106,1,281.26002050539387,4,2,UEFA Nations League
2020-11-18,Hungary,Turkey,1753.7189089774613,1835.921903788354,1,17.797005189107267,2,0,UEFA Nations League
2020-11-18,England,Iceland,2014.6969853503376,1714.2041722550118,1,400.492813095326,4,0,UEFA Nations League
2020-11-18,Poland,Netherlands,1878.3433797763912,2018.0397529700665,1,-39.6963731936753,1,2,UEFA Nations League
2020-11-18,Bosnia and Herzegovina,Italy,1698.3759183309207,2029.8094057428737,1,-231.4334874119529,0,2,UEFA Nations League
2020-12-04,Qatar,Bangladesh,1752.397889639508,1071.0868853591526,1,781.3110042803555,5,0,FIFA World Cup qualification
2020-12-09,United States,El Salvador,1840.0457533102901,1624.952113166796,1,315.0936401434942,6,0,Friendly
2021-01-12,United Arab Emirates,Iraq,1560.0141571450977,1737.0565308767443,1,-77.04237373164665,0,0,Friendly
2021-01-18,Kuwait,Palestine,1517.4598919136313,1509.1866580700903,1,108.27323384354099,0,1,Friendly
2021-01-19,Dominican Republic,Puerto Rico,1387.2336843312555,1188.255096356239,1,298.9785879750166,0,1,Friendly
2021-01-22,Guatemala,Puerto Rico,1605.3921082726129,1205.2204004512744,1,500.1717078213385,1,0,Friendly
2021-01-25,Dominican Republic,Serbia,1370.26838023622,1827.9474129598816,1,-357.6790327236615,0,0,Friendly
2021-01-27,Iraq,Kuwait,1734.8747172211395,1504.4406502523887,1,330.4340669687508,2,1,Friendly
2021-01-28,Panama,Serbia,1649.5159802691378,1820.2104038574282,1,-70.69442358829042,0,0,Friendly
2021-01-31,United States,Trinidad and Tobago,1846.0032545399806,1492.2613136892683,1,453.74194085071235,7,0,Friendly
2021-02-01,Jordan,Tajikistan,1617.596400008253,1383.915144566592,0,233.68125544166105,2,0,Friendly
2021-02-05,Jordan,Tajikistan,1623.7961976095112,1377.715346965334,0,246.0808506441772,0,1,Friendly
2021-02-15,Jordan,Uzbekistan,1607.7002412180996,1664.8692701000145,0,-57.16902888191498,0,2,Friendly
2021-02-24,Guatemala,Nicaragua,1606.4559165668752,1346.7479552314321,1,359.7079613354431,1,0,Friendly
2021-03-13,Kenya,South Sudan,1478.7313150222246,1269.3197705501395,1,309.4115444720851,1,0,Friendly
2021-03-15,Kenya,Tanzania,1481.6146226690573,1431.1382181050874,1,150.47640456396994,2,1,Friendly
2021-03-17,Ethiopia,Malawi,1410.9974497289427,1452.9903013426049,1,58.0071483863378,4,0,Friendly
2021-03-20,Oman,Jordan,1616.152514514279,1595.1463896245264,0,21.006124889752527,0,0,Friendly
2021-03-24,Gibraltar,Norway,1244.0362061550334,1761.984819576324,1,-417.9486134212907,0,3,FIFA World Cup qualification
2021-03-24,Latvia,Montenegro,1319.4766733032402,1567.2473477054314,1,-147.77067440219116,1,2,FIFA World Cup qualification
2021-03-24,Malta,Russia,1260.8781730922328,1804.2135002977204,1,-443.3353272054876,1,3,FIFA World Cup qualification
2021-03-24,Slovenia,Croatia,1667.0199998426356,1927.3234133508963,1,-160.30341350826075,1,0,FIFA World Cup qualification
2021-03-24,Cyprus,Slovakia,1386.0351725176752,1728.644807351971,1,-242.60963483429578,0,0,FIFA World Cup qualification
2021-03-24,Uganda,Burkina Faso,1585.537576382341,1656.8361470598559,1,28.701429322485183,0,0,African Cup of Nations qualification
2021-03-24,Guinea,Mali,1560.6599334385671,1691.789867121061,0,-131.12993368249386,1,0,African Cup of Nations qualification
2021-03-24,South Sudan,Malawi,1266.4364629033068,1437.3419972490833,0,-170.90553434577646,0,1,African Cup of Nations qualification
2021-03-24,Turkey,Netherlands,1814.5734345196265,2031.333341645282,1,-116.75990712565545,4,2,FIFA World Cup qualification
2021-03-24,São Tomé and Príncipe,Sudan,1244.084550765721,1420.3305383413513,1,-76.24598757563035,0,2,African Cup of Nations qualification
2021-03-24,Ethiopia,Madagascar,1426.6457538224643,1530.5054696986351,1,-3.859715876170867,4,0,African Cup of Nations qualification
2021-03-24,Chad,Namibia,1336.3540934165842,1424.7107948149035,1,11.643298601680726,0,3,African Cup of Nations qualification
2021-03-24,Estonia,Czech Republic,1456.400871846242,1794.9416048417977,0,-338.5407329955558,2,6,FIFA World Cup qualification
2021-03-24,Rwanda,Mozambique,1416.4310213227443,1434.415470619154,1,82.0155507035904,1,0,African Cup of Nations qualification
2021-03-24,Finland,Bosnia and Herzegovina,1750.0840562778046,1688.9803964919556,1,161.103659785849,2,2,FIFA World Cup qualification
2021-03-24,Belgium,Wales,2162.929474056764,1861.3091799464883,1,401.6202941102756,3,1,FIFA World Cup qualification
2021-03-24,Belarus,Honduras,1522.9146555350303,1716.0370002085383,1,-93.122344673508,1,1,Friendly
2021-03-24,Jordan,Lebanon,1595.7502588704392,1521.6643133881144,0,74.08594548232486,1,0,Friendly
2021-03-24,Qatar,Luxembourg,1753.2789445526919,1394.7204623121827,0,358.5584822405092,1,0,Friendly
2021-03-24,Antigua and Barbuda,Montserrat,1361.4209965254897,1229.2313211053574,0,132.1896754201323,2,2,FIFA World Cup qualification
2021-03-24,Suriname,Cayman Islands,1460.4343979290995,1156.2866927870539,1,404.14770514204565,3,0,FIFA World Cup qualification
2021-03-24,Kosovo,Lithuania,1559.6641951176746,1413.6084327840717,1,246.05576233360284,4,0,Friendly
2021-03-24,Dominican Republic,Dominica,1378.0053893386735,1229.5523234857812,1,248.45306585289222,1,0,FIFA World Cup qualification
2021-03-24,Saint Kitts and Nevis,Puerto Rico,1382.9042342764792,1204.156592157012,0,178.74764211946717,1,0,FIFA World Cup qualification
2021-03-24,Portugal,Azerbaijan,2066.127562528196,1432.0194818759303,0,634.1080806522657,1,0,FIFA World Cup qualification
2021-03-24,Serbia,Republic of Ireland,1818.2032783246425,1727.9275660637632,1,190.27571226087935,3,2,FIFA World Cup qualification
2021-03-24,France,Ukraine,2130.297923221817,1862.1408050847301,1,368.1571181370871,1,1,FIFA World Cup qualification
2021-03-24,Guatemala,Cuba,1608.695573263163,1421.3331268224717,1,287.3624464406912,1,0,FIFA World Cup qualification
2021-03-25,South Africa,Ghana,1614.6127762061508,1725.406820323024,1,-10.794044116873238,1,1,African Cup of Nations qualification
2021-03-25,Andorra,Albania,1095.3820885222976,1605.0548998011916,1,-409.67281127889396,0,1,FIFA World Cup qualification
2021-03-25,Hungary,Poland,1775.0673782461888,1865.0497911011757,1,10.017587145013067,3,3,FIFA World Cup qualification
2021-03-25,Germany,Iceland,2010.8123435576117,1709.1037084785514,1,401.7086350790603,3,0,FIFA World Cup qualification
2021-03-25,Liechtenstein,Armenia,1186.570762569484,1561.9977323744108,1,-275.4269698049268,0,1,FIFA World Cup qualification
2021-03-25,Romania,North Macedonia,1734.9221697228706,1626.9966705499305,1,207.92549917294014,3,2,FIFA World Cup qualification
2021-03-25,Gambia,Angola,1459.838523253314,1465.4887860314454,1,94.34973722186851,1,0,African Cup of Nations qualification
2021-03-25,Libya,Tunisia,1527.863433278357,1722.6741030509875,1,-94.81066977263049,2,5,African Cup of Nations qualification
2021-03-25,Comoros,Togo,1388.026750800189,1405.1561408157288,1,82.87060998446009,0,0,African Cup of Nations qualification
2021-03-25,Kenya,Egypt,1487.5354857772113,1712.4294205896776,1,-124.89393481246634,1,1,African Cup of Nations qualification
2021-03-25,Botswana,Zimbabwe,1419.8338870189207,1536.0627268223802,1,-16.22883980345955,0,1,African Cup of Nations qualification
2021-03-25,Zambia,Algeria,1540.8349342194397,1864.75009860317,1,-223.91516438373037,3,3,African Cup of Nations qualification
2021-03-25,Equatorial Guinea,Tanzania,1460.678143659352,1425.2173549969334,1,135.4607886624185,1,0,African Cup of Nations qualification
2021-03-25,Tajikistan,Mongolia,1393.8113033567456,1061.0077497747056,1,432.80355358203997,3,0,FIFA World Cup qualification
2021-03-25,Gabon,DR Congo,1528.7860586392326,1602.1042756903398,1,26.68178294889276,3,0,African Cup of Nations qualification
2021-03-25,Moldova,Faroe Islands,1277.4435414343436,1305.3619370296317,1,72.08160440471192,1,1,FIFA World Cup qualification
2021-03-25,England,San Marino,2019.797449126798,918.6842710664557,1,1201.113178060342,5,0,FIFA World Cup qualification
2021-03-25,Israel,Denmark,1624.0447567357203,1966.7893792890513,1,-242.74462255333106,0,2,FIFA World Cup qualification
2021-03-25,Scotland,Austria,1702.3904030018657,1819.2562936157208,1,-16.865890613855072,2,2,FIFA World Cup qualification
2021-03-25,Bahrain,Syria,1667.6590326847652,1617.402358910649,1,150.25667377411628,3,1,Friendly
2021-03-25,India,Oman,1357.7465889551365,1615.548645268366,0,-257.8020563132295,1,1,Friendly
2021-03-25,Japan,South Korea,1837.4771536624107,1856.0093263138147,1,81.46782734859607,3,0,Friendly
2021-03-25,Saudi Arabia,Kuwait,1666.1707972424701,1501.843301592735,1,264.32749564973506,1,0,Friendly
2021-03-25,United States,Jamaica,1849.0800565592435,1703.4926691365513,0,145.58738742269225,4,1,Friendly
2021-03-25,El Salvador,Grenada,1618.9946119371054,1352.1418194642968,1,366.8527924728087,2,0,FIFA World Cup qualification
2021-03-25,Canada,Bermuda,1718.651374498442,1503.1582025691541,0,215.49317192928788,5,1,FIFA World Cup qualification
2021-03-25,Panama,Barbados,1651.5231058019235,1281.680035803267,0,369.8430699986566,1,0,FIFA World Cup qualification
2021-03-25,Haiti,Belize,1694.997251345814,1330.8710616765525,1,464.1261896692615,2,0,FIFA World Cup qualification
2021-03-25,Trinidad and Tobago,Guyana,1489.1845116700053,1439.6578914041309,0,49.5266202658745,3,0,FIFA World Cup qualification
2021-03-25,Spain,Greece,2096.827030375381,1678.0311613268957,1,518.7958690484854,1,1,FIFA World Cup qualification
2021-03-25,Sweden,Georgia,1874.9729810851286,1567.273185580044,1,407.6997955050847,1,0,FIFA World Cup qualification
2021-03-25,Bulgaria,Switzerland,1564.963705249299,1938.697355317913,1,-273.733650068614,1,3,FIFA World Cup qualification
2021-03-25,Italy,Northern Ireland,2039.2049275818388,1653.8620956901182,1,485.34283189172083,2,0,FIFA World Cup qualification
2021-03-25,Curaçao,Saint Vincent and the Grenadines,1540.5756179493492,1331.5433765546602,1,309.032241394689,5,0,FIFA World Cup qualification
2021-03-26,Congo,Senegal,1487.1743423055773,1861.559649148539,1,-274.38530684296165,0,0,African Cup of Nations qualification
2021-03-26,Niger,Ivory Coast,1373.9448916972221,1717.502575498476,0,-343.5576838012539,0,3,African Cup of Nations qualification
2021-03-26,Eswatini,Guinea-Bissau,1249.0348041463906,1405.8872056395378,1,-56.85240149314723,1,3,African Cup of Nations qualification
2021-03-26,Chile,Bolivia,1884.4549491753721,1630.7750054252008,1,353.67994375017133,2,1,Friendly
2021-03-26,Mauritania,Morocco,1467.6036006257493,1779.4671049500967,1,-211.86350432434733,0,0,African Cup of Nations qualification
2021-03-26,Burundi,Central African Republic,1439.4451828973454,1441.6003148740353,1,97.84486802331003,2,2,African Cup of Nations qualification
2021-03-26,Cape Verde,Cameroon,1504.1850758111832,1707.5974361647127,1,-103.4123603535295,3,1,African Cup of Nations qualification
2021-03-27,Belarus,Estonia,1525.5325416418561,1447.0495283444443,1,178.48301329741184,4,2,FIFA World Cup qualification
2021-03-27,Lesotho,Sierra Leone,1390.1670938392376,1469.2949024477207,1,20.872191391516935,0,0,African Cup of Nations qualification
2021-03-27,Slovakia,Malta,1716.5792248192722,1256.5408129769285,1,560.0384118423437,2,2,FIFA World Cup qualification
2021-03-27,Croatia,Cyprus,1898.6990798141255,1398.100755050374,1,600.5983247637516,1,0,FIFA World Cup qualification
2021-03-27,Russia,Slovenia,1808.5508604130248,1695.6443333794064,1,212.90652703361843,2,1,FIFA World Cup qualification
2021-03-27,Benin,Nigeria,1599.6036902913086,1756.0850030909062,1,-56.48131279959762,0,1,African Cup of Nations qualification
2021-03-27,Norway,Turkey,1767.775462531315,1854.2921509489158,0,-86.51668841760079,0,3,FIFA World Cup qualification
2021-03-27,Netherlands,Latvia,1991.6146252159926,1307.504698130933,1,784.1099270850593,2,0,FIFA World Cup qualification
2021-03-27,Montenegro,Gibraltar,1579.2193228777385,1238.2455632000424,1,440.9737596776961,4,1,FIFA World Cup qualification
2021-03-27,Czech Republic,Belgium,1804.2929483435953,2168.3379452555464,1,-264.0449969119511,1,1,FIFA World Cup qualification
2021-03-27,Serbia,Portugal,1828.2280280197137,2067.1406538590436,1,-138.91262583932985,2,2,FIFA World Cup qualification
2021-03-27,United States Virgin Islands,Antigua and Barbuda,1016.9949431429089,1354.1586423110189,1,-237.16369916810982,0,3,FIFA World Cup qualification
2021-03-27,Bahamas,Saint Kitts and Nevis,1227.8701927373427,1393.4357109206042,1,-65.56551818326147,0,4,FIFA World Cup qualification
2021-03-27,Turks and Caicos Islands,Nicaragua,1167.0622313294164,1344.5082985351444,0,-177.446067205728,0,7,FIFA World Cup qualification
2021-03-27,Anguilla,Dominican Republic,921.938527636398,1385.7280229002868,0,-463.78949526388874,0,6,FIFA World Cup qualification
2021-03-27,British Virgin Islands,Guatemala,927.8846399271237,1615.1173052367399,0,-687.2326653096162,0,3,FIFA World Cup qualification
2021-03-27,Aruba,Suriname,1172.0818092953677,1466.6612505690116,0,-294.57944127364385,0,6,FIFA World Cup qualification
2021-03-27,Wales,Mexico,1855.9007087477057,2012.9214686759087,1,-57.020759928203006,1,0,Friendly
2021-03-27,Qatar,Azerbaijan,1755.5317951881566,1431.006390545083,0,324.52540464307367,2,1,Friendly
2021-03-27,Nepal,Bangladesh,1129.793767670042,1070.2058304459688,1,159.58793722407313,0,0,Friendly
2021-03-27,Bosnia and Herzegovina,Costa Rica,1697.6421927826677,1726.9850416504287,1,70.65715113223905,0,0,Friendly
2021-03-27,Republic of Ireland,Luxembourg,1717.902816368692,1392.467611676718,1,425.4352046919739,0,1,FIFA World Cup qualification
2021-03-28,Poland,Andorra,1865.6262900255608,1091.9256499578532,1,873.7006400677076,3,0,FIFA World Cup qualification
2021-03-28,San Marino,Hungary,918.604860967786,1774.4908793218037,1,-755.8860183540178,0,3,FIFA World Cup qualification
2021-03-28,Armenia,Iceland,1568.7985348564355,1702.796744336408,1,-33.9982094799725,2,0,FIFA World Cup qualification
2021-03-28,North Macedonia,Liechtenstein,1617.715694292359,1179.7699600874594,1,537.9457342048997,5,0,FIFA World Cup qualification
2021-03-28,Romania,Germany,1744.203145980442,2017.1193076997552,1,-172.9161617193131,0,1,FIFA World Cup qualification
2021-03-28,Tunisia,Equatorial Guinea,1748.35328158829,1473.2528790471338,1,375.1004025411562,2,1,African Cup of Nations qualification
2021-03-28,Mali,Chad,1664.5805314999352,1300.181608554396,1,464.3989229455392,3,0,African Cup of Nations qualification
2021-03-28,Ghana,São Tomé and Príncipe,1724.785665030748,1220.5644670211416,1,604.2211980096065,3,1,African Cup of Nations qualification
2021-03-28,Sudan,South Africa,1443.8506220859306,1615.2339314984267,1,-71.38330941249615,2,0,African Cup of Nations qualification
2021-03-28,Albania,England,1608.511338365636,2019.8768592254678,1,-311.3655208598318,0,2,FIFA World Cup qualification
2021-03-28,Tanzania,Libya,1412.6426196091516,1502.1842547410545,1,10.458364868097078,1,0,African Cup of Nations qualification
2021-03-28,Namibia,Guinea,1460.8832796770917,1587.869269059693,1,-26.985989382601247,2,1,African Cup of Nations qualification
2021-03-28,Israel,Scotland,1612.1505425038856,1703.3605197980814,1,8.790022705804176,1,1,FIFA World Cup qualification
2021-03-28,Ukraine,Finland,1877.8513362686613,1741.4222599870925,1,236.42907628156877,1,1,FIFA World Cup qualification
2021-03-28,Denmark,Moldova,1978.683593520886,1273.3527164950606,1,805.3308770258254,8,0,FIFA World Cup qualification
2021-03-28,Greece,Honduras,1696.1094516875787,1713.4191141017125,1,82.69033758586625,2,1,Friendly
2021-03-28,Northern Ireland,United States,1650.4026765337526,1859.6480182814307,1,-109.24534174767814,1,2,Friendly
2021-03-28,Montserrat,El Salvador,1236.4936753198283,1625.472071863126,0,-388.9783965432978,1,1,FIFA World Cup qualification
2021-03-28,Austria,Faroe Islands,1818.286176819505,1309.4527619689147,1,608.8334148505903,3,1,FIFA World Cup qualification
2021-03-28,Dominica,Panama,1221.829689924168,1655.7755504760116,0,-433.9458605518437,1,2,FIFA World Cup qualification
2021-03-28,Puerto Rico,Trinidad and Tobago,1193.625115512887,1519.2288157416863,1,-225.6037002287992,1,1,FIFA World Cup qualification
2021-03-28,Cuba,Curaçao,1414.9113948488948,1552.1304170529017,0,-137.21902220400693,1,2,FIFA World Cup qualification
2021-03-28,Kosovo,Sweden,1566.9851277258463,1878.4654531236783,1,-211.48032539783208,0,3,FIFA World Cup qualification
2021-03-28,Switzerland,Lithuania,1948.981355047212,1406.2875001759,1,642.6938548713117,1,0,FIFA World Cup qualification
2021-03-28,Bulgaria,Italy,1554.67970552,2042.6643467382044,1,-387.9846412182044,0,2,FIFA World Cup qualification
2021-03-28,Kazakhstan,France,1392.988268373305,2114.587392037886,1,-621.5991236645809,0,2,FIFA World Cup qualification
2021-03-28,Georgia,Spain,1563.7807135414942,2078.7487400146983,1,-414.9680264732042,1,2,FIFA World Cup qualification
2021-03-29,Togo,Kenya,1409.8381025583842,1494.4304921418402,1,15.407610416544003,1,2,African Cup of Nations qualification
2021-03-29,United Arab Emirates,India,1562.1959708007025,1364.050193053835,1,298.14577774686745,6,0,Friendly
2021-03-29,Zimbabwe,Zambia,1555.129198550279,1552.1937737254107,1,102.93542482486828,0,2,African Cup of Nations qualification
2021-03-29,Algeria,Botswana,1853.391259097199,1400.767415291022,1,552.6238438061771,5,0,African Cup of Nations qualification
2021-03-29,Egypt,Comoros,1705.5344142250487,1383.3447890575335,1,422.18962516751526,4,0,African Cup of Nations qualification
2021-03-29,DR Congo,Gambia,1569.7868761183668,1474.5369999040831,1,195.24987621428363,1,0,African Cup of Nations qualification
2021-03-29,Angola,Gabon,1450.7903093806763,1561.1034582112056,1,-10.313148830529371,2,0,African Cup of Nations qualification
2021-03-29,Malawi,Uganda,1448.227444672918,1583.8891374118004,1,-35.66169273888249,1,0,African Cup of Nations qualification
2021-03-29,Burkina Faso,South Sudan,1658.4845860303965,1255.5510154794722,1,502.9335705509243,1,0,African Cup of Nations qualification
2021-03-29,Cayman Islands,Canada,1150.0598401471418,1735.4778286444862,0,-585.4179884973444,0,11,FIFA World Cup qualification
2021-03-29,Uzbekistan,Iraq,1677.4231216935877,1737.472065880793,1,39.95105581279472,0,1,Friendly
2021-03-29,Nepal,Bangladesh,1125.4983796051883,1074.5012185108224,1,150.997161094366,2,1,Friendly
2021-03-29,Kuwait,Lebanon,1498.2587555837235,1513.764936105621,0,-15.506180521897477,1,1,Friendly
2021-03-29,Ecuador,Bolivia,1894.2914731043534,1628.4654006146682,1,365.8260724896852,2,1,Friendly
2021-03-30,Cyprus,Slovenia,1396.8787048892775,1686.56615433945,1,-189.68744945017238,1,0,FIFA World Cup qualification
2021-03-30,Croatia,Malta,1899.921129975222,1275.0096784542632,1,724.9114515209587,3,0,FIFA World Cup qualification
2021-03-30,Slovakia,Russia,1698.1103593419375,1817.6290394529813,1,-19.51868011104375,2,1,FIFA World Cup qualification
2021-03-30,Saudi Arabia,Palestine,1669.7553432514817,1522.205899731333,1,247.54944352014877,5,0,FIFA World Cup qualification
2021-03-30,Japan,Mongolia,1850.9472846549975,1055.6554071325063,1,895.2918775224912,14,0,FIFA World Cup qualification
2021-03-30,Central African Republic,Mauritania,1447.0883932569602,1478.4832165245984,1,68.60517673236177,0,1,African Cup of Nations qualification
2021-03-30,Morocco,Burundi,1768.5874890512475,1433.9571045144205,1,434.630384536827,1,0,African Cup of Nations qualification
2021-03-30,Montenegro,Norway,1584.343766245388,1741.315202418363,1,-56.97143617297502,0,1,FIFA World Cup qualification
2021-03-30,Mozambique,Cape Verde,1419.0508818821447,1542.8597472232566,1,-23.80886534111187,0,1,African Cup of Nations qualification
2021-03-30,Turkey,Latvia,1880.7524110618679,1306.8543537598844,1,673.8980573019835,3,3,FIFA World Cup qualification
2021-03-30,Senegal,Eswatini,1848.3943648908705,1223.9004842783377,1,724.4938806125328,1,1,African Cup of Nations qualification
2021-03-30,Ivory Coast,Ethiopia,1726.0122437006316,1464.5623300093212,1,361.4499136913105,3,1,African Cup of Nations qualification
2021-03-30,Madagascar,Niger,1492.5888935117782,1365.4352234950666,1,227.15367001671166,0,0,African Cup of Nations qualification
2021-03-30,Nigeria,Lesotho,1772.8620195899139,1388.967037243244,1,483.89498234666985,3,0,African Cup of Nations qualification
2021-03-30,Cameroon,Rwanda,1668.9227647526393,1431.7956100597535,1,337.1271546928858,0,0,African Cup of Nations qualification
2021-03-30,Guinea-Bissau,Congo,1431.0215255075907,1500.3396265632457,1,30.681898944344994,3,0,African Cup of Nations qualification
2021-03-30,Belgium,Belarus,2155.5166111049557,1541.3474914898677,1,714.169119615088,8,0,FIFA World Cup qualification
2021-03-30,Bermuda,Aruba,1486.33174842311,1158.9048505142287,0,327.4268979088813,5,0,FIFA World Cup qualification
2021-03-30,Wales,Czech Republic,1867.5273200299669,1817.114282494186,1,150.41303753578086,1,0,FIFA World Cup qualification
2021-03-30,Luxembourg,Portugal,1429.2871489212773,2059.5447093095277,1,-530.2575603882503,1,3,FIFA World Cup qualification
2021-03-30,Azerbaijan,Serbia,1428.3311987496645,1835.82397256923,1,-307.4927738195654,1,2,FIFA World Cup qualification
2021-03-30,Guyana,Bahamas,1409.61358733245,1197.3640931798282,0,212.24949415262176,4,0,FIFA World Cup qualification
2021-03-30,Belize,Turks and Caicos Islands,1326.9913084926006,1143.2353809335557,0,183.75592755904495,5,0,FIFA World Cup qualification
2021-03-30,Barbados,Anguilla,1277.4275911291788,916.432238261144,0,360.99535286803484,1,0,FIFA World Cup qualification
2021-03-30,Saint Vincent and the Grenadines,British Virgin Islands,1319.9885774511076,926.5700721807231,0,393.41850527038457,3,0,FIFA World Cup qualification
2021-03-30,Gibraltar,Netherlands,1233.1211198323929,1992.2649695870414,1,-659.1438497546485,0,7,FIFA World Cup qualification
2021-03-30,Grenada,United States Virgin Islands,1345.6643595382761,1002.7574626968695,1,442.9068968414066,1,0,FIFA World Cup qualification
2021-03-30,Republic of Ireland,Qatar,1681.0832791241326,1758.206986983575,0,-77.12370785944245,1,1,Friendly
2021-03-30,Iran,Syria,1858.8274668379909,1608.5131541675232,1,350.31431267046764,3,0,Friendly
2021-03-30,Costa Rica,Mexico,1728.9911375913407,2001.2948573936476,0,-272.3037198023069,0,1,Friendly
2021-03-30,Bahrain,Jordan,1676.5482374278909,1603.6496361529325,1,172.8986012749583,1,2,Friendly
2021-03-31,Liechtenstein,Iceland,1176.3103562494932,1669.8704373196372,1,-393.56008107014395,1,4,FIFA World Cup qualification
2021-03-31,Moldova,Israel,1272.440275043522,1611.6446560532659,1,-239.20438100974388,1,4,FIFA World Cup qualification
2021-03-31,Andorra,Hungary,1091.4706469240991,1775.3817615653008,1,-583.9111146412017,1,4,FIFA World Cup qualification
2021-03-31,Austria,Denmark,1820.0368589810375,1979.5960349724246,1,-59.559175991387065,0,4,FIFA World Cup qualification
2021-03-31,Armenia,Romania,1601.7248418732063,1733.409159357735,1,-31.68431748452872,3,2,FIFA World Cup qualification
2021-03-31,Germany,North Macedonia,2027.9132943224622,1621.1752981303252,1,506.73799619213696,1,2,FIFA World Cup qualification
2021-03-31,San Marino,Albania,917.7139787242888,1599.944350410843,1,-582.2303716865542,0,2,FIFA World Cup qualification
2021-03-31,Scotland,Faroe Islands,1703.8664062487012,1307.7020798073822,1,496.16432644131896,4,0,FIFA World Cup qualification
2021-03-31,England,Poland,2028.4438471802607,1866.081293059315,1,262.36255412094556,2,1,FIFA World Cup qualification
2021-03-31,Bosnia and Herzegovina,France,1695.6360968417557,2116.217407664383,1,-320.5813108226271,0,1,FIFA World Cup qualification
2021-03-31,Lithuania,Italy,1405.3220832517777,2048.4717062100285,1,-543.1496229582508,0,2,FIFA World Cup qualification
2021-03-31,Northern Ireland,Bulgaria,1643.4473256176507,1548.8723460481758,1,194.57497956947486,0,0,FIFA World Cup qualification
2021-03-31,Greece,Georgia,1703.7733757199867,1560.4193234062243,1,243.3540523137624,1,1,FIFA World Cup qualification
2021-03-31,Spain,Kosovo,2082.110130149968,1550.997261063494,1,631.1128690864739,3,1,FIFA World Cup qualification
2021-03-31,Switzerland,Finland,1949.9467719713343,1753.259115616722,1,296.6876563546123,3,2,Friendly
2021-03-31,Sweden,Estonia,1894.4533197860305,1431.2345784964327,1,563.2187412895978,1,0,Friendly
2021-03-31,Ukraine,Kazakhstan,1866.0144806390317,1391.3582527468081,1,574.6562278922236,1,1,FIFA World Cup qualification
2021-05-23,Ukraine,Bahrain,1847.4264085124255,1661.9456290898397,1,285.4807794225858,1,1,Friendly
2021-05-24,Iraq,Tajikistan,1748.616908315201,1399.163645998945,1,449.4532623162561,0,0,Friendly
2021-05-24,United Arab Emirates,Jordan,1568.670967923911,1618.2522444909837,1,50.41872343292721,5,1,Friendly
2021-05-25,Indonesia,Afghanistan,1277.7183479072564,1313.0722805823164,0,-35.35393267505992,2,3,Friendly
2021-05-25,Oman,Thailand,1609.2450411696675,1513.9252870490457,0,95.31975412062184,1,0,Friendly
2021-05-27,Turkey,Azerbaijan,1861.5623107502233,1422.5098572379572,1,539.0524535122661,2,1,Friendly
2021-05-28,Japan,Myanmar,1851.6653735803916,1244.133475162535,1,707.5318984178566,10,0,FIFA World Cup qualification
2021-05-28,Italy,San Marino,2050.993052682144,915.6833855263093,1,1235.3096671558346,7,0,Friendly
2021-05-28,Bahrain,Malaysia,1668.7054599406479,1377.7497059006764,1,390.95575403997145,2,0,Friendly
2021-05-29,Indonesia,Oman,1268.7324182548718,1616.568341190323,0,-347.8359229354512,1,3,Friendly
2021-05-29,Iraq,Nepal,1740.016164261338,1131.4067557825472,1,708.6094084787908,6,2,Friendly
2021-05-29,Mexico,Iceland,2004.7463012168785,1676.451812070825,0,328.29448914605337,2,1,Friendly
2021-05-29,Singapore,Afghanistan,1306.067400717842,1322.058210234701,0,-15.990809516858917,1,1,Friendly
2021-05-29,Sweden,Finland,1895.2055213112835,1750.1903155361163,1,245.01520577516726,2,0,Friendly
2021-05-29,Thailand,Tajikistan,1506.60198702839,1407.764390052808,0,98.83759697558207,2,2,Friendly
2021-05-30,Malta,Northern Ireland,1273.9475447061027,1633.2873049436919,0,-359.3397602375892,0,3,Friendly
2021-05-30,Switzerland,United States,1953.0155720519401,1866.6033691975326,1,186.4122028544075,2,1,Friendly
2021-05-30,China,Guam,1615.2023936496282,1029.7912566124683,1,685.41113703716,7,0,FIFA World Cup qualification
2021-05-31,Jordan,Vietnam,1602.2042431374387,1543.9383534304982,0,58.26588970694047,1,1,Friendly
2021-05-31,Turkey,Guinea,1862.4219552068766,1566.3189470447194,1,396.10300816215727,0,0,Friendly
2021-06-01,Lithuania,Estonia,1402.8007367796624,1430.4823769711797,1,72.31835980848268,0,1,Baltic Cup
2021-06-01,Slovakia,Bulgaria,1719.2327643251333,1559.0323667221346,0,160.2003976029987,1,1,Friendly
2021-06-01,Poland,Russia,1858.84540259615,1796.5066344697855,1,162.33876812636458,1,1,Friendly
2021-06-01,Croatia,Armenia,1900.9832637233824,1623.54369842659,1,377.43956529679235,1,1,Friendly
2021-06-01,Kosovo,San Marino,1549.451876274214,915.6466924539767,1,733.8051838202374,4,1,Friendly
2021-06-01,North Macedonia,Slovenia,1659.1225514611126,1656.6163647116498,1,102.50618674946281,1,1,Friendly
2021-06-02,Puerto Rico,Bahamas,1205.0496205630711,1180.2926883543455,1,124.75693220872563,7,0,FIFA World Cup qualification
2021-06-02,Dominica,Anguilla,1218.7897304932444,911.9823182899169,0,306.80741220332754,3,0,FIFA World Cup qualification
2021-06-02,Cuba,British Virgin Islands,1402.4237564325972,919.9838364497239,0,482.43991998287333,5,0,FIFA World Cup qualification
2021-06-02,Montserrat,United States Virgin Islands,1252.6420600123527,999.8592664988072,0,252.78279351354547,4,0,FIFA World Cup qualification
2021-06-02,Romania,Georgia,1711.5903028043513,1572.5121269833078,1,239.0781758210435,1,2,Friendly
2021-06-02,Norway,Luxembourg,1758.0647440971236,1426.580331002459,0,331.48441309466466,1,0,Friendly
2021-06-02,Cayman Islands,Aruba,1146.4025228432272,1148.3579597500739,0,-1.9554369068466713,1,3,FIFA World Cup qualification
2021-06-02,Mozambique,Lesotho,1400.419288996045,1384.8992326600712,1,115.52005633597378,5,0,Friendly
2021-06-02,Germany,Denmark,1989.9660409916748,2010.7298325896775,0,-20.763791598002626,1,1,Friendly
2021-06-02,France,Wales,2121.6738957535545,1879.3720872180959,1,342.3018085354586,3,0,Friendly
2021-06-02,England,Austria,2035.6797376434256,1788.9030613637847,1,346.7766762796409,1,0,Friendly
2021-06-02,Bosnia and Herzegovina,Montenegro,1690.179608752584,1567.5942245666274,1,222.58538418595663,0,0,Friendly
2021-06-02,Belarus,Azerbaijan,1539.815556093202,1421.650212781304,1,218.16534331189814,1,2,Friendly
2021-06-02,Netherlands,Scotland,1994.2452217470084,1707.943722028144,0,286.3014997188643,2,2,Friendly
2021-06-03,United Arab Emirates,Malaysia,1584.718969277456,1374.8905730580418,1,309.8283962194141,4,0,FIFA World Cup qualification
2021-06-03,Thailand,Indonesia,1503.8315470508596,1265.1635830443818,0,238.66796400647786,2,2,FIFA World Cup qualification
2021-06-03,Bolivia,Venezuela,1626.294837379341,1864.9607493870292,1,-138.66591200768812,3,1,FIFA World Cup qualification
2021-06-03,Uruguay,Paraguay,2012.2182154161615,1835.125370105308,1,277.09284531085336,0,0,FIFA World Cup qualification
2021-06-03,Kuwait,Australia,1498.7047632447097,1808.742586286289,1,-210.03782304157926,0,3,FIFA World Cup qualification
2021-06-03,Peru,Colombia,1862.1172547055685,1965.7349704613996,1,-3.6177157558311137,0,3,FIFA World Cup qualification
2021-06-03,Qatar,India,1756.0229438956362,1357.5751959306267,1,498.4477479650095,1,0,FIFA World Cup qualification
2021-06-03,Bangladesh,Afghanistan,1068.5928423334635,1321.5982824522412,0,-253.00544011877764,1,1,FIFA World Cup qualification
2021-06-03,Argentina,Chile,2060.50338805135,1886.7645539859047,1,273.7388340654454,1,1,FIFA World Cup qualification
2021-06-03,Palestine,Singapore,1506.6956990601843,1306.5273285003018,0,200.16837055988253,4,0,FIFA World Cup qualification
2021-06-03,Algeria,Mauritania,1856.5817349714919,1502.3819077995915,1,454.1998271719003,4,1,Friendly
2021-06-03,Iran,Hong Kong,1862.939056591548,1331.4631637741259,1,631.4758928174222,3,1,FIFA World Cup qualification
2021-06-03,Andorra,Republic of Ireland,1089.123666857579,1683.2673222120713,1,-494.14365535449224,1,4,Friendly
2021-06-03,Belgium,Greece,2157.0485465016213,1691.6805721429032,1,565.3679743587181,1,1,Friendly
2021-06-03,Switzerland,Liechtenstein,1958.1119473202518,1169.7289814983053,1,888.3829658219463,7,0,Friendly
2021-06-03,Turkey,Moldova,1854.2775580258813,1258.3355624517446,0,595.9419955741366,2,0,Friendly
2021-06-03,Bahrain,Cambodia,1671.5645927832825,1051.4632013744974,1,720.101391408785,8,0,FIFA World Cup qualification
2021-06-03,Mexico,Costa Rica,2007.3716125241895,1725.5396937681098,0,281.83191875607963,0,0,CONCACAF Nations League
2021-06-03,United States,Honduras,1861.506993929221,1705.7551900693045,1,255.75180385991644,1,0,CONCACAF Nations League
2021-06-03,Nepal,Taiwan,1130.7827053463163,1145.5988952084215,0,-14.816189862105148,2,0,FIFA World Cup qualification
2021-06-03,Ukraine,Northern Ireland,1840.6665776616173,1637.2140872629298,1,303.4524903986876,1,0,Friendly
2021-06-04,Latvia,Lithuania,1326.044454071529,1384.7228255295145,1,41.32162854201442,3,1,Baltic Cup
2021-06-04,Saint Kitts and Nevis,Guyana,1423.9418104781187,1426.6849921579326,1,97.25681832018608,3,0,FIFA World Cup qualification
2021-06-04,Nicaragua,Belize,1368.335148931005,1347.6099592441979,1,120.7251896868072,3,0,FIFA World Cup qualification
2021-06-04,Dominican Republic,Barbados,1391.2343122755408,1281.877511100406,1,209.3568011751347,1,1,FIFA World Cup qualification
2021-06-04,Guatemala,Saint Vincent and the Grenadines,1616.4318729831405,1326.574813182107,1,389.85705980103353,10,0,FIFA World Cup qualification
2021-06-04,Suriname,Bermuda,1479.8382093501507,1496.8786391872648,1,82.95957016288594,6,0,FIFA World Cup qualification
2021-06-04,Antigua and Barbuda,Grenada,1368.3961227570583,1348.5625557363385,1,119.83356702071978,1,0,FIFA World Cup qualification
2021-06-04,Maldives,Syria,1150.3201142495218,1604.401564413966,0,-454.0814501644443,0,4,FIFA World Cup qualification
2021-06-04,Brazil,Ecuador,2189.2508044426454,1896.4620363396805,1,392.7887681029649,2,0,FIFA World Cup qualification
2021-06-04,Slovenia,Gibraltar,1659.4840028151502,1231.1408676724259,1,528.3431351427243,6,0,Friendly
2021-06-04,Rwanda,Central African Republic,1446.7725949690932,1423.1897019819671,1,123.58289298712612,2,0,Friendly
2021-06-04,North Macedonia,Kazakhstan,1656.2549133576122,1409.9463248734144,1,346.3085884841978,4,0,Friendly
2021-06-04,Nigeria,Cameroon,1776.9298241730867,1653.9457798432995,0,122.98404432978714,0,1,Friendly
2021-06-04,Kosovo,Malta,1549.9568210519562,1270.0207623868648,0,279.9360586650914,2,1,Friendly
2021-06-04,Italy,Czech Republic,2051.0297457544766,1805.269515306057,1,345.76023044841963,4,0,Friendly
2021-06-04,Hungary,Cyprus,1777.7287416318209,1426.8284945170776,1,450.90024711474325,1,0,Friendly
2021-06-04,Finland,Estonia,1744.3052852043184,1448.5602882213277,1,395.74499698299064,0,1,Friendly
2021-06-04,Faroe Islands,Iceland,1303.6247640279394,1673.826500763514,1,-270.20173673557474,0,1,Friendly
2021-06-04,Spain,Portugal,2083.655514939248,2062.251527228346,1,121.40398771090213,0,0,Friendly
2021-06-05,South Korea,Turkmenistan,1842.539195321228,1412.243376241811,1,530.295819079417,5,0,FIFA World Cup qualification
2021-06-05,United States Virgin Islands,El Salvador,985.6683227255502,1609.3236871706017,1,-523.6553644450514,0,7,FIFA World Cup qualification
2021-06-05,Aruba,Canada,1178.1891155376757,1739.1351459484008,0,-560.9460304107251,0,7,FIFA World Cup qualification
2021-06-05,Lebanon,Sri Lanka,1513.3189284446348,949.1767807179414,0,564.1421477266935,3,2,FIFA World Cup qualification
2021-06-05,Panama,Anguilla,1658.8155099069352,901.7605801176023,1,857.0549297893328,13,0,FIFA World Cup qualification
2021-06-05,Turks and Caicos Islands,Haiti,1122.6167301819585,1698.8770045297658,1,-476.26027434780735,0,10,FIFA World Cup qualification
2021-06-05,Bahamas,Trinidad and Tobago,1150.790814915174,1507.8043106915022,1,-257.0134957763282,0,0,FIFA World Cup qualification
2021-06-05,British Virgin Islands,Curaçao,915.2981043082623,1564.6180554691994,0,-649.3199511609371,0,8,FIFA World Cup qualification
2021-06-05,Saudi Arabia,Yemen,1685.2655439226303,1346.1188481669058,1,439.1466957557245,3,0,FIFA World Cup qualification
2021-06-05,Senegal,Zambia,1829.0027369057082,1590.8306915145395,1,338.1720453911687,3,1,Friendly
2021-06-05,Tunisia,DR Congo,1752.4920762160323,1579.5980595944914,1,272.8940166215409,1,0,Friendly
2021-06-05,Sweden,Armenia,1901.0905516430814,1631.4991499276148,1,369.59140171546665,3,1,Friendly
2021-06-05,Wales,Albania,1875.090158592966,1601.9749436088225,1,373.11521498414345,0,0,Friendly
2021-06-05,Russia,Bulgaria,1800.866369508532,1563.342119487851,1,337.52425002068094,1,0,Friendly
2021-06-05,Niger,Gambia,1376.9196853371736,1464.7258164279585,0,-87.8061310907849,0,2,Friendly
2021-06-05,Montenegro,Israel,1573.2476594479976,1625.7493686450432,1,47.49829080295444,1,3,Friendly
2021-06-05,Ivory Coast,Burkina Faso,1732.671616580244,1660.5804023672938,1,172.09121421295026,2,1,Friendly
2021-06-05,Guinea,Togo,1574.4633442257148,1388.9517501721136,0,185.51159405360113,0,2,Friendly
2021-06-06,United States,Mexico,1867.1051304298758,1997.3180230717705,1,-30.21289264189477,3,2,CONCACAF Nations League
2021-06-06,Honduras,Costa Rica,1700.1570535686496,1735.5932832205287,0,-35.4362296518791,2,2,CONCACAF Nations League
2021-06-06,Norway,Greece,1760.6484584940556,1700.937275775061,0,59.71118271899468,1,2,Friendly
2021-06-06,Netherlands,Georgia,1987.4725833938453,1588.4798707988575,1,498.992712594988,3,0,Friendly
2021-06-06,Moldova,Azerbaijan,1257.3949064786837,1437.2164672202848,1,-79.82156074160116,1,0,Friendly
2021-06-06,Luxembourg,Scotland,1423.996616605527,1714.7163603813071,1,-190.71974377578022,0,1,Friendly
2021-06-06,England,Romania,2038.0717723799767,1695.6225589888013,1,442.44921339117536,1,0,Friendly
2021-06-06,Denmark,Bosnia and Herzegovina,2010.1329131135892,1684.5261738712138,1,425.60673924237517,2,0,Friendly
2021-06-06,Belgium,Croatia,2147.7918428694634,1893.0278122223576,1,354.76403064710576,1,0,Friendly
2021-06-06,Austria,Slovakia,1786.5110266272336,1714.9230115594169,1,171.58801506781674,0,0,Friendly
2021-06-06,Algeria,Mali,1858.9689335036328,1669.1002679491896,1,289.86866555444317,1,0,Friendly
2021-06-07,Qatar,Oman,1758.1706405561863,1620.1371764008131,1,238.03346415537317,1,0,FIFA World Cup qualification
2021-06-07,Bahrain,Iran,1673.045899363343,1864.4812982348376,1,-91.4353988714945,0,3,FIFA World Cup qualification
2021-06-07,Vietnam,Indonesia,1545.5998337354465,1277.0838560437257,0,268.51597769172076,4,0,FIFA World Cup qualification
2021-06-07,United Arab Emirates,Thailand,1595.509186976573,1491.9112740515156,1,203.59791292505724,3,1,FIFA World Cup qualification
2021-06-07,Japan,Tajikistan,1853.4234045953692,1410.5348300303385,1,542.8885745650307,4,1,FIFA World Cup qualification
2021-06-07,Kyrgyzstan,Mongolia,1442.626273693242,1054.9373182071122,0,387.68895548612977,0,1,FIFA World Cup qualification
2021-06-07,Bangladesh,India,1081.0322006750614,1355.4274992700766,0,-274.3952985950152,0,2,FIFA World Cup qualification
2021-06-07,Uzbekistan,Singapore,1666.2782792591797,1288.5216131336524,0,377.7566661255273,5,0,FIFA World Cup qualification
2021-06-07,Iraq,Cambodia,1740.6402146975688,1049.9818947944368,0,690.658319903132,4,1,FIFA World Cup qualification
2021-06-07,Guam,Syria,1028.0836206103415,1609.520238862062,0,-581.4366182517203,0,3,FIFA World Cup qualification
2021-06-07,Nepal,Jordan,1162.0612630729383,1600.5427628324903,0,-438.481499759552,0,3,FIFA World Cup qualification
2021-06-07,China,Philippines,1616.910029651755,1338.4627589730917,0,278.44727067866324,2,0,FIFA World Cup qualification
2021-06-07,Ukraine,Cyprus,1843.635570241244,1425.4400395166374,1,518.1955307246067,4,0,Friendly
2021-06-07,Serbia,Jamaica,1841.6453140809372,1692.924707414364,0,148.72060666657308,1,1,Friendly
2021-06-07,Rwanda,Central African Republic,1456.6512798190868,1413.3110171319736,1,143.34026268711318,5,0,Friendly
2021-06-07,Germany,Latvia,1990.562960467763,1345.8810033449106,1,744.6819571228527,7,1,Friendly
2021-06-07,Faroe Islands,Liechtenstein,1300.138627788389,1169.4600437298386,1,230.6785840585503,5,1,Friendly
2021-06-07,Andorra,Gibraltar,1087.1998812979118,1229.2032605196466,1,-42.003379221734804,0,0,Friendly
2021-06-07,Australia,Taiwan,1824.833120713762,1114.3203374817995,0,710.5127832319624,5,1,FIFA World Cup qualification
2021-06-08,Saint Vincent and the Grenadines,Cuba,1316.5104433344013,1407.1094885740588,0,-90.59904523965747,0,1,FIFA World Cup qualification
2021-06-08,Curaçao,Guatemala,1566.8271064494559,1626.496242830846,1,40.33086361860978,0,0,FIFA World Cup qualification
2021-06-08,Barbados,Dominica,1292.6551308167088,1229.011468665559,0,63.64366215114978,1,1,FIFA World Cup qualification
2021-06-08,Panama,Dominican Republic,1659.6733927625278,1380.456692559238,1,379.21670020328975,3,0,FIFA World Cup qualification
2021-06-08,Haiti,Nicaragua,1705.2362515195166,1391.6404459780056,1,413.595805541511,1,0,FIFA World Cup qualification
2021-06-08,Guyana,Puerto Rico,1401.234325468624,1234.5514940022426,0,166.68283146638146,0,2,FIFA World Cup qualification
2021-06-08,Venezuela,Uruguay,1823.5850675933073,1998.9650605515594,1,-75.37999295825216,0,0,FIFA World Cup qualification
2021-06-08,Ecuador,Peru,1890.7981249276513,1827.4816833385732,1,163.31644158907807,1,2,FIFA World Cup qualification
2021-06-08,Colombia,Argentina,2000.3705418283948,2047.3592183466083,1,53.011323481786576,2,2,FIFA World Cup qualification
2021-06-08,Paraguay,Brazil,1848.3785249699101,2194.914715854675,1,-246.53619088476466,0,2,FIFA World Cup qualification
2021-06-08,Chile,Bolivia,1899.9087236906466,1667.670519173063,1,332.23820451758365,1,1,FIFA World Cup qualification
2021-06-08,Bermuda,Cayman Islands,1464.3380929560994,1116.5713670556254,0,347.76672590047406,1,1,FIFA World Cup qualification
2021-06-08,Trinidad and Tobago,Saint Kitts and Nevis,1495.224497656688,1449.3924771674272,0,45.83202048926091,2,0,FIFA World Cup qualification
2021-06-08,Canada,Suriname,1742.5629300322787,1512.378755581316,0,230.1841744509627,4,0,FIFA World Cup qualification
2021-06-08,Poland,Iceland,1854.4856675574035,1677.3126370030645,1,277.173030554339,2,2,Friendly
2021-06-08,Grenada,Montserrat,1335.1996085035605,1266.8330037856097,1,168.36660471795085,1,2,FIFA World Cup qualification
2021-06-08,Spain,Lithuania,2080.296826471383,1364.8862762561328,1,815.4105502152504,4,0,Friendly
2021-06-08,Senegal,Cape Verde,1832.750228691344,1561.4913401093563,1,371.2588885819878,2,0,Friendly
2021-06-08,El Salvador,Antigua and Barbuda,1613.5338365065,1381.7590699898362,1,331.7747665166637,3,0,FIFA World Cup qualification
2021-06-08,Mozambique,Eswatini,1414.0040996020819,1243.2921122635,1,270.7119873385818,1,1,Friendly
2021-06-08,Morocco,Ghana,1771.6163985642925,1726.582040177281,1,145.03435838701148,1,0,Friendly
2021-06-08,Kosovo,Guinea,1553.284592610658,1552.1374775732806,0,1.1471150373772616,1,2,Friendly
2021-06-08,Hungary,Republic of Ireland,1779.117196632261,1685.1911077717386,1,193.92608886052244,0,0,Friendly
2021-06-08,Gambia,Togo,1476.0136199467522,1411.2776168245477,0,64.73600312220447,1,0,Friendly
2021-06-08,France,Bulgaria,2125.955824378684,1560.8356276893182,1,665.1201966893659,3,0,Friendly
2021-06-08,Czech Republic,Albania,1800.761294665663,1609.8842485458822,1,290.87704611978074,3,1,Friendly
2021-06-08,Cameroon,Nigeria,1667.3447539428444,1763.5308500735418,0,-96.18609613069748,0,0,Friendly
2021-06-08,Benin,Zambia,1582.8266737923009,1587.0831997289035,1,95.74347406339734,2,2,Friendly
2021-06-09,South Korea,Sri Lanka,1846.1475269670393,947.6800547590401,1,998.4674722079992,5,0,FIFA World Cup qualification
2021-06-09,United States,Costa Rica,1883.4062478327578,1734.0686612748834,1,249.33758655787437,4,0,Friendly
2021-06-09,Niger,Congo,1365.63188181838,1468.422452967975,0,-102.79057114959505,0,1,Friendly
2021-06-09,Turkmenistan,Lebanon,1408.6350445959995,1514.8156544035362,0,-106.18060980753671,3,2,FIFA World Cup qualification
2021-06-09,Portugal,Israel,2065.6102156962106,1642.7873539016846,1,522.822861794526,4,0,Friendly
2021-06-10,Estonia,Latvia,1466.701213125594,1345.3045644552278,1,221.39664867036618,2,1,Baltic Cup
2021-06-10,South Africa,Uganda,1579.1554908124072,1561.8434643840887,1,117.3120264283184,3,2,Friendly
2021-06-11,DR Congo,Mali,1576.1563091172525,1665.9280979582543,0,-89.77178884100181,1,1,Friendly
2021-06-11,Saudi Arabia,Singapore,1690.4401624784273,1280.3568116322347,1,510.0833508461926,3,0,FIFA World Cup qualification
2021-06-11,United Arab Emirates,Indonesia,1609.6987657368604,1263.9057659167977,1,445.79299982006273,5,0,FIFA World Cup qualification
2021-06-11,Italy,Turkey,2055.5379663948706,1855.2182139989422,1,300.3197523959284,3,0,UEFA Euro
2021-06-11,Tunisia,Algeria,1755.9338266932712,1862.1411034945681,1,-6.207276801296985,0,2,Friendly
2021-06-11,Mauritania,Liberia,1499.9947092674506,1439.731724251976,0,60.26298501547467,1,0,Friendly
2021-06-11,Kosovo,Gambia,1543.251576105816,1484.17163493916,0,59.079941166656,1,0,Friendly
2021-06-11,Guinea,Niger,1562.1704940781226,1358.5070302974734,0,203.66346378064918,2,1,Friendly
2021-06-11,Japan,Serbia,1856.3692129850776,1837.6083909226752,1,118.76082206240244,1,0,Kirin Challenge Cup
2021-06-11,China,Maldives,1626.9648709596459,1145.201439801426,0,481.7634311582199,5,0,FIFA World Cup qualification
2021-06-11,Myanmar,Kyrgyzstan,1242.3754441475573,1406.5038027560029,0,-164.12835860844552,1,8,FIFA World Cup qualification
2021-06-11,Afghanistan,Oman,1309.1589241106433,1612.0338737867196,0,-302.8749496760763,1,2,FIFA World Cup qualification
2021-06-11,Yemen,Uzbekistan,1340.9442296111088,1674.4430807605975,0,-333.4988511494887,0,1,FIFA World Cup qualification
2021-06-11,Hong Kong,Iraq,1329.9209221308363,1741.9295863575333,0,-412.00866422669696,0,1,FIFA World Cup qualification
2021-06-11,Cambodia,Iran,1048.6925231344724,1890.4771902613877,0,-841.7846671269153,0,10,FIFA World Cup qualification
2021-06-11,Kuwait,Jordan,1482.6142288172368,1605.735761126234,1,-23.121532308997075,0,0,FIFA World Cup qualification
2021-06-11,Nepal,Australia,1156.8682647791948,1826.0678450598923,0,-669.1995802806975,0,3,FIFA World Cup qualification
2021-06-11,Philippines,Guam,1328.4079176652008,1025.7041146668835,0,302.7038029983173,3,0,FIFA World Cup qualification
2021-06-11,Malaysia,Vietnam,1364.1003553589248,1558.7779238623746,0,-194.67756850344972,1,2,FIFA World Cup qualification
2021-06-12,Wales,Switzerland,1867.1808536559063,1958.3808850887185,1,8.799968567187761,1,1,UEFA Euro
2021-06-12,Russia,Belgium,1803.3728613070648,2150.088729565881,1,-246.71586825881604,0,3,UEFA Euro
2021-06-12,Denmark,Finland,2012.5160929906117,1726.164360300052,1,386.3517326905594,0,1,UEFA Euro
2021-06-12,Morocco,Burkina Faso,1777.6686621645304,1655.1646754975993,1,222.50398666693104,1,0,Friendly
2021-06-12,Saint Kitts and Nevis,El Salvador,1423.3271352420804,1622.5636830861272,1,-99.23654784404675,0,4,FIFA World Cup qualification
2021-06-12,Ghana,Ivory Coast,1720.529776577043,1738.0873434499385,1,82.44243312710455,0,0,Friendly
2021-06-12,Haiti,Canada,1708.6220424920664,1758.3114219660567,1,50.31062052600964,0,1,FIFA World Cup qualification
2021-06-12,Mexico,Honduras,1981.0169056688885,1701.681675514295,0,279.33523015459355,0,0,Friendly
2021-06-12,Panama,Curaçao,1666.763857864878,1564.5158473514782,1,202.24801051339978,2,1,FIFA World Cup qualification
2021-06-13,South Korea,Lebanon,1846.4019391959678,1488.8868493087089,1,457.5150898872589,2,1,FIFA World Cup qualification
2021-06-13,Sudan,Zambia,1479.9290627719502,1589.7712178644094,1,-9.84215509245928,0,1,Friendly
2021-06-13,Tanzania,Malawi,1432.0407695021,1470.2731177006297,1,61.767651801470265,2,0,Friendly
2021-06-13,Austria,North Macedonia,1781.9382005917719,1660.7506291373695,0,121.18757145440236,3,1,UEFA Euro
2021-06-13,Netherlands,Ukraine,1989.346247020761,1845.4431092028376,1,243.90313781792338,3,2,UEFA Euro
2021-06-13,England,Croatia,2039.5244156970512,1890.7309255259402,1,248.793490171111,1,0,UEFA Euro
2021-06-13,Brazil,Venezuela,2206.6021597348827,1827.857461376618,1,478.7446983582647,3,0,Copa América
2021-06-13,Colombia,Ecuador,1997.3424268405881,1862.033128604317,0,135.30929823627116,1,0,Copa América
2021-06-14,Spain,Sweden,2080.636881100586,1904.2840167476802,1,276.3528643529057,0,0,UEFA Euro
2021-06-14,Paraguay,Bolivia,1836.6910810897025,1682.522584696098,0,154.16849639360453,3,1,Copa América
2021-06-14,Argentina,Chile,2050.387333334415,1885.0566581676117,0,165.3306751668033,1,1,Copa América
2021-06-14,Libya,Liberia,1482.786104848106,1431.4490448626982,0,51.337059985407905,0,1,Friendly
2021-06-14,Poland,Slovakia,1847.8577958477933,1719.4958375948786,0,128.36195825291475,1,2,UEFA Euro
2021-06-14,Scotland,Czech Republic,1719.719140363581,1805.496356221018,1,14.222784142562887,0,2,UEFA Euro
2021-06-15,El Salvador,Saint Kitts and Nevis,1649.6347906153208,1396.2560277128869,1,353.3787629024339,2,0,FIFA World Cup qualification
2021-06-15,Tunisia,Mali,1741.2017878652434,1663.400264028442,1,177.80152383680138,1,0,Friendly
2021-06-15,Curaçao,Panama,1554.999889209892,1676.2798160064642,1,-21.279926796572227,0,0,FIFA World Cup qualification
2021-06-15,Djibouti,Somalia,1067.3059690725297,1048.090312244347,1,119.21565682818277,1,0,Friendly
2021-06-15,Saudi Arabia,Uzbekistan,1693.967404972598,1679.558552878372,1,114.40885209422595,3,0,FIFA World Cup qualification
2021-06-15,Germany,France,1991.1393993574459,2126.700433640681,1,-35.56103428323513,0,1,UEFA Euro
2021-06-15,Kuwait,Taiwan,1483.9432498039455,1113.085613135669,1,470.8576366682764,2,1,FIFA World Cup qualification
2021-06-15,Sierra Leone,Benin,1470.4949590437143,1580.138655656795,0,-109.64369661308069,1,0,African Cup of Nations qualification
2021-06-15,Canada,Haiti,1781.187459908252,1685.746004549871,0,95.44145535838106,3,0,FIFA World Cup qualification
2021-06-15,Hungary,Portugal,1774.051056242988,2067.3724754903606,1,-193.32141924737266,0,3,UEFA Euro
2021-06-15,United Arab Emirates,Vietnam,1615.4064677624385,1568.6135223534575,1,146.79294540898104,3,2,FIFA World Cup qualification
2021-06-15,Iran,Iraq,1891.2962706334831,1745.3438002880844,1,245.95247034539875,1,0,FIFA World Cup qualification
2021-06-15,Japan,Kyrgyzstan,1866.4326792762736,1431.6976855822309,1,534.7349936940427,5,1,FIFA World Cup qualification
2021-06-15,Tajikistan,Myanmar,1407.58902164063,1217.1815613213294,0,190.40746031930075,4,0,FIFA World Cup qualification
2021-06-15,India,Afghanistan,1365.6790839784683,1303.2041085201988,0,62.474975458269455,1,1,FIFA World Cup qualification
2021-06-15,Bangladesh,Oman,1070.7806159666698,1617.988689377164,0,-547.2080734104943,0,3,FIFA World Cup qualification
2021-06-15,Palestine,Yemen,1524.7014144268337,1335.8287574933343,0,188.87265693349946,3,0,FIFA World Cup qualification
2021-06-15,Bahrain,Hong Kong,1647.050007336793,1326.5067082002852,1,420.5432991365078,4,0,FIFA World Cup qualification
2021-06-15,Australia,Jordan,1827.5232185623222,1604.4067401395253,0,223.11647842279694,1,0,FIFA World Cup qualification
2021-06-15,China,Syria,1631.667810994239,1611.89974480552,1,119.7680661887191,3,1,FIFA World Cup qualification
2021-06-15,Philippines,Maldives,1338.837586257288,1140.4984997668328,0,198.3390864904552,1,1,FIFA World Cup qualification
2021-06-15,Thailand,Malaysia,1477.7216952912281,1354.264756867842,0,123.45693842338619,0,1,FIFA World Cup qualification
2021-06-16,Turkey,Wales,1842.0281344336868,1866.5477803887773,0,-24.519645955090482,0,2,UEFA Euro
2021-06-16,Italy,Switzerland,2068.728045960126,1959.0139583558475,1,209.71408760427857,3,0,UEFA Euro
2021-06-16,Russia,Finland,1786.342862794923,1771.283651095903,1,115.0592116990199,1,0,UEFA Euro
2021-06-17,Colombia,Venezuela,2013.070245707713,1822.628841869827,0,190.4414038378859,0,0,Copa América
2021-06-17,Brazil,Peru,2211.8307792416736,1856.2466796619076,1,455.58409957976596,4,0,Copa América
2021-06-17,Algeria,Liberia,1876.8731423225959,1442.9159838402802,1,533.9571584823157,5,1,Friendly
2021-06-17,Netherlands,Austria,1999.2052010274367,1806.8638467388305,1,292.341354288606,2,0,UEFA Euro
2021-06-17,Denmark,Belgium,1967.3968021947608,2167.1187280780227,1,-99.72192588326197,1,2,UEFA Euro
2021-06-17,Ukraine,North Macedonia,1835.5841551961619,1635.824982990311,0,199.75917220585097,2,1,UEFA Euro
2021-06-18,Croatia,Czech Republic,1881.0928891473382,1844.5306166607083,0,36.56227248662981,1,1,UEFA Euro
2021-06-18,England,Scotland,2049.162452075653,1680.6848799238905,1,468.4775721517626,0,0,UEFA Euro
2021-06-18,Sweden,Slovakia,1920.8205533472353,1753.3337195258184,0,167.4868338214169,1,0,UEFA Euro
2021-06-18,Chile,Bolivia,1896.129704479135,1660.6500949072595,0,235.47960957187547,1,0,Copa América
2021-06-18,Argentina,Uruguay,2039.3142870228917,1994.6926667682487,0,44.62162025464295,1,0,Copa América
2021-06-19,Spain,Poland,2064.1003445010306,1814.0199139168535,1,350.08043058417707,1,1,UEFA Euro
2021-06-19,Hungary,France,1752.408771302453,2149.1505097509116,1,-296.7417384484586,1,1,UEFA Euro
2021-06-19,Germany,Portugal,1968.6893232472153,2089.0147604308954,1,-20.32543718368015,4,2,UEFA Euro
2021-06-19,Libya,Sudan,1471.319165870524,1470.2122670161602,0,1.1068988543638625,0,1,Arab Cup qualification
2021-06-20,Oman,Somalia,1620.865126067721,1041.3930029948785,0,579.4721230728424,2,1,Arab Cup qualification
2021-06-20,Colombia,Peru,2000.5922283710029,1849.899712467651,0,150.69251590335193,1,2,Copa América
2021-06-20,Switzerland,Turkey,1938.8719093387363,1807.1702450042721,0,131.7016643344641,3,1,UEFA Euro
2021-06-20,Venezuela,Ecuador,1835.1068592065371,1846.3053097371921,0,-11.198450530655009,2,2,Copa América
2021-06-20,Italy,Wales,2088.8700949772374,1901.405669818192,1,287.4644251590453,1,0,UEFA Euro
2021-06-21,Argentina,Paraguay,2061.1210411867723,1858.563570878541,0,202.55747030823136,1,0,Copa América
2021-06-21,Denmark,Russia,1949.3816091785159,1803.3536373686388,1,246.02797180987682,4,1,UEFA Euro
2021-06-21,Finland,Belgium,1754.272876522187,2185.133921094268,0,-430.8610445720808,0,2,UEFA Euro
2021-06-21,Netherlands,North Macedonia,2010.9590638985944,1623.7996724457666,1,487.159391452828,3,0,UEFA Euro
2021-06-21,Ukraine,Austria,1847.6094657407061,1795.1099838676728,0,52.499481873033346,0,1,UEFA Euro
2021-06-21,Uruguay,Chile,1972.8859126043683,1906.3780955105465,0,66.50781709382181,1,1,Copa América
2021-06-22,Mauritania,Yemen,1508.2773886567284,1318.1790512754535,0,190.09833738127486,2,0,Arab Cup qualification
2021-06-22,Scotland,Croatia,1702.5266798157866,1878.4716910349512,1,-75.9450112191646,1,3,UEFA Euro
2021-06-22,England,Czech Republic,2027.3206521837571,1847.1518147730953,1,280.16883741066204,1,0,UEFA Euro
2021-06-23,Spain,Slovakia,2044.981026723195,1739.5311335575036,1,405.4498931656915,5,0,UEFA Euro
2021-06-23,Sweden,Poland,1934.6231393155501,1833.139231694689,0,101.48390762086115,3,2,UEFA Euro
2021-06-23,Germany,Hungary,2008.380623136318,1769.7387928566784,1,338.6418302796394,2,2,UEFA Euro
2021-06-23,Portugal,France,2049.3234605417924,2131.8204881966863,0,-82.49702765489383,2,2,UEFA Euro
2021-06-23,Ecuador,Peru,1845.499795374076,1885.1105143714046,0,-39.610718997328604,2,2,Copa América
2021-06-23,Brazil,Colombia,2218.17774643593,1965.3814264672492,1,352.796319968681,2,1,Copa América
2021-06-23,Lebanon,Djibouti,1486.2067392448166,1074.003278321998,0,412.2034609228185,1,0,Arab Cup qualification
2021-06-24,Palestine,Comoros,1542.3511206447145,1377.2780571228618,0,165.07306352185265,5,1,Arab Cup qualification
2021-06-24,Chile,Paraguay,1911.1061079427334,1846.6847642664243,0,64.4213436763091,0,2,Copa América
2021-06-24,Bolivia,Uruguay,1650.401703875848,1968.1579001721814,0,-317.7561962963334,0,2,Copa América
2021-06-25,Bahrain,Kuwait,1653.1697933901808,1486.4375740217502,0,166.7322193684306,2,0,Arab Cup qualification
2021-06-26,Italy,Austria,2096.8933050106853,1823.8591339148186,0,273.03417109586667,2,1,UEFA Euro
2021-06-26,Wales,Denmark,1893.3824597847442,1966.4659845990413,0,-73.0835248142971,0,4,UEFA Euro
2021-06-27,Netherlands,Czech Republic,2015.954566010874,1838.8416747279744,0,177.11289128289968,0,2,UEFA Euro
2021-06-27,Belgium,Portugal,2190.9280767765604,2055.1504980758773,0,135.77757870068308,1,0,UEFA Euro
2021-06-27,Brazil,Ecuador,2223.9777874714664,1848.3377305259503,1,475.6400569455161,1,1,Copa América
2021-06-27,Venezuela,Peru,1835.9123735696533,1882.2725792195304,0,-46.360205649877116,0,1,Copa América
2021-06-27,El Salvador,Guatemala,1656.5742376360179,1628.8075019288237,0,27.76673570719413,0,0,Friendly
2021-06-28,Uruguay,Paraguay,1978.5333522184726,1891.0593925403482,0,87.4739596781244,1,0,Copa América
2021-06-28,Argentina,Bolivia,2072.999847798889,1640.0262518295567,0,432.9735959693321,4,1,Copa América
2021-06-28,France,Switzerland,2125.9934506626014,1962.8007461735435,0,163.19270448905786,3,3,UEFA Euro
2021-06-28,Croatia,Spain,1907.902771384925,2053.81596829511,0,-145.91319691018498,3,5,UEFA Euro
2021-06-29,England,Germany,2035.6307922288781,1989.6116771088107,1,146.01911512006723,2,0,UEFA Euro
2021-06-29,Sweden,Ukraine,1952.521610764058,1818.8603156935603,0,133.66129507049777,1,2,UEFA Euro
2021-06-30,Mexico,Panama,1974.3542828244651,1675.0563744353228,0,299.2979083891423,3,0,Friendly
2021-07-02,Switzerland,Spain,1973.7497969062701,2076.43196356582,0,-102.6821666595497,1,1,UEFA Euro
2021-07-02,Belgium,Italy,2206.626849754971,2105.491935389599,0,101.13491436537197,1,2,UEFA Euro
2021-07-02,Peru,Paraguay,1903.9563527556763,1872.2239436041991,0,31.732409151477214,3,3,Copa América
2021-07-02,Brazil,Chile,2202.0161729844585,1866.7314796688095,1,435.28469331564906,1,0,Copa América
2021-07-02,Haiti,Saint Vincent and the Grenadines,1660.1258349697475,1301.6106620649277,0,358.5151729048198,6,1,Gold Cup qualification
2021-07-02,Trinidad and Tobago,Montserrat,1521.2898395820348,1295.8313730485115,0,225.45846653352328,6,1,Gold Cup qualification
2021-07-02,Bermuda,Barbados,1449.098210106878,1289.0319425343478,0,160.06626757253025,8,1,Gold Cup qualification
2021-07-03,Guadeloupe,Bahamas,1444.1026707976478,1163.3706279499881,0,280.7320428476596,2,0,Gold Cup qualification
2021-07-03,Cuba,French Guiana,1422.0092698435324,1481.8791001349628,0,-59.86983029143039,0,3,Gold Cup qualification
2021-07-03,Guatemala,Guyana,1629.6049956674985,1357.8529821862642,0,271.75201348123437,4,0,Gold Cup qualification
2021-07-03,Argentina,Ecuador,2079.6842304722827,1870.2993450129582,0,209.38488545932455,3,0,Copa América
2021-07-03,Czech Republic,Denmark,1893.9579536942913,2003.623669550105,0,-109.66571585581369,1,2,UEFA Euro
2021-07-03,Mexico,Nigeria,1979.6567252541006,1760.8310168019323,0,218.82570845216833,4,0,Friendly
2021-07-03,Ukraine,England,1853.0300460115216,2058.2371574858225,0,-205.20711147430097,0,4,UEFA Euro
2021-07-03,Uruguay,Colombia,1997.3688011546217,1959.5813854317128,0,37.78741572290892,0,0,Copa América
2021-07-04,Qatar,El Salvador,1766.2739431702798,1655.776743897343,0,110.49719927293677,1,0,Friendly
2021-07-05,Brazil,Peru,2205.7891502649186,1901.679350253748,1,404.1098000111706,1,0,Copa América
2021-07-06,Eswatini,Lesotho,1249.8144227168561,1371.3144220540344,0,-121.49999933717822,3,1,COSAFA Cup
2021-07-06,South Africa,Botswana,1585.9017024904495,1397.5769394167291,1,288.3247630737203,1,0,COSAFA Cup
2021-07-06,Guatemala,Guadeloupe,1642.5819568851173,1454.047910954643,0,188.53404593047435,1,1,Gold Cup qualification
2021-07-06,Trinidad and Tobago,French Guiana,1538.4520969000102,1510.906923064949,0,27.545173835061178,1,1,Gold Cup qualification
2021-07-06,Italy,Spain,2137.570371588844,2069.2512485272778,0,68.31912306156619,1,1,UEFA Euro
2021-07-06,Argentina,Colombia,2099.855677963841,1962.2897379942633,0,137.5659399695778,1,1,Copa América
2021-07-06,Haiti,Bermuda,1669.1392312591202,1474.7184708141747,0,194.42076044494547,4,1,Gold Cup qualification
2021-07-07,England,Denmark,2080.2519493578798,2020.984612599499,1,159.26733675838068,2,1,UEFA Euro
2021-07-07,Mozambique,Zimbabwe,1407.4817891487257,1516.4922807611501,0,-109.0104916124244,0,0,COSAFA Cup
2021-07-07,Senegal,Namibia,1835.9164066015794,1482.4336016920652,0,353.48280490951424,1,2,COSAFA Cup
2021-07-08,Zambia,Lesotho,1599.4880136201994,1341.2518571900146,0,258.2361564301848,1,2,COSAFA Cup
2021-07-08,South Africa,Eswatini,1590.6956467923146,1279.876987580876,1,410.81865921143867,1,0,COSAFA Cup
2021-07-09,Peru,Colombia,1897.2307141222814,1971.7016227015647,0,-74.47090857928333,2,3,Copa América
2021-07-09,Malawi,Zimbabwe,1457.9120972121361,1511.9345084216172,0,-54.022411209481106,2,2,COSAFA Cup
2021-07-09,Senegal,Mozambique,1809.3842928129297,1412.0395614882586,0,397.3447313246711,1,0,COSAFA Cup
2021-07-10,Lesotho,Botswana,1365.7185489944648,1392.782995114864,0,-27.064446120399225,0,4,COSAFA Cup
2021-07-10,Mexico,Trinidad and Tobago,1987.945428118851,1536.8697830763128,0,451.0756450425381,0,0,Gold Cup
2021-07-10,Brazil,Argentina,2210.237786396385,2090.4437932565397,1,219.7939931398455,0,1,Copa América
2021-07-10,Zambia,Eswatini,1575.0213218157492,1277.3002376344891,0,297.72108418126004,0,1,COSAFA Cup
2021-07-11,England,Italy,2094.532299384009,2132.7168117337083,1,61.81548765030084,1,1,UEFA Euro
2021-07-11,Namibia,Zimbabwe,1508.965715480715,1509.6207895885952,0,-0.655074107880182,2,0,COSAFA Cup
2021-07-11,Mozambique,Malawi,1409.2741544690539,1460.2258160451581,0,-50.95166157610424,2,0,COSAFA Cup
2021-07-11,El Salvador,Guatemala,1648.8540483057027,1632.6822124262585,0,16.17183587944419,2,0,Gold Cup
2021-07-11,Canada,Martinique,1806.8076294883756,1583.4071909533554,0,223.40043853502016,4,1,Gold Cup
2021-07-11,United States,Haiti,1890.6165165966515,1686.3707241880466,1,304.245792408605,1,0,Gold Cup
2021-07-12,Jamaica,Suriname,1696.961630572626,1496.630263647538,0,200.3313669250881,2,0,Gold Cup
2021-07-12,Costa Rica,Guadeloupe,1726.8583925109897,1463.9476554135017,0,262.910737097488,3,1,Gold Cup
2021-07-13,Qatar,Panama,1773.1966387619202,1669.7539320056874,0,103.44270675623284,3,3,Gold Cup
2021-07-13,Honduras,Grenada,1708.3442983587183,1306.2012392406587,0,402.1430591180597,4,0,Gold Cup
2021-07-13,Malawi,Namibia,1434.4496287063914,1531.5081381644466,0,-97.05850945805514,1,1,COSAFA Cup
2021-07-13,Senegal,Zimbabwe,1812.1496998321345,1487.0783669048637,0,325.07133292727076,2,1,COSAFA Cup
2021-07-13,South Africa,Lesotho,1593.2723967387014,1339.7800021484093,1,353.4923945902922,4,0,COSAFA Cup
2021-07-13,Botswana,Zambia,1418.7215419609195,1549.6013875639221,0,-130.87984560300265,1,2,COSAFA Cup
2021-07-14,South Africa,Zambia,1599.7743659408247,1559.2037825105451,1,140.5705834302796,0,0,COSAFA Cup
2021-07-14,Eswatini,Botswana,1302.7201718863162,1409.1191470142965,0,-106.3989751279803,1,1,COSAFA Cup
2021-07-14,Mozambique,Namibia,1435.0503418078206,1527.4234923238255,0,-92.3731505160049,1,0,COSAFA Cup
2021-07-14,Senegal,Malawi,1816.1515762379067,1438.5342745470125,0,377.61730169089424,2,1,COSAFA Cup
2021-07-14,Trinidad and Tobago,El Salvador,1558.4019055602173,1684.6098220808653,0,-126.20791652064804,0,2,Gold Cup
2021-07-14,Guatemala,Mexico,1596.9264386510959,1966.4133056349465,0,-369.48686698385063,0,3,Gold Cup
2021-07-15,Haiti,Canada,1678.9770602393114,1825.7541138365746,0,-146.77705359726315,1,4,Gold Cup
2021-07-15,United States,Martinique,1898.0101805453867,1564.4607066051565,1,433.5494739402302,6,1,Gold Cup
2021-07-16,Suriname,Costa Rica,1478.6373836424173,1740.39065428349,0,-261.75327064107273,1,2,Gold Cup
2021-07-16,Guadeloupe,Jamaica,1450.4153936410014,1714.9545105777468,0,-264.53911693674536,1,2,Gold Cup
2021-07-16,South Africa,Mozambique,1594.0162641178595,1453.9470254157031,1,240.06923870215633,3,0,COSAFA Cup
2021-07-16,Senegal,Eswatini,1819.2155831311302,1307.175373226621,0,512.0402099045091,2,2,COSAFA Cup
2021-07-17,Grenada,Qatar,1297.7736127354488,1765.965744942836,0,-468.1921322073872,0,4,Gold Cup
2021-07-17,Panama,Honduras,1676.9848258247716,1716.7719248639282,0,-39.7870990391566,2,3,Gold Cup
2021-07-18,Eswatini,Mozambique,1320.6797865682013,1443.4104820651876,0,-122.7306954969863,1,1,COSAFA Cup
2021-07-18,South Africa,Senegal,1604.552807468375,1805.71116978955,1,-101.15836232117499,0,0,COSAFA Cup
2021-07-18,Guatemala,Trinidad and Tobago,1587.6071560081175,1533.9548460096644,0,53.65230999845312,1,1,Gold Cup
2021-07-18,Mexico,El Salvador,1975.7325882779248,1709.0568816314183,0,266.67570664650657,1,0,Gold Cup
2021-07-18,Martinique,Haiti,1556.8447691084557,1652.683284469352,0,-95.83851536089628,1,2,Gold Cup
2021-07-18,United States,Canada,1905.6261180420875,1852.047889606534,1,153.57822843555346,1,0,Gold Cup
2021-07-20,Honduras,Qatar,1738.9214624168942,1771.8964920742014,0,-32.97502965730723,0,2,Gold Cup
2021-07-20,Panama,Grenada,1654.8352882718057,1291.8428656040833,0,362.9924226677224,3,1,Gold Cup
2021-07-20,Suriname,Guadeloupe,1469.5665069093413,1441.462985202252,0,28.103521707089385,2,1,Gold Cup
2021-07-20,Costa Rica,Jamaica,1749.461531016566,1723.9069190164962,0,25.55461200006971,1,0,Gold Cup
2021-07-24,Mexico,Honduras,1984.5949603503625,1704.9699302800295,0,279.62503007033297,3,0,Gold Cup
2021-07-24,Qatar,El Salvador,1805.848024211066,1700.1945095589806,0,105.6535146520855,3,2,Gold Cup
2021-07-25,Costa Rica,Canada,1772.626037629075,1837.4311079088595,0,-64.80507027978456,0,2,Gold Cup
2021-07-25,United States,Jamaica,1920.242899739762,1700.7424124039871,1,319.5004873357748,1,0,Gold Cup
2021-07-29,Mexico,Canada,1999.1757034759873,1868.0164626521832,0,131.1592408238041,2,1,Gold Cup
2021-07-29,United States,Qatar,1927.1002399703673,1823.471627974189,1,203.62861199617828,1,0,Gold Cup
2021-08-01,United States,Mexico,1938.9232935651476,2015.1621991990905,1,23.761094366057023,1,0,Gold Cup
2021-08-21,El Salvador,Costa Rica,1682.5709057958577,1742.0406828857513,0,-59.46977708989357,0,0,Friendly
2021-08-22,Niger,Sudan,1353.7785332598048,1490.2759850206182,0,-136.49745176081342,2,1,Friendly
2021-08-26,Ethiopia,Sierra Leone,1457.9029571297087,1496.6050553995258,1,61.29790173018296,0,0,Friendly
2021-08-26,Sudan,Niger,1476.5376563954221,1367.516861885001,0,109.02079451042118,3,0,Friendly
2021-08-29,Ethiopia,Uganda,1456.1567425714775,1555.0972527060464,1,1.0594898654310327,2,1,Friendly
2021-09-01,Moldova,Austria,1269.6527693776893,1815.260503535905,1,-445.60773415821564,0,2,FIFA World Cup qualification
2021-09-01,France,Bosnia and Herzegovina,2115.0443999298745,1682.1429939941913,1,532.9014059356832,1,1,FIFA World Cup qualification
2021-09-01,Faroe Islands,Israel,1307.9951836220444,1641.0250941075344,1,-233.02991048549006,0,4,FIFA World Cup qualification
2021-09-01,Denmark,Scotland,2006.7042625733695,1673.0955994658127,1,433.6086631075566,2,0,FIFA World Cup qualification
2021-09-01,Norway,Netherlands,1748.9465558276536,1960.838287044557,1,-111.89173121690351,1,1,FIFA World Cup qualification
2021-09-01,Kazakhstan,Ukraine,1405.450609093657,1831.0152541394643,1,-325.5646450458073,2,2,FIFA World Cup qualification
2021-09-01,Turkey,Montenegro,1783.2414081694649,1556.2096741913563,1,327.0317339781086,2,2,FIFA World Cup qualification
2021-09-01,Malta,Cyprus,1266.6929908281631,1423.6325005550439,1,-56.939509726880715,3,0,FIFA World Cup qualification
2021-09-01,Slovenia,Slovakia,1661.4216099679295,1730.6961919855887,1,30.725417982340787,1,1,FIFA World Cup qualification
2021-09-01,Russia,Croatia,1786.2692619481134,1885.2867761142154,1,0.9824858338979539,0,0,FIFA World Cup qualification
2021-09-01,Latvia,Gibraltar,1338.7497305421366,1228.0001617608893,1,210.74956878124726,3,1,FIFA World Cup qualification
2021-09-01,Luxembourg,Azerbaijan,1418.9938366232532,1424.9586043212792,1,94.03523230197402,2,1,FIFA World Cup qualification
2021-09-01,Qatar,Serbia,1811.6485743794087,1827.5449246314793,0,-15.896350252070533,0,4,Friendly
2021-09-01,Guinea-Bissau,Guinea,1462.9386991028614,1566.8989911157912,0,-103.96029201292981,1,1,FIFA World Cup qualification
2021-09-01,Portugal,Republic of Ireland,2039.4517250974668,1690.2572481610118,1,449.194476936455,2,1,FIFA World Cup qualification
2021-09-01,Bahrain,Haiti,1669.785034276636,1670.9568949575541,1,98.82813931908186,6,1,Friendly
2021-09-01,Comoros,Seychelles,1356.365269052808,1079.8133022970171,1,376.5519667557908,7,1,Friendly
2021-09-01,Switzerland,Greece,1980.930511944812,1712.639178441463,1,368.2913335033488,2,1,Friendly
2021-09-01,Finland,Wales,1748.4787208398945,1856.2247748336806,1,-7.746053993786063,0,0,Friendly
2021-09-01,Mali,Rwanda,1658.1133704656722,1468.8382869984403,0,189.27508346723198,1,0,FIFA World Cup qualification
2021-09-01,Egypt,Angola,1711.6011461597204,1481.6805567785545,1,329.9205893811659,1,0,FIFA World Cup qualification
2021-09-01,Libya,Gabon,1451.255447866066,1530.2132108133274,1,21.042237052738756,2,1,FIFA World Cup qualification
2021-09-01,Senegal,Togo,1801.463176913411,1403.11960183214,1,498.34357508127096,2,0,FIFA World Cup qualification
2021-09-01,Central African Republic,Cape Verde,1401.12400995262,1558.325162199121,0,-157.2011522465009,1,1,FIFA World Cup qualification
2021-09-02,Estonia,Belgium,1473.2560470386852,2174.548413555726,1,-601.2923665170406,2,5,FIFA World Cup qualification
2021-09-02,Liechtenstein,Germany,1161.6034878961832,1967.0053118518663,0,-805.4018239556831,0,2,FIFA World Cup qualification
2021-09-02,Andorra,San Marino,1088.402980056669,915.1417476762346,1,273.26123238043454,2,0,FIFA World Cup qualification
2021-09-02,Hungary,England,1788.5077388841858,2090.1306647519905,1,-201.62292586780472,0,4,FIFA World Cup qualification
2021-09-02,Poland,Albania,1815.240760246181,1605.1491869905271,1,310.0915732556539,4,1,FIFA World Cup qualification
2021-09-02,Iceland,Romania,1683.9405087126747,1694.1699156717268,1,89.77059304094792,0,2,FIFA World Cup qualification
2021-09-02,North Macedonia,Armenia,1618.804170333487,1628.305684823016,1,90.49848551047103,0,0,FIFA World Cup qualification
2021-09-02,Canada,Honduras,1852.02996692908,1690.3891871544047,1,261.64077977467537,1,1,FIFA World Cup qualification
2021-09-02,Ecuador,Paraguay,1850.1278975213997,1874.5009461061275,1,75.62695141527229,2,0,FIFA World Cup qualification
2021-09-02,Peru,Uruguay,1877.5087427565977,1994.6604485920711,1,-17.15170583547342,1,1,FIFA World Cup qualification
2021-09-02,Chile,Brazil,1862.9585023883492,2171.2414800424212,1,-208.28297765407206,0,1,FIFA World Cup qualification
2021-09-02,Czech Republic,Belarus,1876.5970106448972,1524.2493016542212,1,452.347708990676,1,0,FIFA World Cup qualification
2021-09-02,El Salvador,United States,1684.266060705953,1962.216206011261,1,-177.95014530530807,0,0,FIFA World Cup qualification
2021-09-02,Panama,Costa Rica,1663.0940206696202,1740.345527975656,1,22.74849269396418,0,0,FIFA World Cup qualification
2021-09-02,Mexico,Jamaica,1991.8692867529771,1693.8850721733818,1,397.98421457959535,2,1,FIFA World Cup qualification
2021-09-02,Bolivia,Colombia,1633.341869156163,1991.4235940672484,1,-258.0817249110853,1,1,FIFA World Cup qualification
2021-09-02,Lithuania,Northern Ireland,1364.5462216269298,1634.245094683303,1,-169.69887305637326,1,4,FIFA World Cup qualification
2021-09-02,Venezuela,Argentina,1814.2286000335073,2129.4400996105037,1,-215.2114995769964,1,3,FIFA World Cup qualification
2021-09-02,Sweden,Spain,1918.3518804460969,2074.1048083824135,1,-55.75292793631661,2,1,FIFA World Cup qualification
2021-09-02,Italy,Bulgaria,2137.118446365727,1560.0910184273216,1,677.0274279384053,1,1,FIFA World Cup qualification
2021-09-02,Nepal,India,1155.4128912767649,1362.1210022580626,1,-106.70811098129775,1,1,Friendly
2021-09-02,Niger,Burkina Faso,1355.3347339785428,1650.8165161517175,0,-295.4817821731747,0,2,FIFA World Cup qualification
2021-09-02,Algeria,Djibouti,1878.5308315123782,1070.5925644755996,1,907.9382670367786,8,0,FIFA World Cup qualification
2021-09-02,Kenya,Uganda,1515.3168445281108,1545.1277471811509,1,70.1890973469599,0,0,FIFA World Cup qualification
2021-09-02,Namibia,Congo,1508.526808715943,1475.5473044888815,0,32.9795042270614,1,1,FIFA World Cup qualification
2021-09-02,Morocco,Sudan,1782.0168215104122,1488.7197843018803,1,393.29703720853195,2,0,FIFA World Cup qualification
2021-09-02,DR Congo,Tanzania,1578.6841430470647,1444.4017899905934,1,234.28235305647127,1,1,FIFA World Cup qualification
2021-09-02,Kyrgyzstan,Palestine,1428.3964669328266,1563.2639087147684,1,-34.86744178194181,1,0,Three Nations Cup
2021-09-02,South Korea,Iraq,1849.08204925986,1737.5310680963164,1,211.5509811635436,0,0,FIFA World Cup qualification
2021-09-02,Iran,Syria,1899.109002825251,1591.8502906962656,1,407.2587121289855,1,0,FIFA World Cup qualification
2021-09-02,United Arab Emirates,Lebanon,1627.4257103884452,1489.617453091215,1,237.80825729723006,0,0,FIFA World Cup qualification
2021-09-02,Japan,Oman,1869.7338979256779,1622.239776017838,1,347.4941219078398,0,1,FIFA World Cup qualification
2021-09-02,Australia,China,1836.1955658282657,1651.7172651034934,0,184.47830072477223,3,0,FIFA World Cup qualification
2021-09-02,Saudi Arabia,Vietnam,1717.8413497283218,1556.5942797274508,1,261.24707000087096,3,1,FIFA World Cup qualification
2021-09-02,Georgia,Kosovo,1586.6062071719418,1551.5673212209383,1,135.03888595100352,0,1,FIFA World Cup qualification
2021-09-02,Madagascar,Benin,1481.1044316696712,1554.0285593009835,1,27.07587236868767,0,1,FIFA World Cup qualification
2021-09-03,Ghana,Ethiopia,1718.2004476075663,1466.126248096373,1,352.0741995111932,1,0,FIFA World Cup qualification
2021-09-03,Zimbabwe,South Africa,1483.0764904990915,1608.800800344514,1,-25.724309845422567,0,0,FIFA World Cup qualification
2021-09-03,Cameroon,Malawi,1670.044587214454,1435.470267653789,1,334.5743195606649,2,0,FIFA World Cup qualification
2021-09-03,Mozambique,Ivory Coast,1438.3216975969974,1740.4166724194154,1,-202.09497482241795,0,0,FIFA World Cup qualification
2021-09-03,Tunisia,Equatorial Guinea,1746.4886814280133,1469.1140844193915,1,377.3745970086218,3,0,FIFA World Cup qualification
2021-09-03,Mauritania,Zambia,1523.326021892092,1564.9618843335104,1,58.36413755858166,1,2,FIFA World Cup qualification
2021-09-03,Nigeria,Liberia,1752.542313937182,1441.2582946504979,1,411.28401928668404,2,0,FIFA World Cup qualification
2021-09-04,Slovakia,Croatia,1732.460292768213,1885.3433323943436,1,-52.88303962613054,0,1,FIFA World Cup qualification
2021-09-04,Cyprus,Russia,1382.9473297970944,1786.2127056679851,1,-303.2653758708907,0,2,FIFA World Cup qualification
2021-09-04,Slovenia,Malta,1659.6575091853051,1307.3781615861126,1,452.27934759919253,1,0,FIFA World Cup qualification
2021-09-04,Israel,Austria,1656.5707433583066,1819.5455216142761,1,-62.97477825596957,5,2,FIFA World Cup qualification
2021-09-04,Netherlands,Montenegro,1954.6110945100575,1570.925805807068,1,483.6852887029893,4,0,FIFA World Cup qualification
2021-09-04,Gibraltar,Turkey,1214.2517451677402,1768.5252765537532,1,-454.273531386013,0,3,FIFA World Cup qualification
2021-09-04,Latvia,Norway,1352.4981471352858,1755.1737483621532,1,-302.67560122686746,0,2,FIFA World Cup qualification
2021-09-04,Scotland,Moldova,1668.5274751267434,1265.3677512993181,1,503.1597238274253,1,0,FIFA World Cup qualification
2021-09-04,Haiti,Jordan,1656.497272268923,1595.7343928735818,0,60.762879395341315,2,0,Friendly
2021-09-04,Ukraine,France,1816.33797192616,2096.822901270288,1,-180.4849293441282,1,1,FIFA World Cup qualification
2021-09-04,Finland,Kazakhstan,1748.701633262889,1420.1278913069614,1,428.5737419559275,1,0,FIFA World Cup qualification
2021-09-04,Serbia,Luxembourg,1845.4376469874237,1433.7091495582927,1,511.72849742913104,4,1,FIFA World Cup qualification
2021-09-04,Republic of Ireland,Azerbaijan,1687.4548565419848,1410.2432913862397,1,377.2115651557451,1,1,FIFA World Cup qualification
2021-09-04,Qatar,Portugal,1793.7558520234643,2042.2541167164939,0,-248.49826469302957,1,3,Friendly
2021-09-04,Burundi,Seychelles,1430.9281950013756,1075.4486667594379,0,355.4795282419377,8,1,Friendly
2021-09-04,Bosnia and Herzegovina,Kuwait,1700.3644926537777,1469.822333135295,1,330.5421595184828,1,0,Friendly
2021-09-04,Faroe Islands,Denmark,1292.4495343712722,2011.2723869124388,1,-618.8228525411666,0,1,FIFA World Cup qualification
2021-09-05,San Marino,Poland,904.8345538839595,1825.298575116803,1,-820.4640212328435,1,7,FIFA World Cup qualification
2021-09-05,Iceland,North Macedonia,1646.3571035791463,1613.7093642442233,1,132.64773933492302,2,2,FIFA World Cup qualification
2021-09-05,Germany,Armenia,1967.5813576163343,1633.4004909122798,1,434.1808667040548,6,0,FIFA World Cup qualification
2021-09-05,United States,Canada,1952.7833395685946,1839.2905156880447,1,213.49282388055008,1,1,FIFA World Cup qualification
2021-09-05,Ecuador,Chile,1873.6989589231212,1853.6921852239568,1,120.00677369916434,0,0,FIFA World Cup qualification
2021-09-05,Costa Rica,Mexico,1741.653168381841,1995.5441925652594,1,-153.8910241834185,0,1,FIFA World Cup qualification
2021-09-05,Uruguay,Bolivia,1993.6739183183172,1645.9587744362805,1,447.7151438820367,4,2,FIFA World Cup qualification
2021-09-05,Peru,Venezuela,1878.4952730303517,1800.750499547012,1,177.7447734833397,1,0,FIFA World Cup qualification
2021-09-05,El Salvador,Honduras,1693.6989271486193,1703.12863839544,1,90.57028875317928,0,0,FIFA World Cup qualification
2021-09-05,Jamaica,Panama,1690.2101663610995,1661.7863802634354,1,128.4237860976641,0,3,FIFA World Cup qualification
2021-09-05,Albania,Hungary,1595.0913721199051,1770.6163428480368,1,-75.52497072813162,1,0,FIFA World Cup qualification
2021-09-05,Paraguay,Colombia,1850.929884704406,1978.806688787131,1,-27.876804082724902,1,1,FIFA World Cup qualification
2021-09-05,England,Andorra,2108.0220607881392,1098.7101738489441,1,1109.3118869391951,4,0,FIFA World Cup qualification
2021-09-05,Romania,Liechtenstein,1731.7533208052553,1161.0274421317151,1,670.7258786735401,2,0,FIFA World Cup qualification
2021-09-05,Belarus,Wales,1521.4938461950085,1856.0018624106863,0,-334.5080162156778,2,3,FIFA World Cup qualification
2021-09-05,Switzerland,Italy,1983.0737674624538,2117.9141746954124,1,-34.84040723295857,0,0,FIFA World Cup qualification
2021-09-05,Bulgaria,Lithuania,1579.2952900976359,1345.4002254225475,1,333.8950646750884,1,0,FIFA World Cup qualification
2021-09-05,Spain,Georgia,2050.922678965179,1559.2018910789986,1,591.7207878861802,4,0,FIFA World Cup qualification
2021-09-05,Kosovo,Greece,1578.9716373138815,1710.4959229238211,1,-31.524285609939625,1,1,FIFA World Cup qualification
2021-09-05,Togo,Namibia,1399.896228222682,1506.6340372519967,1,-6.737809029314576,0,1,FIFA World Cup qualification
2021-09-05,Gabon,Egypt,1511.423020494899,1716.809218606848,1,-105.38619811194894,1,1,FIFA World Cup qualification
2021-09-05,Rwanda,Kenya,1458.7702033662322,1511.330518649282,1,47.43968471695007,1,1,FIFA World Cup qualification
2021-09-05,Sweden,Uzbekistan,1941.5340098633314,1655.6846081226481,1,385.84940174068333,2,1,Friendly
2021-09-05,Nepal,India,1158.3911360798713,1359.1427574549562,1,-100.75162137508482,1,2,Friendly
2021-09-05,Estonia,Northern Ireland,1471.125726845673,1653.3910908876853,1,-82.26536404201238,0,1,Friendly
2021-09-05,Bangladesh,Palestine,1067.904179276113,1546.7635936449717,0,-478.8594143688588,0,2,Three Nations Cup
2021-09-05,Belgium,Czech Republic,2176.678733748738,1879.35246610411,1,397.32626764462816,3,0,FIFA World Cup qualification
2021-09-06,Benin,DR Congo,1575.5840242035697,1566.9278706942807,1,108.65615350928897,1,1,FIFA World Cup qualification
2021-09-06,Uganda,Mali,1549.1140730599795,1668.1814540978803,1,-19.06738103790076,0,0,FIFA World Cup qualification
2021-09-06,South Africa,Ghana,1607.3226900476602,1722.8575582163144,1,-15.534868168654157,1,0,FIFA World Cup qualification
2021-09-06,Liberia,Central African Republic,1436.1174003423582,1409.6024116238236,0,26.514988718534596,1,0,FIFA World Cup qualification
2021-09-06,Djibouti,Niger,1070.0849300645514,1346.0741024925896,0,-275.9891724280383,2,4,FIFA World Cup qualification
2021-09-06,Ivory Coast,Cameroon,1729.9390207509487,1677.6764618634609,1,152.26255888748778,2,1,FIFA World Cup qualification
2021-09-07,Vietnam,Australia,1545.6832395565395,1854.1812554038133,1,-208.4980158472738,0,1,FIFA World Cup qualification
2021-09-07,Oman,Saudi Arabia,1657.4730741115038,1728.752389899233,1,28.720684212270726,0,1,FIFA World Cup qualification
2021-09-07,Republic of Ireland,Serbia,1671.5487742530563,1848.933303616613,1,-77.3845293635568,1,1,FIFA World Cup qualification
2021-09-07,Azerbaijan,Portugal,1426.1493736751681,2048.04487594504,1,-521.8955022698719,0,3,FIFA World Cup qualification
2021-09-07,Bosnia and Herzegovina,Kazakhstan,1702.9604353723855,1416.999920547171,1,385.96051482521443,2,2,FIFA World Cup qualification
2021-09-07,France,Finland,2087.276970157527,1751.8296040226792,1,435.4473661348479,2,0,FIFA World Cup qualification
2021-09-07,Faroe Islands,Moldova,1291.3458340815394,1263.2745189231177,1,128.0713151584216,2,1,FIFA World Cup qualification
2021-09-07,Austria,Scotland,1778.270135473371,1670.6207075029438,1,207.64942797042727,0,1,FIFA World Cup qualification
2021-09-07,Montenegro,Latvia,1566.56248588033,1343.5571960696145,1,323.00528981071557,0,0,FIFA World Cup qualification
2021-09-07,Netherlands,Turkey,1958.9744144367953,1773.2977864652948,1,285.67662797150024,6,1,FIFA World Cup qualification
2021-09-07,Norway,Gibraltar,1764.1146994278245,1209.4792352561985,1,654.6354641716259,5,1,FIFA World Cup qualification
2021-09-07,Croatia,Slovenia,1902.3224331392923,1662.4139744467877,1,339.9084586925046,3,0,FIFA World Cup qualification
2021-09-07,Russia,Malta,1795.1278561595002,1304.62169632463,1,590.5061598348702,2,0,FIFA World Cup qualification
2021-09-07,China,Japan,1633.7315755279458,1834.500599832012,0,-200.7690243040663,0,1,FIFA World Cup qualification
2021-09-07,Denmark,Israel,2012.3760872021717,1697.8461294992117,1,414.52995770296,5,0,FIFA World Cup qualification
2021-09-07,Iraq,Iran,1748.398011113616,1902.6095767630857,0,-154.21156564946978,0,3,FIFA World Cup qualification
2021-09-07,Slovakia,Cyprus,1715.4811920232644,1374.0321793055793,1,441.44901271768504,2,0,FIFA World Cup qualification
2021-09-07,Syria,United Arab Emirates,1588.349716758431,1615.5373931665079,0,-27.187676408076868,1,1,FIFA World Cup qualification
2021-09-07,South Korea,Lebanon,1838.2151062425605,1501.5057703131524,1,436.7093359294081,1,0,FIFA World Cup qualification
2021-09-07,Kyrgyzstan,Bangladesh,1444.8967820026232,1065.2168440712167,1,479.6799379314066,4,1,Three Nations Cup
2021-09-07,Bahrain,Jordan,1684.244656965267,1583.3313142769152,1,200.9133426883518,1,2,Friendly
2021-09-07,Luxembourg,Qatar,1430.2134929291033,1787.9650927949183,1,-257.751599865815,1,1,Friendly
2021-09-07,Burkina Faso,Algeria,1660.0771476376706,1879.0384659234264,0,-218.96131828575585,1,1,FIFA World Cup qualification
2021-09-07,Zambia,Tunisia,1588.2903441620388,1753.647004173057,1,-65.35666001101822,0,2,FIFA World Cup qualification
2021-09-07,Equatorial Guinea,Mauritania,1461.9557616743477,1499.9975620635637,1,61.95819961078405,1,0,FIFA World Cup qualification
2021-09-07,Comoros,Burundi,1360.7299045903872,1436.0773788637039,1,24.65252572668328,1,0,Friendly
2021-09-07,Malawi,Mozambique,1427.8383930047821,1448.7993492654641,0,-20.960956260681996,1,0,FIFA World Cup qualification
2021-09-07,Angola,Libya,1476.472484331427,1470.0456381844945,1,106.42684614693258,0,1,FIFA World Cup qualification
2021-09-07,Ethiopia,Zimbabwe,1461.469137487625,1484.5546007959454,1,76.91453669167959,1,0,FIFA World Cup qualification
2021-09-07,Congo,Senegal,1477.4400759528278,1804.6865505228689,1,-227.24647457004107,1,3,FIFA World Cup qualification
2021-09-07,Sudan,Guinea-Bissau,1483.07086240527,1468.7507044448162,1,114.3201579604538,2,4,FIFA World Cup qualification
2021-09-07,Tanzania,Madagascar,1456.1580623433774,1459.548966767085,1,96.60909557629248,3,2,FIFA World Cup qualification
2021-09-07,Cape Verde,Nigeria,1549.8467605279175,1757.6832082453216,1,-107.8364477174041,1,2,FIFA World Cup qualification
2021-09-08,Hungary,Andorra,1746.3359850212714,1098.5839765170065,1,747.752008504265,2,1,FIFA World Cup qualification
2021-09-08,Honduras,United States,1708.22730938566,1941.8378552367408,1,-133.61054585108081,1,4,FIFA World Cup qualification
2021-09-08,Canada,El Salvador,1850.2360000198985,1688.6002561583994,1,261.6357438614991,3,0,FIFA World Cup qualification
2021-09-08,Costa Rica,Jamaica,1729.97463742789,1642.8316819657935,1,187.14295546209655,1,1,FIFA World Cup qualification
2021-09-08,North Macedonia,Romania,1620.9945989947269,1732.9900964406747,1,-11.995497445947876,0,0,FIFA World Cup qualification
2021-09-08,Armenia,Liechtenstein,1626.9486473345685,1159.7906664962957,1,567.1579808382728,1,1,FIFA World Cup qualification
2021-09-08,Iceland,Germany,1639.0718688286427,1974.0332011940457,1,-234.961332365403,0,4,FIFA World Cup qualification
2021-09-08,Poland,England,1826.0474609238909,2108.148258120077,1,-182.10079719618625,1,1,FIFA World Cup qualification
2021-09-08,Albania,San Marino,1619.3717299466705,904.0856680768717,1,815.2860618697988,5,0,FIFA World Cup qualification
2021-09-08,Panama,Mexico,1709.1648646587414,2007.2227235192104,1,-198.05785886046897,1,1,FIFA World Cup qualification
2021-09-08,Wales,Estonia,1861.091473995478,1463.4502353076239,1,497.6412386878542,0,0,FIFA World Cup qualification
2021-09-08,Bulgaria,Georgia,1584.4005956337778,1556.7942650516907,1,127.60633058208714,4,1,Friendly
2021-09-08,Czech Republic,Ukraine,1872.899227098509,1825.883903038921,1,147.015324059588,1,1,Friendly
2021-09-08,Guatemala,Nicaragua,1583.7769595242942,1388.2546550054558,1,295.5223045188384,2,2,Friendly
2021-09-08,Belarus,Belgium,1516.4042346102167,2183.1319727543387,0,-666.727738144122,0,1,FIFA World Cup qualification
2021-09-08,Greece,Sweden,1708.686202737529,1943.4913937324284,1,-134.80519099489948,2,1,FIFA World Cup qualification
2021-09-08,Northern Ireland,Switzerland,1661.0665824257344,1985.072646878667,1,-224.0060644529326,0,0,FIFA World Cup qualification
2021-09-08,Italy,Lithuania,2115.915295279199,1340.2949198864055,1,875.6203753927937,5,0,FIFA World Cup qualification
2021-09-08,Kosovo,Spain,1580.7813575001737,2053.3303049924866,1,-372.5489474923129,0,2,FIFA World Cup qualification
2021-09-09,Colombia,Chile,1977.2054057210407,1860.3381090791304,1,216.86729664191034,3,1,FIFA World Cup qualification
2021-09-09,Paraguay,Venezuela,1852.5311677704963,1790.1741710822266,1,162.35699668826965,2,1,FIFA World Cup qualification
2021-09-09,Uruguay,Ecuador,1997.9109165653797,1867.0530350679476,1,230.85788149743234,1,0,FIFA World Cup qualification
2021-09-09,Argentina,Bolivia,2142.918200096999,1641.721776189218,1,601.1964239077811,3,0,FIFA World Cup qualification
2021-09-09,Brazil,Peru,2180.5077972068134,1889.071601495137,1,391.4361957116764,2,0,FIFA World Cup qualification
2021-09-24,El Salvador,Guatemala,1675.8939943513678,1576.863227810901,0,99.03076654046686,0,2,Friendly
2021-09-30,Egypt,Liberia,1710.922153135699,1454.5940312059101,1,356.32812192978895,2,0,Friendly
2021-10-01,Sri Lanka,Bangladesh,947.4256425301116,1062.0955150391062,0,-114.66987250899456,0,1,SAFF Cup
2021-10-01,Maldives,Nepal,1150.8183963106933,1151.2123597389495,1,99.60603657174374,0,1,SAFF Cup
2021-10-04,Sri Lanka,Nepal,937.2040798824115,1170.3986307169268,0,-233.19455083451533,2,3,SAFF Cup
2021-10-04,Bangladesh,India,1072.3170776868064,1366.321533795878,0,-294.0044561090715,1,1,SAFF Cup
2021-10-06,Sudan,Guinea,1443.5411287442266,1561.0869857738364,0,-117.5458570296098,1,1,FIFA World Cup qualification
2021-10-06,Morocco,Guinea-Bissau,1787.6657434070225,1508.2804381058595,1,379.38530530116304,5,0,FIFA World Cup qualification
2021-10-06,Bahrain,Curaçao,1669.0305510121,1556.2233307810334,1,212.8072202310666,4,0,Friendly
2021-10-06,Jordan,Malaysia,1598.5454202300823,1381.0867709294068,1,317.45864930067546,4,0,Friendly
2021-10-06,Sierra Leone,South Sudan,1498.351269957757,1253.4551991425749,0,244.89607081518216,1,1,Friendly
2021-10-06,Italy,Spain,2116.4296206244503,2059.620721674235,1,156.80889895021528,1,2,UEFA Nations League
2021-10-07,Mali,Kenya,1667.084948031059,1514.0445208870512,0,153.0404271440077,5,0,FIFA World Cup qualification
2021-10-07,DR Congo,Madagascar,1572.9863806061371,1444.9712008050215,1,228.01517980111566,2,0,FIFA World Cup qualification
2021-10-07,Tanzania,Benin,1470.735828305441,1569.5255142917133,1,1.2103140137276114,0,1,FIFA World Cup qualification
2021-10-07,Ecuador,Bolivia,1858.6795441499671,1639.590314951923,1,319.0892291980442,3,0,FIFA World Cup qualification
2021-10-07,Venezuela,Brazil,1778.8944910132902,2186.211771416385,1,-307.31728040309486,1,3,FIFA World Cup qualification
2021-10-07,Paraguay,Argentina,1863.8108478394327,2145.049661334294,1,-181.23881349486123,0,0,FIFA World Cup qualification
2021-10-07,India,Sri Lanka,1355.9852469146647,930.9904906749089,0,424.9947562397558,0,0,SAFF Cup
2021-10-07,Uruguay,Colombia,2006.2844074833602,1990.5841589171018,1,115.70024856625832,0,0,FIFA World Cup qualification
2021-10-07,Indonesia,Taiwan,1258.1980638912196,1110.5912889178644,0,147.6067749733552,2,1,AFC Asian Cup qualification
2021-10-07,Maldives,Bangladesh,1131.632125332716,1082.6533645680197,1,148.9787607646963,2,0,SAFF Cup
2021-10-07,Belgium,France,2183.975281570544,2091.8006246688624,0,92.17465690168183,2,3,UEFA Nations League
2021-10-07,Peru,Chile,1883.3676272855653,1846.9593558830693,1,136.40827140249598,2,0,FIFA World Cup qualification
2021-10-07,Rwanda,Uganda,1456.056201128463,1550.210579126801,1,5.84562200166215,0,1,FIFA World Cup qualification
2021-10-07,China,Vietnam,1624.1537370784315,1536.4257326533339,0,87.72800442509765,3,2,FIFA World Cup qualification
2021-10-07,Liberia,Cape Verde,1451.1760640480113,1535.862383784794,0,-84.6863197367827,1,2,FIFA World Cup qualification
2021-10-07,Iraq,Lebanon,1727.98727234923,1498.5101945286224,0,229.47707782060752,0,0,FIFA World Cup qualification
2021-10-07,South Korea,Syria,1841.2106820270906,1589.9115785295267,1,351.2991034975639,2,1,FIFA World Cup qualification
2021-10-07,United Arab Emirates,Iran,1613.9755313954122,1923.0203155274717,1,-209.04478413205948,0,1,FIFA World Cup qualification
2021-10-07,Saudi Arabia,Japan,1750.401929735515,1844.0784382815264,1,6.323491453988709,1,0,FIFA World Cup qualification
2021-10-07,Australia,Oman,1863.438762307019,1635.8235342752218,0,227.6152280317972,3,1,FIFA World Cup qualification
2021-10-07,Nigeria,Central African Republic,1771.667584988445,1391.1257807602717,1,480.5418042281733,0,1,FIFA World Cup qualification
2021-10-07,United States,Jamaica,1964.004657617881,1652.6708490896985,1,411.33380852818254,2,0,FIFA World Cup qualification
2021-10-07,El Salvador,Panama,1656.7306358790277,1719.4728777472199,1,37.257758131807805,1,0,FIFA World Cup qualification
2021-10-07,Mexico,Canada,1996.914710430732,1862.94226182693,1,233.97244860380215,1,1,FIFA World Cup qualification
2021-10-07,Equatorial Guinea,Zambia,1478.426494045958,1563.8680556013182,1,14.558438444639705,2,0,FIFA World Cup qualification
2021-10-07,Tunisia,Mauritania,1778.0692927337775,1483.5268296919535,1,394.542463041824,3,0,FIFA World Cup qualification
2021-10-07,Honduras,Costa Rica,1686.0605070045196,1720.135470303985,1,65.92503670053475,0,0,FIFA World Cup qualification
2021-10-08,Egypt,Libya,1714.340120293598,1495.9873694542243,1,318.3527508393736,1,0,FIFA World Cup qualification
2021-10-08,Angola,Gabon,1450.5307530616972,1517.3100859660478,1,33.22066709564933,3,1,FIFA World Cup qualification
2021-10-08,Cameroon,Mozambique,1665.9202663651797,1427.5942014277314,1,338.32606493744834,3,1,FIFA World Cup qualification
2021-10-08,Malawi,Ivory Coast,1449.0435408425149,1741.6952162492298,0,-292.65167540671496,0,3,FIFA World Cup qualification
2021-10-08,Djibouti,Burkina Faso,1059.911098160571,1671.2412396895202,0,-611.3301415289491,0,4,FIFA World Cup qualification
2021-10-08,Liechtenstein,North Macedonia,1178.3187523445781,1621.6848410930065,1,-343.3660887484284,0,4,FIFA World Cup qualification
2021-10-08,Germany,Romania,1989.4422825907268,1732.299854342395,1,357.1424282483317,2,1,FIFA World Cup qualification
2021-10-08,Iceland,Armenia,1623.6627874319615,1608.420561486286,1,115.2422259456755,1,1,FIFA World Cup qualification
2021-10-08,Algeria,Niger,1867.8743738715768,1356.24793439657,1,611.6264394750069,6,1,FIFA World Cup qualification
2021-10-08,Cyprus,Croatia,1369.6509231615157,1910.9903820348447,1,-441.339458873329,0,3,FIFA World Cup qualification
2021-10-08,Czech Republic,Wales,1868.9034683851744,1843.248625848132,1,125.65484253704244,2,2,FIFA World Cup qualification
2021-10-08,Estonia,Belarus,1481.29308345497,1515.560925794011,1,65.73215766095905,2,0,FIFA World Cup qualification
2021-10-08,Gibraltar,Montenegro,1207.7866168961243,1551.9535556334342,1,-244.16693873730992,0,3,FIFA World Cup qualification
2021-10-08,Russia,Slovakia,1797.0670346134787,1719.862448167328,1,177.20458644615064,1,0,FIFA World Cup qualification
2021-10-08,Turkey,Norway,1760.3493497683296,1765.8073177878987,1,94.54203198043092,1,1,FIFA World Cup qualification
2021-10-08,Malta,Slovenia,1302.6825178706515,1653.7460255512353,1,-251.06350768058383,0,4,FIFA World Cup qualification
2021-10-08,Latvia,Netherlands,1358.1661263165104,1971.9228511337606,1,-513.7567248172502,0,1,FIFA World Cup qualification
2021-10-09,Morocco,Guinea-Bissau,1795.7620665866123,1500.1841149262698,1,395.5779516603425,3,0,FIFA World Cup qualification
2021-10-09,Guam,Cambodia,1015.2744460747963,1047.873442762377,0,-32.598996687580666,0,1,AFC Asian Cup qualification
2021-10-09,Poland,San Marino,1835.665058911885,903.3597028677113,1,1032.3053560441735,5,0,FIFA World Cup qualification
2021-10-09,Portugal,Qatar,2051.351203500113,1781.662363970622,1,369.68883952949113,3,0,Friendly
2021-10-09,Gambia,Sierra Leone,1475.8558898240376,1492.2767867702842,0,-16.420896946246557,1,2,Friendly
2021-10-09,Curaçao,New Zealand,1547.7087762881476,1663.866331660034,0,-116.15755537188625,1,2,Friendly
2021-10-09,Guinea,Sudan,1554.5673764634598,1450.0607380546032,0,104.50663840885659,2,2,FIFA World Cup qualification
2021-10-09,Senegal,Namibia,1817.4544874664105,1526.2462264019457,1,391.20826106446475,4,1,FIFA World Cup qualification
2021-10-09,Togo,Congo,1380.284039072733,1464.6721390092862,1,15.61190006344691,1,1,FIFA World Cup qualification
2021-10-09,Ghana,Zimbabwe,1701.96389479172,1468.9112189593343,1,333.0526758323856,3,1,FIFA World Cup qualification
2021-10-09,Ethiopia,South Africa,1477.112519324236,1628.2163534722547,1,-51.10383414801868,1,3,FIFA World Cup qualification
2021-10-09,Uzbekistan,Malaysia,1653.7272242535512,1375.8913837634464,0,277.83584049010483,5,1,Friendly
2021-10-09,Andorra,England,1098.0508228465428,2098.530660132083,1,-900.4798372855403,0,5,FIFA World Cup qualification
2021-10-09,Moldova,Denmark,1250.330180273458,2019.114412141254,1,-668.784231867796,0,4,FIFA World Cup qualification
2021-10-09,Hungary,Albania,1746.869138691735,1620.097695155831,1,226.77144353590415,0,1,FIFA World Cup qualification
2021-10-09,Luxembourg,Serbia,1436.5162217533996,1844.5509218734574,1,-308.0347001200578,0,1,FIFA World Cup qualification
2021-10-09,Sweden,Kosovo,1916.0986892874723,1574.4909408184253,1,441.607748469047,3,0,FIFA World Cup qualification
2021-10-09,Georgia,Greece,1545.4474530887508,1736.078907182485,1,-90.63145409373419,0,2,FIFA World Cup qualification
2021-10-09,Lithuania,Bulgaria,1339.7805945411544,1595.7474075967177,1,-155.9668130555633,3,1,FIFA World Cup qualification
2021-10-09,Azerbaijan,Republic of Ireland,1422.8430461200953,1675.931155996212,1,-153.08810987611673,0,3,FIFA World Cup qualification
2021-10-09,Finland,Ukraine,1747.305949511344,1829.8796617522557,1,17.426287759088154,1,2,FIFA World Cup qualification
2021-10-09,Kazakhstan,Bosnia and Herzegovina,1433.08741112497,1686.8729447945866,1,-153.7855336696166,0,2,FIFA World Cup qualification
2021-10-09,Scotland,Israel,1701.3283993440753,1691.1078045601294,1,110.2205947839459,3,2,FIFA World Cup qualification
2021-10-09,Faroe Islands,Austria,1304.2901727311992,1747.5624436322396,1,-343.27227090104043,0,2,FIFA World Cup qualification
2021-10-09,Switzerland,Northern Ireland,1973.7102630974937,1672.4289662069077,1,401.28129689058596,2,0,FIFA World Cup qualification
2021-10-10,Spain,France,2080.9656246931963,2110.6893157572827,0,-29.723691064086324,1,2,UEFA Nations League
2021-10-10,Italy,Belgium,2095.084717605489,2165.086590482124,1,29.998127123365066,2,1,UEFA Nations League
2021-10-10,Nepal,India,1176.6122199244296,1343.3761669129444,0,-166.76394698851482,0,1,SAFF Cup
2021-10-10,Maldives,Sri Lanka,1145.0350588216404,943.5995706766292,1,301.43548814501116,1,0,SAFF Cup
2021-10-10,Chile,Paraguay,1828.1677168177798,1873.3902549188444,1,54.77746189893537,2,0,FIFA World Cup qualification
2021-10-10,Argentina,Uruguay,2135.470254254882,1999.859914151502,1,235.61034010338017,3,0,FIFA World Cup qualification
2021-10-10,Venezuela,Ecuador,1770.1549385713126,1868.2994479223905,1,1.855490648922114,2,1,FIFA World Cup qualification
2021-10-10,Colombia,Brazil,1997.00865224896,2194.9513238583627,1,-97.94267160940262,0,0,FIFA World Cup qualification
2021-10-10,Bolivia,Peru,1629.9704111794995,1902.1592663508548,1,-172.18885517135527,1,0,FIFA World Cup qualification
2021-10-10,Madagascar,DR Congo,1432.2476829495868,1585.7098984615718,1,-53.46221551198505,1,0,FIFA World Cup qualification
2021-10-10,Kenya,Mali,1490.606401086869,1690.5230678312412,1,-99.91666674437215,0,1,FIFA World Cup qualification
2021-10-10,Uganda,Rwanda,1570.5470484298955,1435.7197318253684,1,234.82731660452714,1,0,FIFA World Cup qualification
2021-10-10,Benin,Tanzania,1589.5951852850355,1450.6661573121187,1,238.92902797291686,0,1,FIFA World Cup qualification
2021-10-10,Jamaica,Canada,1647.5313018069573,1874.6868525260143,1,-127.15555071905692,0,0,FIFA World Cup qualification
2021-10-10,Panama,United States,1701.609423135341,1969.1442049006223,1,-167.5347817652812,1,0,FIFA World Cup qualification
2021-10-10,Mexico,Honduras,1985.1701197316477,1682.3104549493014,1,402.8596647823465,3,0,FIFA World Cup qualification
2021-10-10,Costa Rica,El Salvador,1723.8855223592032,1674.5940904909064,1,149.29143186829674,2,1,FIFA World Cup qualification
2021-10-10,Mauritania,Tunisia,1476.9790963673463,1784.6170260583847,1,-207.63792969103838,0,0,FIFA World Cup qualification
2021-10-10,Central African Republic,Nigeria,1428.758698346648,1734.0346674020686,0,-305.27596905542055,0,2,FIFA World Cup qualification
2021-10-10,Cape Verde,Liberia,1551.0817509318554,1435.95669690095,1,215.1250540309054,1,0,FIFA World Cup qualification
2021-10-10,Zambia,Equatorial Guinea,1535.1243970078037,1507.1701526394725,1,127.95424436833127,1,1,FIFA World Cup qualification
2021-10-11,North Macedonia,Germany,1630.8111797593115,1993.9806778247662,1,-263.1694980654547,0,4,FIFA World Cup qualification
2021-10-11,Taiwan,Indonesia,1098.6113976020338,1270.1779552070502,0,-171.56655760501644,0,3,AFC Asian Cup qualification
2021-10-11,Gabon,Angola,1490.1698789726418,1477.6709600551033,1,112.4989189175385,2,0,FIFA World Cup qualification
2021-10-11,Ivory Coast,Malawi,1752.648972796998,1438.0897842947468,0,314.5591885022511,2,1,FIFA World Cup qualification
2021-10-11,Mozambique,Cameroon,1420.105030950392,1673.4094368425192,0,-253.3044058921273,0,1,FIFA World Cup qualification
2021-10-11,Burkina Faso,Djibouti,1673.3992641449743,1057.753073705117,0,615.6461904398573,2,0,FIFA World Cup qualification
2021-10-11,Romania,Armenia,1727.7614591083557,1614.8213994861844,1,212.94005962217125,1,0,FIFA World Cup qualification
2021-10-11,Iceland,Liechtenstein,1617.2619494320631,1169.1924136782732,1,548.06953575379,4,0,FIFA World Cup qualification
2021-10-11,Libya,Egypt,1490.4701484422671,1719.857341305555,1,-129.38719286328796,0,3,FIFA World Cup qualification
2021-10-11,Croatia,Slovakia,1916.104836465422,1709.2619099927435,1,306.8429264726785,2,2,FIFA World Cup qualification
2021-10-11,Belarus,Czech Republic,1491.1699332171618,1861.9698957458108,0,-370.7999625286491,0,2,FIFA World Cup qualification
2021-10-11,Estonia,Wales,1505.6840760318191,1850.1821984874955,1,-244.49812245567637,0,1,FIFA World Cup qualification
2021-10-11,Netherlands,Gibraltar,1973.8983280690372,1194.0009006601138,1,879.8974274089235,6,0,FIFA World Cup qualification
2021-10-11,Slovenia,Russia,1668.0511930694042,1807.6675727880631,1,-39.61637971865889,1,2,FIFA World Cup qualification
2021-10-11,Latvia,Turkey,1356.1906493812337,1755.0375363475657,1,-298.846886966332,1,2,FIFA World Cup qualification
2021-10-11,Cyprus,Malta,1364.5364687309384,1288.3773503524826,1,176.1591183784558,2,2,FIFA World Cup qualification
2021-10-11,Norway,Montenegro,1771.1191312086626,1565.7392718694448,1,305.3798593392178,2,0,FIFA World Cup qualification
2021-10-12,England,Hungary,2098.9767904280698,1715.3994338849604,1,483.5773565431093,1,1,FIFA World Cup qualification
2021-10-12,Albania,Poland,1651.5673999626056,1835.8745607253309,1,-84.30716076272529,0,1,FIFA World Cup qualification
2021-10-12,San Marino,Andorra,903.1502010542654,1097.6046925505561,1,-94.45449149629076,0,3,FIFA World Cup qualification
2021-10-12,Niger,Algeria,1353.9498517833754,1870.1724564847714,1,-416.222604701396,0,4,FIFA World Cup qualification
2021-10-12,Zimbabwe,Ghana,1461.2208069144826,1709.6543068365715,1,-148.4334999220889,0,1,FIFA World Cup qualification
2021-10-12,South Africa,Ethiopia,1653.8352434558597,1451.493629340631,1,302.3416141152286,1,0,FIFA World Cup qualification
2021-10-12,Congo,Togo,1465.5702278487965,1379.3859502332227,1,186.18427761557382,1,2,FIFA World Cup qualification
2021-10-12,Bahrain,New Zealand,1677.5451055049857,1670.6422858024212,1,106.90281970256456,0,1,Friendly
2021-10-12,Israel,Moldova,1677.247995055179,1248.767196591485,1,528.4807984636941,2,1,FIFA World Cup qualification
2021-10-12,Republic of Ireland,Qatar,1696.4355310619308,1777.9385215591199,1,18.497009502810897,4,0,Friendly
2021-10-12,South Sudan,Gambia,1259.5296823300478,1466.3281696226802,0,-206.79848729263244,1,2,Friendly
2021-10-12,Cambodia,Guam,1066.0023811343451,997.1455077028281,0,68.85687343151699,2,1,AFC Asian Cup qualification
2021-10-12,Morocco,Guinea,1802.2745068859806,1548.7265899956776,1,353.547916890303,4,1,FIFA World Cup qualification
2021-10-12,Namibia,Senegal,1519.5836841679375,1824.1170297004187,0,-304.53334553248123,1,3,FIFA World Cup qualification
2021-10-12,Jordan,Uzbekistan,1603.7408073960428,1660.0299335766429,1,43.71087381939992,3,0,Friendly
2021-10-12,Denmark,Austria,2020.677395823227,1754.8669784784686,1,365.81041734475843,1,0,FIFA World Cup qualification
2021-10-12,Ukraine,Bosnia and Herzegovina,1850.8819591560177,1704.3982740737936,1,246.48368508222416,1,1,FIFA World Cup qualification
2021-10-12,Iran,South Korea,1932.2554473379569,1845.8861839596916,1,186.36926337826526,1,1,FIFA World Cup qualification
2021-10-12,Syria,Lebanon,1585.2360765969256,1510.0839578340124,0,75.15211876291323,2,3,FIFA World Cup qualification
2021-10-12,Faroe Islands,Scotland,1296.9856378849702,1715.1882088490256,1,-318.20257096405544,0,1,FIFA World Cup qualification
2021-10-12,Japan,Australia,1824.4424075222155,1876.1853769849242,1,48.25703053729126,2,1,FIFA World Cup qualification
2021-10-12,Oman,Vietnam,1623.0769195973166,1521.3711058389983,1,201.7058137583183,3,1,FIFA World Cup qualification
2021-10-12,Saudi Arabia,China,1770.037960494826,1639.208363892767,1,230.82959660205893,3,2,FIFA World Cup qualification
2021-10-12,United Arab Emirates,Iraq,1604.7403995849272,1716.41350904384,1,-11.673109458912677,2,2,FIFA World Cup qualification
2021-10-12,Serbia,Azerbaijan,1850.356763313645,1402.3386710543766,1,548.0180922592683,3,1,FIFA World Cup qualification
2021-10-12,Kosovo,Georgia,1569.3838032085712,1523.100397545786,1,146.28340566278507,1,2,FIFA World Cup qualification
2021-10-12,Sweden,Greece,1921.2058268973265,1758.4259627254496,1,262.77986417187685,2,0,FIFA World Cup qualification
2021-10-12,Bulgaria,Northern Ireland,1553.1173644471367,1667.0108844698027,1,-13.893520022666053,2,1,FIFA World Cup qualification
2021-10-12,Lithuania,Switzerland,1382.4106376907355,1979.1283448345987,1,-496.7177071438632,0,4,FIFA World Cup qualification
2021-10-12,Kazakhstan,Finland,1415.562081845763,1726.303652107582,1,-210.74157026181888,0,2,FIFA World Cup qualification
2021-10-12,Portugal,Luxembourg,2055.0750459116152,1430.710380313212,1,724.3646655984032,5,0,FIFA World Cup qualification
2021-10-13,Honduras,Jamaica,1676.0414115638573,1654.5407654401092,1,121.50064612374808,0,2,FIFA World Cup qualification
2021-10-13,United States,Costa Rica,1940.1840674145803,1735.784189961663,1,304.3998774529173,2,1,FIFA World Cup qualification
2021-10-13,Canada,Panama,1867.6773888928624,1730.569560621383,1,237.10782827147932,4,1,FIFA World Cup qualification
2021-10-13,El Salvador,Mexico,1662.6954228884465,1991.4391631170918,1,-228.74374022864527,0,2,FIFA World Cup qualification
2021-10-13,Bangladesh,Nepal,1069.2504310790953,1168.3056965606643,0,-99.055265481569,1,1,SAFF Cup
2021-10-13,Maldives,India,1149.53276010407,1351.6826902767098,1,-102.14993017263987,1,3,SAFF Cup
2021-10-14,Chile,Venezuela,1853.4766554403438,1790.0481289590496,1,163.42852648129428,3,0,FIFA World Cup qualification
2021-10-14,Argentina,Peru,2149.809419378516,1872.9862812111674,1,376.8231381673486,1,0,FIFA World Cup qualification
2021-10-14,Brazil,Uruguay,2189.458039777723,1985.5207490278683,1,303.9372907498548,4,1,FIFA World Cup qualification
2021-10-14,Bolivia,Paraguay,1659.1433963191869,1848.0813162962804,1,-88.93791997709354,4,0,FIFA World Cup qualification
2021-10-14,Colombia,Ecuador,2002.5019363295994,1848.4062575346536,1,254.09567879494602,0,0,FIFA World Cup qualification
2021-10-16,India,Nepal,1367.7516847843756,1164.1413618865631,0,203.61032289781247,3,0,SAFF Cup
2021-10-27,Mexico,Ecuador,2004.1206859705517,1860.8840219566898,0,143.23666401386185,2,3,Friendly
2021-11-05,El Salvador,Bolivia,1650.0139000349866,1706.0384711515712,0,-56.02457111658464,0,1,Friendly
2021-11-09,Sri Lanka,Maldives,939.1018693941999,1133.463765596404,1,-94.3618962022042,4,4,Mahinda Rajapaksa Cup
2021-11-10,Kosovo,Jordan,1541.4277212379102,1619.0506753321074,1,22.377045905802788,0,2,Friendly
2021-11-10,Nicaragua,Cuba,1395.168386718849,1392.981446913546,1,102.18693980530293,0,3,Friendly
2021-11-10,Bangladesh,Seychelles,1073.4147657531964,1070.2994828971096,0,3.1152828560868784,1,1,Mahinda Rajapaksa Cup
2021-11-11,Australia,Saudi Arabia,1858.945548199265,1778.4125294373448,1,180.53301876192018,0,0,FIFA World Cup qualification
2021-11-11,Republic of Ireland,Portugal,1714.1882479849749,2056.292681537992,1,-242.1044335530171,0,0,FIFA World Cup qualification
2021-11-11,Azerbaijan,Luxembourg,1399.8841542463488,1429.4927446868355,1,70.39140955951325,1,3,FIFA World Cup qualification
2021-11-11,Georgia,Sweden,1551.056479516447,1932.038322161882,1,-280.9818426454349,2,0,FIFA World Cup qualification
2021-11-11,Greece,Spain,1747.593467460894,2067.245777931074,1,-219.65231047017983,0,1,FIFA World Cup qualification
2021-11-11,Russia,Cyprus,1825.3969030089079,1355.1839624707454,1,570.2129405381625,6,0,FIFA World Cup qualification
2021-11-11,Malta,Croatia,1297.7298566126756,1901.9448100380175,1,-504.21495342534195,1,7,FIFA World Cup qualification
2021-11-11,Armenia,North Macedonia,1605.7445750232382,1617.2954301534523,1,88.44914486978587,0,5,FIFA World Cup qualification
2021-11-11,Germany,Liechtenstein,2007.4964274306253,1166.1251389590445,1,941.3712884715808,9,0,FIFA World Cup qualification
2021-11-11,Brazil,Colombia,2199.8248431917486,1990.0241719075632,1,309.80067128418546,1,0,FIFA World Cup qualification
2021-11-11,Vietnam,Japan,1507.0631885761238,1841.6822363078747,1,-234.61904773175092,0,1,FIFA World Cup qualification
2021-11-11,Ecuador,Venezuela,1874.787991308644,1770.395993829565,1,204.391997479079,1,0,FIFA World Cup qualification
2021-11-11,Paraguay,Chile,1801.186241463896,1873.1287905698284,1,28.057450894067642,0,1,FIFA World Cup qualification
2021-11-11,Peru,Bolivia,1868.8841392109218,1714.4397867979444,1,254.44435241297742,3,0,FIFA World Cup qualification
2021-11-11,Slovakia,Slovenia,1723.421936420148,1650.3218628485595,1,173.1000735715886,2,2,FIFA World Cup qualification
2021-11-11,Romania,Iceland,1736.8382835713019,1620.3292241512918,1,216.5090594200101,0,0,FIFA World Cup qualification
2021-11-11,China,Oman,1630.8337949502481,1637.3848368601912,0,-6.551041909943024,1,1,FIFA World Cup qualification
2021-11-11,Iraq,Syria,1715.7418035738508,1560.9762034637527,0,154.76560011009815,1,1,FIFA World Cup qualification
2021-11-11,Czech Republic,Kuwait,1868.3172303847066,1467.226390416687,1,501.0908399680195,7,0,Friendly
2021-11-11,Kyrgyzstan,Singapore,1448.0181110347337,1276.829569138064,0,171.18854189666968,2,1,Friendly
2021-11-11,South Korea,United Arab Emirates,1855.6915558706798,1605.4121050549163,1,350.27945081576354,1,0,FIFA World Cup qualification
2021-11-11,Ukraine,Bulgaria,1838.6754848538471,1573.9167137147274,1,364.75877113911974,1,1,Friendly
2021-11-11,Uganda,Kenya,1578.7702637128334,1476.204580172078,1,202.56568354075534,1,1,FIFA World Cup qualification
2021-11-11,Rwanda,Mali,1427.4965165424305,1704.9248887460321,1,-177.4283722036016,0,3,FIFA World Cup qualification
2021-11-11,Serbia,Qatar,1852.8112801216728,1760.1858046360758,1,192.625475485597,4,0,Friendly
2021-11-11,South Africa,Zimbabwe,1659.805636208476,1449.2808148200334,1,310.52482138844266,1,0,FIFA World Cup qualification
2021-11-11,Congo,Namibia,1435.7729471442562,1510.723794792665,1,25.049152351591147,1,1,FIFA World Cup qualification
2021-11-11,Togo,Senegal,1409.183230937763,1832.976919075691,1,-323.79368813792803,1,1,FIFA World Cup qualification
2021-11-11,Tanzania,DR Congo,1482.5961155737618,1562.656428032964,1,19.939687540797877,0,3,FIFA World Cup qualification
2021-11-11,Benin,Madagascar,1557.6652270233924,1455.3011533781946,1,202.36407364519778,2,0,FIFA World Cup qualification
2021-11-11,Lebanon,Iran,1534.3438309671853,1922.4500754269686,1,-288.1062444597833,1,2,FIFA World Cup qualification
2021-11-11,Ethiopia,Ghana,1445.5232365880147,1721.5942989310208,0,-276.07106234300613,1,1,FIFA World Cup qualification
2021-11-12,Uruguay,Argentina,1975.1539456138428,2153.9115613787612,1,-78.75761576491868,0,1,FIFA World Cup qualification
2021-11-12,Hungary,San Marino,1733.070967819037,877.4376773847157,1,955.6332904343212,4,0,FIFA World Cup qualification
2021-11-12,Andorra,Poland,1123.3172162201058,1851.1145123174779,1,-627.797296097372,1,4,FIFA World Cup qualification
2021-11-12,England,Albania,2081.3052564939935,1636.3274483704586,1,544.9778081235349,5,0,FIFA World Cup qualification
2021-11-12,Austria,Israel,1750.5255032385721,1679.0702465556403,1,171.4552566829318,4,2,FIFA World Cup qualification
2021-11-12,Denmark,Faroe Islands,2025.0188710631235,1291.4643038037905,1,833.5545672593332,3,1,FIFA World Cup qualification
2021-11-12,Moldova,Scotland,1246.9449450910236,1720.7095429302053,1,-373.76459783918176,0,2,FIFA World Cup qualification
2021-11-12,Italy,Switzerland,2108.792803103563,1983.1933957846556,1,225.59940731890742,1,1,FIFA World Cup qualification
2021-11-12,United States,Mexico,1946.094529325999,1990.2167166185975,1,55.87781270740152,2,0,FIFA World Cup qualification
2021-11-12,Northern Ireland,Lithuania,1646.211535202212,1378.3455867406785,1,367.86594846153343,1,0,FIFA World Cup qualification
2021-11-12,Honduras,Panama,1635.9579422064528,1716.3284321297701,1,19.629510076682664,2,3,FIFA World Cup qualification
2021-11-12,Canada,Costa Rica,1881.9185173844753,1729.8737280502444,1,252.04478933423093,1,0,FIFA World Cup qualification
2021-11-12,Morocco,Sudan,1810.3635594564596,1455.9015245223854,1,454.46203493407415,3,0,FIFA World Cup qualification
2021-11-12,Guinea,Guinea-Bissau,1540.6375374251986,1493.6716746269014,1,146.96586279829717,0,0,FIFA World Cup qualification
2021-11-12,Angola,Egypt,1457.0590691598607,1742.3940280958698,1,-185.33495893600912,2,2,FIFA World Cup qualification
2021-11-12,Gabon,Libya,1510.7817698678843,1467.9334616519525,1,142.84830821593187,1,0,FIFA World Cup qualification
2021-11-12,Djibouti,Algeria,1056.0678289617413,1876.4334960483907,0,-820.3656670866494,0,4,FIFA World Cup qualification
2021-11-12,Burkina Faso,Niger,1675.08450888835,1347.688812219756,0,327.3956966685939,1,1,FIFA World Cup qualification
2021-11-12,El Salvador,Jamaica,1641.6125843886134,1694.6242347975137,1,46.98834959109968,1,1,FIFA World Cup qualification
2021-11-13,Bosnia and Herzegovina,Finland,1716.6047483759642,1740.0525566770602,1,76.55219169890393,1,3,FIFA World Cup qualification
2021-11-13,France,Kazakhstan,2124.409162519405,1401.8131772762847,1,822.5959852431204,8,0,FIFA World Cup qualification
2021-11-13,Wales,Belarus,1858.0476971098865,1484.822598578266,1,473.22509853162046,5,1,FIFA World Cup qualification
2021-11-13,Montenegro,Netherlands,1556.9161177099627,1974.4315919199391,1,-317.51547420997645,2,2,FIFA World Cup qualification
2021-11-13,Norway,Latvia,1779.9422853681447,1350.117353333276,1,529.8249320348687,0,0,FIFA World Cup qualification
2021-11-13,Ivory Coast,Mozambique,1758.2708815081908,1412.554935968097,0,345.7159455400938,3,0,FIFA World Cup qualification
2021-11-13,Belgium,Estonia,2151.37850498405,1497.8185774094281,1,753.5599275746217,3,1,FIFA World Cup qualification
2021-11-13,Malawi,Cameroon,1432.467875583554,1680.9595318248141,0,-248.49165624126022,0,4,FIFA World Cup qualification
2021-11-13,Turkey,Gibraltar,1761.1108323955234,1193.4676368092119,1,667.6431955863115,6,0,FIFA World Cup qualification
2021-11-13,Cape Verde,Central African Republic,1560.0706186362208,1419.9310425713404,1,240.13957606488043,2,1,FIFA World Cup qualification
2021-11-13,Equatorial Guinea,Tunisia,1514.21991287739,1773.9098063966528,1,-159.6898935192628,1,0,FIFA World Cup qualification
2021-11-13,Zambia,Mauritania,1528.0746367698862,1487.6863160290782,1,140.388320740808,4,0,FIFA World Cup qualification
2021-11-13,Sri Lanka,Seychelles,943.0784999614904,1070.4339768652374,1,-27.355476903747103,0,1,Mahinda Rajapaksa Cup
2021-11-13,Bangladesh,Maldives,1073.2802717850686,1129.4871350291137,0,-56.20686324404505,2,1,Mahinda Rajapaksa Cup
2021-11-13,Sierra Leone,Comoros,1501.8045069716416,1370.0215362726165,0,131.7829706990251,0,2,Friendly
2021-11-13,Nicaragua,Cuba,1372.6647817602234,1415.4850518721717,1,57.179729888051725,2,0,Friendly
2021-11-13,Burundi,Myanmar,1426.7857471814746,1198.3958362370558,0,228.38991094441872,2,1,Friendly
2021-11-13,Liberia,Nigeria,1426.9678291965845,1742.8623231773763,0,-315.8944939807918,0,2,FIFA World Cup qualification
2021-11-14,Spain,Sweden,2076.0543336923956,1881.9716375924263,1,294.0826960999693,1,0,FIFA World Cup qualification
2021-11-14,Greece,Kosovo,1738.7849116995724,1525.4629601367963,1,313.3219515627761,1,1,FIFA World Cup qualification
2021-11-14,Croatia,Russia,1906.367392707035,1828.4721690217614,1,177.89522368527355,1,0,FIFA World Cup qualification
2021-11-14,Armenia,Germany,1555.775920644948,2007.9376435411868,1,-352.16172289623887,1,4,FIFA World Cup qualification
2021-11-14,Slovenia,Cyprus,1659.5362179098486,1352.108696457892,1,407.42752145195664,2,1,FIFA World Cup qualification
2021-11-14,Liechtenstein,Romania,1165.683922848483,1725.771752217198,1,-460.0878293687149,0,2,FIFA World Cup qualification
2021-11-14,North Macedonia,Iceland,1667.2640845317426,1631.3957555053958,1,135.86832902634683,3,1,FIFA World Cup qualification
2021-11-14,Malta,Slovakia,1293.3072739436582,1714.207581358859,1,-320.9003074152008,0,6,FIFA World Cup qualification
2021-11-14,Luxembourg,Republic of Ireland,1465.4890066048215,1726.2353167349277,1,-160.74631013010617,0,3,FIFA World Cup qualification
2021-11-14,Madagascar,Tanzania,1441.034482749216,1445.5896318353266,1,95.44485091388947,1,1,FIFA World Cup qualification
2021-11-14,DR Congo,Benin,1599.6629117713992,1571.931897652371,1,127.73101411902826,2,0,FIFA World Cup qualification
2021-11-14,Senegal,Congo,1818.3468546914714,1434.3334952576452,1,484.0133594338263,2,0,FIFA World Cup qualification
2021-11-14,Ghana,South Africa,1708.3741988180648,1665.54069571495,1,142.8335031031147,1,0,FIFA World Cup qualification
2021-11-14,Zimbabwe,Ethiopia,1443.5457553135593,1458.7433367009708,1,84.80241861258855,1,1,FIFA World Cup qualification
2021-11-14,Mali,Uganda,1723.458271462326,1568.2729664527335,0,155.1853050095924,1,0,FIFA World Cup qualification
2021-11-14,Nicaragua,Cuba,1385.218183642883,1402.931649989512,1,82.28653365337118,2,0,Friendly
2021-11-14,Azerbaijan,Qatar,1363.8878923283628,1750.8825437889873,1,-286.9946514606245,2,2,Friendly
2021-11-14,Portugal,Serbia,2044.2456127880391,1862.1145409687613,1,282.13107181927785,1,2,FIFA World Cup qualification
2021-11-15,San Marino,England,877.1327413997598,2084.6333222555863,1,-1107.5005808558267,0,10,FIFA World Cup qualification
2021-11-15,Poland,Hungary,1852.9512911478657,1733.3759038039927,1,219.575387343873,1,2,FIFA World Cup qualification
2021-11-15,Albania,Andorra,1632.9993826088655,1121.480437389718,1,611.5189452191476,1,0,FIFA World Cup qualification
2021-11-15,Israel,Faroe Islands,1662.7796568541357,1290.973735611788,1,471.8059212423477,3,2,FIFA World Cup qualification
2021-11-15,Austria,Moldova,1766.8160929400767,1240.6938239503131,1,626.1222689897636,4,1,FIFA World Cup qualification
2021-11-15,Scotland,Denmark,1726.9606640709158,2025.509439255126,1,-198.54877518421017,2,0,FIFA World Cup qualification
2021-11-15,Switzerland,Bulgaria,1994.6177343486609,1581.734233470542,1,512.8835008781186,4,0,FIFA World Cup qualification
2021-11-15,Guinea-Bissau,Sudan,1501.6607992878978,1451.1338379877348,0,50.526961300163066,0,0,FIFA World Cup qualification
2021-11-15,Namibia,Togo,1512.1632466792762,1423.8132953219827,0,88.34995135729355,0,1,FIFA World Cup qualification
2021-11-15,Kenya,Rwanda,1486.701877432178,1408.9631338261368,1,177.73874360604123,2,1,FIFA World Cup qualification
2021-11-15,Niger,Djibouti,1362.4145444957555,1055.406676444207,1,407.0078680515485,7,2,FIFA World Cup qualification
2021-11-15,Lithuania,Kuwait,1374.0496950777383,1464.8447840823578,1,9.204910995380487,1,1,Friendly
2021-11-15,Georgia,Uzbekistan,1601.1231640859028,1644.7200656405782,1,56.40309844532453,1,0,Friendly
2021-11-15,Northern Ireland,Italy,1650.5074268651522,2097.368464539558,1,-346.8610376744057,0,0,FIFA World Cup qualification
2021-11-16,Vietnam,Saudi Arabia,1498.8321385465688,1787.9605980178555,1,-189.12845947128676,0,1,FIFA World Cup qualification
2021-11-16,Oman,Japan,1637.007773258383,1849.9132863374298,1,-112.90551307904684,0,1,FIFA World Cup qualification
2021-11-16,Jamaica,United States,1697.3127300414367,1971.310825364516,1,-173.99809532307927,1,1,FIFA World Cup qualification
2021-11-16,Canada,Mexico,1889.5131245856949,1965.0004205800806,1,24.512704005614296,2,1,FIFA World Cup qualification
2021-11-16,Costa Rica,Honduras,1722.2791208490248,1614.829177544993,1,207.44994330403188,2,1,FIFA World Cup qualification
2021-11-16,Panama,El Salvador,1737.45719679123,1638.9240891446905,1,198.53310764653952,2,1,FIFA World Cup qualification
2021-11-16,Bosnia and Herzegovina,Ukraine,1680.0996306780826,1830.8579650980325,1,-50.75833441994996,0,2,FIFA World Cup qualification
2021-11-16,Finland,France,1776.5576743749418,2125.2360321544716,1,-248.67835777952973,0,2,FIFA World Cup qualification
2021-11-16,Gibraltar,Latvia,1191.6848268234467,1368.3085118767335,1,-76.62368505328686,1,3,FIFA World Cup qualification
2021-11-16,Czech Republic,Estonia,1870.6988367190359,1497.044803219652,1,473.6540334993838,2,0,FIFA World Cup qualification
2021-11-16,Montenegro,Turkey,1571.375932831376,1762.8936423812886,1,-91.51770954991252,1,2,FIFA World Cup qualification
2021-11-16,Netherlands,Norway,1959.9717767985258,1761.7511268246872,1,298.2206499738386,2,0,FIFA World Cup qualification
2021-11-16,Bolivia,Uruguay,1701.2973140004979,1959.6115080489526,1,-158.31419404845474,3,0,FIFA World Cup qualification
2021-11-16,Venezuela,Peru,1760.9692500632257,1882.0266120083684,1,-21.057361945142702,1,2,FIFA World Cup qualification
2021-11-16,Colombia,Paraguay,1984.2686027776404,1779.5746266219912,1,304.6939761556491,0,0,FIFA World Cup qualification
2021-11-16,Argentina,Brazil,2169.4539989436516,2205.5804123216717,1,63.87358662197994,0,0,FIFA World Cup qualification
2021-11-16,Chile,Ecuador,1894.7404054117333,1884.2147350749833,1,110.52567033674995,0,2,FIFA World Cup qualification
2021-11-16,Wales,Belgium,1862.6651476068362,2152.1522791738257,1,-189.48713156698955,1,1,FIFA World Cup qualification
2021-11-16,China,Australia,1631.2108585520564,1849.3974796187542,0,-218.18662106669785,1,1,FIFA World Cup qualification
2021-11-16,Lebanon,United Arab Emirates,1527.9451468090608,1600.7123130579055,1,27.23283375115534,0,1,FIFA World Cup qualification
2021-11-16,Iraq,South Korea,1707.3787490515372,1860.3913478676907,0,-153.0125988161535,0,3,FIFA World Cup qualification
2021-11-16,Bahrain,Kyrgyzstan,1664.5617544735965,1453.4543832740933,1,311.1073711995032,4,2,Friendly
2021-11-16,Belarus,Jordan,1480.2051480813163,1635.0154364332213,1,-54.810288351905,1,0,Friendly
2021-11-16,Kazakhstan,Tajikistan,1400.9863076412182,1426.3747467249036,1,74.6115609163146,1,0,Friendly
2021-11-16,New Zealand,Gambia,1683.6256368338104,1470.99181833174,0,212.63381850207043,2,0,Friendly
2021-11-16,Indonesia,Afghanistan,1289.1747737120386,1306.7621902406045,0,-17.587416528565882,0,1,Friendly
2021-11-16,Maldives,Seychelles,1112.081440104314,1084.2553804602742,0,27.826059644039788,0,0,Mahinda Rajapaksa Cup
2021-11-16,Sri Lanka,Bangladesh,929.2570963664537,1090.6859667098684,1,-61.4288703434147,2,1,Mahinda Rajapaksa Cup
2021-11-16,Syria,Iran,1569.3392579860663,1928.8487595850931,0,-359.50950159902686,0,3,FIFA World Cup qualification
2021-11-16,Algeria,Burkina Faso,1877.094648565925,1660.3587766123505,1,316.73587195357436,2,2,FIFA World Cup qualification
2021-11-16,Tunisia,Zambia,1745.3142446597672,1551.1961589870552,1,294.1180856727119,3,1,FIFA World Cup qualification
2021-11-16,Liberia,Central African Republic,1418.5905223539357,1411.9057977840528,0,6.684724569882974,3,1,FIFA World Cup qualification
2021-11-16,Nigeria,Cape Verde,1751.239630020025,1568.0958634235085,1,283.14376659651657,1,1,FIFA World Cup qualification
2021-11-16,Mozambique,Malawi,1404.1377032164555,1417.990533089804,0,-13.852829873348583,1,0,FIFA World Cup qualification
2021-11-16,Cameroon,Ivory Coast,1695.436874318564,1766.6881142598322,1,28.748760058731705,1,0,FIFA World Cup qualification
2021-11-16,Egypt,Gabon,1732.6339504340754,1522.9927877798903,1,309.6411626541851,2,1,FIFA World Cup qualification
2021-11-16,Libya,Angola,1455.7224437399466,1466.819146821655,1,88.90329691829152,1,1,FIFA World Cup qualification
2021-11-16,Morocco,Guinea,1815.1312459911103,1532.6484127642022,1,382.48283322690804,3,0,FIFA World Cup qualification
2021-11-16,Mauritania,Equatorial Guinea,1464.564793811909,1542.8154746142757,1,21.74931919763344,1,1,FIFA World Cup qualification
2021-11-19,Sri Lanka,Seychelles,946.8818997955466,1085.4541659645795,1,-38.5722661690329,3,3,Mahinda Rajapaksa Cup
2021-11-25,Indonesia,Myanmar,1279.6805483173769,1194.161867814265,0,85.51868050311191,4,1,Friendly
2021-11-30,United Arab Emirates,Syria,1622.276758415468,1561.4925036094935,0,60.78425480597457,2,1,Arab Cup
2021-11-30,Tunisia,Mauritania,1754.6365194093396,1463.314435194018,0,291.32208421532164,5,1,Arab Cup
2021-11-30,Qatar,Bahrain,1744.099120537637,1668.8507078727196,1,175.2484126649174,1,0,Arab Cup
2021-11-30,Iraq,Oman,1686.8680713725355,1623.2876182796917,0,63.580453092843754,1,1,Arab Cup
2021-12-01,Morocco,Palestine,1822.102798845915,1549.450928849868,0,272.651869996047,4,0,Arab Cup
2021-12-01,Saudi Arabia,Jordan,1798.0350418840703,1623.4508276017532,0,174.58421428231713,0,1,Arab Cup
2021-12-01,Algeria,Sudan,1862.6562875490638,1454.022070885108,0,408.63421666395584,4,0,Arab Cup
2021-12-01,Egypt,Lebanon,1738.3940454136007,1506.3807014514982,0,232.01334396210245,1,0,Arab Cup
2021-12-03,Mauritania,United Arab Emirates,1454.455332754163,1634.6789418319242,0,-180.22360907776124,0,1,Arab Cup
2021-12-03,Syria,Tunisia,1549.0903201930373,1763.4956218491945,0,-214.40530165615723,2,0,Arab Cup
2021-12-03,Bahrain,Iraq,1660.8343294837418,1684.1533196413152,0,-23.318990157573353,0,0,Arab Cup
2021-12-03,Qatar,Oman,1752.1154989266147,1626.002370010912,1,226.11312891570265,2,1,Arab Cup
2021-12-04,El Salvador,Ecuador,1629.2521783939526,1923.448873828596,0,-294.1966954346435,1,1,Friendly
2021-12-04,Jordan,Morocco,1645.4119692343415,1831.7938981287023,0,-186.38192889436073,0,4,Arab Cup
2021-12-04,Palestine,Saudi Arabia,1539.7598295670807,1776.073900251482,0,-236.31407068440126,1,1,Arab Cup
2021-12-04,Lebanon,Algeria,1500.133546527128,1867.5435187570297,0,-367.40997222990177,0,2,Arab Cup
2021-12-04,Sudan,Egypt,1449.134839677142,1744.641200337971,0,-295.50636066082893,0,5,Arab Cup
2021-12-05,Timor-Leste,Thailand,860.5462736523529,1450.8996812296632,0,-590.3534075773103,0,2,AFF Championship
2021-12-05,Singapore,Myanmar,1271.3932968987044,1180.8844286365772,1,190.50886826212718,3,0,AFF Championship
2021-12-06,Cambodia,Malaysia,1082.0897535711078,1369.5886744403547,0,-287.49892086924683,1,3,AFF Championship
2021-12-06,Tunisia,United Arab Emirates,1728.6406178969216,1642.5282085287347,0,86.11240936818695,1,0,Arab Cup
2021-12-06,Laos,Vietnam,947.5323829516615,1488.757694680354,0,-541.2253117286925,0,2,AFF Championship
2021-12-06,Qatar,Iraq,1758.5323152859137,1683.148066926056,1,175.3842483598578,3,0,Arab Cup
2021-12-06,Oman,Bahrain,1619.585553651613,1661.8395821990011,0,-42.25402854738809,3,0,Arab Cup
2021-12-06,Syria,Mauritania,1583.9453241453102,1446.6060660573526,0,137.33925808795766,1,2,Arab Cup
2021-12-07,Jordan,Palestine,1631.0765523081268,1548.6342446630265,0,82.4423076451003,5,1,Arab Cup
2021-12-07,Morocco,Saudi Arabia,1846.129315054917,1767.1994851555362,0,78.92982989938082,1,0,Arab Cup
2021-12-07,Algeria,Egypt,1872.3877315632374,1753.90072386407,0,118.4870076991674,1,1,Arab Cup
2021-12-07,Lebanon,Sudan,1495.2893337209202,1439.875316151043,0,55.41401756987716,1,0,Arab Cup
2021-12-08,Mexico,Chile,1946.4091485901345,1855.5062666581205,0,90.902881932014,2,2,Friendly
2021-12-08,Myanmar,Timor-Leste,1167.740173830955,859.0906517769092,0,308.64952205404575,2,0,AFF Championship
2021-12-08,Singapore,Philippines,1284.5375517043267,1328.5176897134274,1,56.019861990899244,2,1,AFF Championship
2021-12-09,Malaysia,Laos,1376.8083597617642,945.6212040908067,0,431.1871556709575,4,0,AFF Championship
2021-12-09,Indonesia,Cambodia,1292.9579874950646,1074.8700682496983,0,218.08791924536627,4,2,AFF Championship
2021-12-09,Tanzania,Uganda,1450.9497163573205,1556.6559466119809,1,-5.7062302546603405,0,2,Friendly
2021-12-10,Tunisia,Oman,1739.9971490720882,1649.0123496130755,0,90.98479945901272,2,1,Arab Cup
2021-12-10,Qatar,United Arab Emirates,1772.5529406366227,1631.1716773535682,1,241.38126328305452,5,0,Arab Cup
2021-12-11,Egypt,Jordan,1758.8267136922116,1652.6503241881355,0,106.17638950407604,3,1,Arab Cup
2021-12-11,Morocco,Algeria,1857.7790782629509,1867.4617417350958,0,-9.682663472144895,2,2,Arab Cup
2021-12-11,El Salvador,Chile,1636.1459409701442,1858.0645506208627,0,-221.9186096507185,0,1,Friendly
2021-12-11,Timor-Leste,Philippines,852.5788166109729,1315.9155181303017,0,-463.3367015193288,0,7,AFF Championship
2021-12-11,Thailand,Myanmar,1452.355303105107,1174.2520089968912,0,278.1032941082158,4,0,AFF Championship
2021-12-12,Laos,Indonesia,941.2831089174806,1302.9373759384764,0,-361.6542670209958,1,5,AFF Championship
2021-12-12,Vietnam,Malaysia,1490.6688735412088,1381.1464549350903,0,109.52241860611844,3,0,AFF Championship
2021-12-14,Singapore,Timor-Leste,1297.1397232874524,848.1955040135272,1,548.9442192739252,2,0,AFF Championship
2021-12-14,Philippines,Thailand,1320.2988307277474,1461.7972642758132,0,-141.4984335480658,1,2,AFF Championship
2021-12-15,Cambodia,Laos,1064.8906798062865,935.0464728891147,0,129.84420691717173,3,0,AFF Championship
2021-12-15,Indonesia,Vietnam,1309.1740119668423,1508.907680735891,0,-199.7336687690488,0,0,AFF Championship
2021-12-15,Tunisia,Egypt,1751.1564181316305,1774.6570572517342,0,-23.500639120103642,1,0,Arab Cup
2021-12-15,Qatar,Algeria,1784.5221745724311,1867.0438157417732,1,17.478358830657953,1,2,Arab Cup
2021-12-18,Qatar,Egypt,1768.7682090936728,1758.6439976169163,1,110.1242114767565,0,0,Arab Cup
2021-12-18,Tunisia,Algeria,1767.1694777664484,1882.7977812205315,0,-115.62830345408315,0,2,Arab Cup
2021-12-18,United States,Bosnia and Herzegovina,1962.0557972141219,1654.4515398581061,1,407.60425735601575,1,0,Friendly
2021-12-18,Singapore,Thailand,1298.9712212123313,1471.0050419783145,1,-72.03382076598314,0,2,AFF Championship
2021-12-18,Myanmar,Philippines,1164.810047826185,1311.091053025246,0,-146.28100519906116,2,3,AFF Championship
2021-12-19,Vietnam,Cambodia,1501.1236715935172,1081.763058388222,0,419.3606132052953,4,0,AFF Championship
2021-12-19,Malaysia,Indonesia,1362.907647740408,1316.9580211092161,0,45.949626631191904,1,4,AFF Championship
2021-12-22,Singapore,Indonesia,1281.0704341714213,1346.659579253946,1,34.41085491747526,1,1,AFF Championship
2021-12-23,Vietnam,Thailand,1505.7422912824193,1488.9058290192245,0,16.83646226319479,0,2,AFF Championship
2021-12-25,Singapore,Indonesia,1279.5896368881884,1348.140376537179,1,31.449260351009343,2,4,AFF Championship
2021-12-26,Thailand,Vietnam,1512.4953091050816,1482.1528111965622,0,30.342497908519363,0,0,AFF Championship
2021-12-29,Indonesia,Thailand,1372.6714927827336,1511.1886384737631,0,-138.51714569102955,0,4,AFF Championship
2021-12-30,Mauritania,Burkina Faso,1467.2447952730956,1674.7971376292116,0,-207.55234235611601,0,0,Friendly
2021-12-30,Sudan,Ethiopia,1427.2476494735831,1463.530270387414,0,-36.2826209138309,2,3,Friendly
2021-12-31,Malawi,Comoros,1397.1935224048236,1390.45305181737,0,6.7404705874537285,2,1,Friendly
2022-01-01,Thailand,Indonesia,1528.6592495868572,1355.2008816696396,0,173.45836791721763,2,2,AFF Championship
2022-01-02,Gabon,Burkina Faso,1517.232692800365,1669.4452853927082,0,-152.2125925923433,0,3,Friendly
2022-01-02,Sudan,Zimbabwe,1418.2881675126798,1438.758821627116,0,-20.47065411443623,0,0,Friendly
2022-01-03,Rwanda,Guinea,1398.3865353142462,1525.6768599093975,1,-27.290324595151333,3,0,Friendly
2022-01-04,Mauritania,Gabon,1472.596647509599,1506.9439324593707,0,-34.34728494977162,1,1,Friendly
2022-01-05,Algeria,Ghana,1898.074404921504,1720.585939731476,0,177.48846519002814,3,0,Friendly
2022-01-06,Rwanda,Guinea,1417.25830300562,1506.8050922180237,1,10.45321078759639,0,2,Friendly
2022-01-09,Ethiopia,Cape Verde,1472.4897523483173,1581.542136837074,0,-109.05238448875662,0,1,African Cup of Nations
2022-01-09,Cameroon,Burkina Faso,1713.785729311306,1679.7340457337025,1,134.05168357760363,2,1,African Cup of Nations
2022-01-10,Senegal,Zimbabwe,1821.8313071313369,1438.1703096847214,0,383.6609974466155,1,0,African Cup of Nations
2022-01-10,Guinea,Malawi,1522.2562574801752,1406.9995404028116,0,115.25671707736365,1,0,African Cup of Nations
2022-01-10,Morocco,Ghana,1858.1970042562734,1711.3216050305844,0,146.87539922568908,1,0,African Cup of Nations
2022-01-10,Comoros,Gabon,1380.647033819382,1505.958546162567,0,-125.31151234318509,0,1,African Cup of Nations
2022-01-11,Nigeria,Egypt,1737.7933566064596,1763.2453711788553,0,-25.452014572395683,1,0,African Cup of Nations
2022-01-11,Sudan,Guinea-Bissau,1418.8766794550745,1498.7725663905246,0,-79.89588693545011,0,0,African Cup of Nations
2022-01-11,Algeria,Sierra Leone,1907.3387396223957,1481.3729914268881,0,425.96574819550756,0,0,African Cup of Nations
2022-01-12,Iceland,Uganda,1612.5639786231513,1571.4096109971456,0,41.15436762600575,1,1,Friendly
2022-01-12,Equatorial Guinea,Ivory Coast,1544.0658332321668,1748.33925926709,0,-204.2734260349232,0,1,African Cup of Nations
2022-01-12,Tunisia,Mali,1751.8928540654758,1735.0752913030785,0,16.8175627623973,0,1,African Cup of Nations
2022-01-12,Mauritania,Gambia,1473.5820338064027,1464.1749178575653,0,9.407115948837372,0,1,African Cup of Nations
2022-01-13,Cape Verde,Burkina Faso,1598.9431135798898,1663.9280775721807,0,-64.98496399229089,0,1,African Cup of Nations
2022-01-13,Cameroon,Ethiopia,1729.591697472828,1455.0887756055015,1,374.50292186732645,4,1,African Cup of Nations
2022-01-14,Senegal,Guinea,1826.7806612510776,1539.2542740746194,0,287.52638717645823,0,0,African Cup of Nations
2022-01-14,Malawi,Zimbabwe,1390.0015238083674,1433.2209555649806,0,-43.219431756613176,2,1,African Cup of Nations
2022-01-14,Morocco,Comoros,1873.2160697056418,1364.2922567316925,0,508.9238129739492,2,0,African Cup of Nations
2022-01-14,Gabon,Ghana,1522.3133232502564,1696.302539581216,0,-173.9892163309596,1,1,African Cup of Nations
2022-01-15,South Korea,Iceland,1880.9020255466924,1611.384969711245,0,269.5170558354473,5,1,Friendly
2022-01-15,Nigeria,Sudan,1764.621507151541,1424.5264120086606,0,340.0950951428804,3,1,African Cup of Nations
2022-01-15,Guinea-Bissau,Egypt,1493.1228338369385,1736.417220633774,0,-243.2943867968354,0,1,African Cup of Nations
2022-01-16,Tunisia,Mauritania,1725.6836773801947,1447.905302764533,0,277.77837461566173,4,0,African Cup of Nations
2022-01-16,Gambia,Mali,1489.851648899435,1761.2844679883597,0,-271.4328190889246,1,1,African Cup of Nations
2022-01-16,Algeria,Equatorial Guinea,1886.3031561786488,1532.2762550469613,0,354.0269011316875,0,1,African Cup of Nations
2022-01-16,Peru,Panama,1900.8159348561135,1747.1291075419679,1,253.6868273141456,1,1,Friendly
2022-01-16,Ivory Coast,Sierra Leone,1760.1288374522956,1502.408574870635,0,257.72026258166056,2,2,African Cup of Nations
2022-01-16,Colombia,Honduras,1970.170542084348,1605.5286751310944,0,364.6418669532536,2,1,Friendly
2022-01-17,Burkina Faso,Ethiopia,1684.305810977107,1446.0072074109808,0,238.2986035661263,1,1,African Cup of Nations
2022-01-17,Cameroon,Cape Verde,1738.6732656673487,1578.5653801749634,1,260.1078854923853,1,1,African Cup of Nations
2022-01-18,Moldova,Uganda,1238.839720188017,1572.5886199090519,0,-333.74889972103483,2,3,Friendly
2022-01-18,Malawi,Senegal,1418.0954695242176,1809.8014690465345,0,-391.7059995223169,0,0,African Cup of Nations
2022-01-18,Zimbabwe,Guinea,1405.1270098491304,1556.2334662791625,0,-151.10645643003204,2,1,African Cup of Nations
2022-01-18,Gabon,Morocco,1533.881606349687,1877.0192844824574,0,-343.13767813277036,2,2,African Cup of Nations
2022-01-18,Ghana,Comoros,1684.7342564817855,1360.489041954877,0,324.2452145269085,2,3,African Cup of Nations
2022-01-19,Guinea-Bissau,Nigeria,1483.2361143252156,1773.8998565776085,0,-290.6637422523929,0,2,African Cup of Nations
2022-01-19,Egypt,Sudan,1746.3039401454969,1415.248062582593,0,331.0558775629038,1,0,African Cup of Nations
2022-01-20,South Korea,Moldova,1887.4598303053592,1236.2851931757855,0,651.1746371295737,4,0,Friendly
2022-01-20,Peru,Jamaica,1894.5842451986887,1706.5677581918308,1,288.0164870068579,3,0,Friendly
2022-01-20,Ivory Coast,Algeria,1744.3733746228459,1842.0669756395982,0,-97.69360101675238,3,1,African Cup of Nations
2022-01-20,Sierra Leone,Equatorial Guinea,1518.1640377000847,1576.5124355860119,0,-58.34839788592717,0,1,African Cup of Nations
2022-01-20,Gambia,Tunisia,1506.1871877991896,1741.4447874570303,0,-235.25759965784073,1,0,African Cup of Nations
2022-01-20,Mali,Mauritania,1744.9489290886052,1432.1441926876973,0,312.8047364009078,2,0,African Cup of Nations
2022-01-21,Bolivia,Trinidad and Tobago,1751.2263676709465,1537.7850424934877,1,313.4413251774588,5,0,Friendly
2022-01-21,Iraq,Uganda,1669.127441575347,1575.1431469212835,1,193.98429465406343,1,0,Friendly
2022-01-23,Burkina Faso,Gabon,1669.4226169781625,1552.790350757699,0,116.63226622046363,1,1,African Cup of Nations
2022-01-23,Nigeria,Tunisia,1785.749756613917,1701.7035952370434,0,84.04616137687367,0,1,African Cup of Nations
2022-01-24,Guinea,Gambia,1520.997859748684,1545.9283800191765,0,-24.93052027049248,0,1,African Cup of Nations
2022-01-24,Cameroon,Comoros,1722.8146838167008,1403.791712750641,1,419.0229710660599,2,1,African Cup of Nations
2022-01-25,Morocco,Malawi,1858.1105400744455,1438.3488341043426,0,419.76170597010287,2,1,African Cup of Nations
2022-01-25,Senegal,Cape Verde,1789.5481044664095,1594.4239620256112,0,195.12414244079832,2,0,African Cup of Nations
2022-01-26,Ivory Coast,Egypt,1792.148422351471,1752.777114461188,0,39.371307890283106,0,0,African Cup of Nations
2022-01-26,Mali,Equatorial Guinea,1755.5818369130345,1597.3529620010527,0,158.22887491198185,0,0,African Cup of Nations
2022-01-27,Costa Rica,Panama,1731.5796232629234,1753.3607971993927,1,78.21882606353074,1,0,FIFA World Cup qualification
2022-01-27,Ecuador,Brazil,1916.5551112524045,2209.2164002112495,1,-192.66128895884503,1,1,FIFA World Cup qualification
2022-01-27,Saudi Arabia,Oman,1755.5497219475023,1637.8530805535331,1,217.69664139396923,1,0,FIFA World Cup qualification
2022-01-27,Australia,Vietnam,1838.264125419937,1483.4594818278806,1,454.80464359205644,4,0,FIFA World Cup qualification
2022-01-27,Japan,China,1863.633441316121,1642.3442127508736,1,321.2892285652474,2,0,FIFA World Cup qualification
2022-01-27,United Arab Emirates,Syria,1619.2024434177597,1563.3065949295672,1,155.89584848819254,2,0,FIFA World Cup qualification
2022-01-27,Iran,Iraq,1936.695513961666,1674.0600559724844,1,362.63545798918153,1,0,FIFA World Cup qualification
2022-01-27,Honduras,Canada,1603.344886104136,1908.104396575641,1,-204.75951047150488,0,2,FIFA World Cup qualification
2022-01-27,Paraguay,Uruguay,1793.6726873152836,1909.682454378504,1,-16.00976706322035,0,1,FIFA World Cup qualification
2022-01-27,United States,El Salvador,1963.802909944419,1631.7863041697492,1,432.0166057746701,1,0,FIFA World Cup qualification
2022-01-27,Jamaica,Mexico,1700.9664790427798,1943.8508646273922,1,-142.88438558461235,1,2,FIFA World Cup qualification
2022-01-27,Uzbekistan,South Sudan,1636.3293645827664,1254.866033620988,0,381.4633309617784,3,0,Friendly
2022-01-27,Indonesia,Timor-Leste,1362.12382756211,846.3640060886482,1,615.7598214734617,4,1,Friendly
2022-01-27,Bahrain,Uganda,1632.4127862375387,1570.210532524146,1,162.2022537133928,3,1,Friendly
2022-01-27,Lebanon,South Korea,1507.9170003983802,1888.3227769494329,1,-280.40577655105267,0,1,FIFA World Cup qualification
2022-01-27,Chile,Argentina,1862.4241874212578,2165.818011054074,1,-203.39382363281607,1,2,FIFA World Cup qualification
2022-01-28,Venezuela,Bolivia,1742.1799272154806,1756.8794404521614,1,85.30048676331921,4,1,FIFA World Cup qualification
2022-01-28,Colombia,Peru,1972.3543311113062,1900.1855243477396,1,172.16880676356664,0,1,FIFA World Cup qualification
2022-01-28,Jordan,New Zealand,1636.819980628613,1690.442537307985,0,-53.62255667937211,3,1,Friendly
2022-01-28,Suriname,Barbados,1492.5486948562364,1263.411681827051,1,329.13701302918525,1,0,Friendly
2022-01-29,Kuwait,Libya,1465.1096607462612,1450.7136051722728,1,114.3960555739884,2,0,Friendly
2022-01-29,Nepal,Mauritius,1151.7261576588237,1190.6763877423937,1,61.04976991643002,1,0,Friendly
2022-01-29,Nicaragua,Belize,1396.7305563812763,1324.3046621971973,1,172.42589418407897,4,0,Friendly
2022-01-29,Burkina Faso,Tunisia,1661.3319082023734,1732.6359359860705,0,-71.30402778369717,1,0,African Cup of Nations
2022-01-29,Cameroon,Gambia,1726.9274537428023,1569.1375574153885,1,257.78989632741377,2,0,African Cup of Nations
2022-01-30,Honduras,El Salvador,1589.2276222382711,1628.715002437787,1,60.51261980048412,0,2,FIFA World Cup qualification
2022-01-30,Panama,Jamaica,1737.788874909778,1688.7572228532847,1,149.03165205649339,3,2,FIFA World Cup qualification
2022-01-30,Canada,United States,1922.221660441506,1966.8742116763813,1,55.34744876512468,2,0,FIFA World Cup qualification
2022-01-30,Mexico,Costa Rica,1956.0601208168873,1747.151545552538,1,308.90857526434934,0,0,FIFA World Cup qualification
2022-01-30,Egypt,Morocco,1755.5980432623019,1862.2072875442702,0,-106.60924428196836,2,1,African Cup of Nations
2022-01-30,Indonesia,Timor-Leste,1363.1062622179568,845.3815714328015,1,617.7246907851553,3,0,Friendly
2022-01-30,Senegal,Equatorial Guinea,1807.9541241878196,1608.011549002022,0,199.94257518579752,3,1,African Cup of Nations
2022-02-01,Japan,Saudi Arabia,1871.78941232532,1764.4358482367,1,207.35356408862003,2,0,FIFA World Cup qualification
2022-02-01,Brazil,Paraguay,2199.1383402541055,1774.5936318531283,1,524.5447084009772,4,0,FIFA World Cup qualification
2022-02-01,Peru,Ecuador,1929.357598155279,1926.6331712095487,1,102.72442694573033,1,1,FIFA World Cup qualification
2022-02-01,Argentina,Colombia,2175.2862181541727,1943.1822573037668,1,332.1039608504059,1,0,FIFA World Cup qualification
2022-02-01,Uruguay,Venezuela,1928.7615098406593,1768.7555094171569,1,260.0060004235024,4,1,FIFA World Cup qualification
2022-02-01,Bolivia,Chile,1730.303858250485,1852.955980321159,1,-22.65212207067384,2,3,FIFA World Cup qualification
2022-02-01,Oman,Australia,1628.9669542643355,1843.3629806268013,1,-114.39602636246582,2,2,FIFA World Cup qualification
2022-02-01,Syria,South Korea,1545.93159613699,1894.9633319142054,0,-349.0317357772153,0,2,FIFA World Cup qualification
2022-02-01,Iran,United Arab Emirates,1941.1082319668028,1636.5774422103368,1,404.530789756466,1,0,FIFA World Cup qualification
2022-02-01,Lebanon,Iraq,1501.2764454336077,1669.6473379673475,1,-68.37089253373983,1,1,FIFA World Cup qualification
2022-02-01,Suriname,Guyana,1495.162964641641,1344.8760209686454,1,250.28694367299568,2,1,Friendly
2022-02-01,Nicaragua,Belize,1406.8707846940956,1314.164433884378,1,192.7063508097176,1,1,Friendly
2022-02-01,Nepal,Mauritius,1159.9868679980584,1182.415677403159,1,77.57119059489946,1,0,Friendly
2022-02-01,Kuwait,Libya,1475.3418480034604,1440.4814179150735,1,134.86043008838692,0,2,Friendly
2022-02-01,Bahrain,DR Congo,1640.8779580461944,1619.1051555779538,1,121.77280246824057,1,0,Friendly
2022-02-01,Vietnam,China,1478.3606266210163,1634.1882417416746,1,-55.827615120658265,3,1,FIFA World Cup qualification
2022-02-02,United States,Honduras,1941.6132739151183,1554.0547434944272,1,487.5585304206911,3,0,FIFA World Cup qualification
2022-02-02,Burkina Faso,Senegal,1691.3918046124606,1825.977630451631,0,-134.5858258391704,1,3,African Cup of Nations
2022-02-02,Jamaica,Costa Rica,1676.8460509958034,1761.370626331854,1,15.475424663949298,0,1,FIFA World Cup qualification
2022-02-02,El Salvador,Canada,1663.887881181631,1947.482598202769,1,-183.59471702113797,0,2,FIFA World Cup qualification
2022-02-02,Mexico,Panama,1941.8410400375712,1749.7000467672594,1,292.1409932703118,1,0,FIFA World Cup qualification
2022-02-03,Cameroon,Egypt,1740.7897293457936,1788.0371717003084,1,52.75255764548524,0,0,African Cup of Nations
2022-02-05,Cameroon,Burkina Faso,1737.0227805256836,1667.7326787677378,1,169.29010175794588,3,3,African Cup of Nations
2022-02-06,Senegal,Egypt,1849.636756296354,1791.8041205204183,0,57.832635775935614,0,0,African Cup of Nations
2022-03-17,Cook Islands,Solomon Islands,1224.710376162835,1492.2111642615132,0,-267.5007880986782,0,2,FIFA World Cup qualification
2022-03-18,New Caledonia,Fiji,1600.6162921713778,1535.5795107722006,0,65.03678139917724,1,2,FIFA World Cup qualification
2022-03-18,Iraq,Zambia,1665.7616223992331,1541.8738842374828,1,223.88773816175035,3,1,Friendly
2022-03-18,Papua New Guinea,New Zealand,1489.8593822667037,1673.1456738363047,0,-183.28629156960096,0,1,FIFA World Cup qualification
2022-03-19,Mauritius,Seychelles,1174.6119822615208,1083.7956756399624,1,190.8163066215584,0,0,Friendly
2022-03-21,New Zealand,Fiji,1683.4757002280867,1559.2802048511185,0,124.19549537696821,4,0,FIFA World Cup qualification
2022-03-21,Papua New Guinea,New Caledonia,1479.5293558749217,1576.91559809246,0,-97.38624221753821,1,0,FIFA World Cup qualification
2022-03-23,Djibouti,South Sudan,1048.3962983173626,1251.36179418473,0,-202.96549586736728,2,4,African Cup of Nations qualification
2022-03-23,Malaysia,Philippines,1333.2060895956781,1320.1240787835843,0,13.082010812093813,2,0,Friendly
2022-03-23,Somalia,Eswatini,1040.0183530447614,1325.7685710363914,0,-285.75021799163005,0,3,African Cup of Nations qualification
2022-03-23,Chad,Gambia,1295.6618721051416,1555.2752818123972,0,-259.61340970725564,0,1,African Cup of Nations qualification
2022-03-23,Seychelles,Lesotho,1088.794980617072,1333.278032946286,0,-244.48305232921393,0,0,African Cup of Nations qualification
2022-03-23,Tanzania,Central African Republic,1436.1960519721556,1382.4829320883366,1,153.713119883819,3,1,Friendly
2022-03-23,Guadeloupe,Cape Verde,1418.480797255357,1576.0179423042011,0,-157.5371450488442,0,2,Friendly
2022-03-23,Laos,Mongolia,918.1740943071793,1091.0597891443513,1,-72.88569483717197,1,0,Friendly
2022-03-23,Guinea-Bissau,Equatorial Guinea,1471.386214288907,1589.9880427382107,0,-118.60182844930364,3,0,Friendly
2022-03-23,Gibraltar,Grenada,1168.195827235726,1283.5841332062687,1,-15.38830597054266,0,0,Friendly
2022-03-23,Bahrain,India,1647.5098550906969,1380.166889012115,1,367.34296607858187,2,1,Friendly
2022-03-23,Mozambique,Niger,1424.934713901436,1369.4249226226,0,55.50979127883602,1,1,Friendly
2022-03-24,Sweden,Czech Republic,1875.7557183154754,1874.384246981031,1,101.37147133444432,1,0,FIFA World Cup qualification
2022-03-24,Wales,Austria,1872.6062574510543,1768.6701967023728,1,203.93606074868148,2,1,FIFA World Cup qualification
2022-03-24,Armenia,Montenegro,1547.6296044553042,1556.5255617150572,1,91.104042740247,1,0,Friendly
2022-03-24,Guatemala,Cuba,1596.0265862832412,1391.4192772511187,1,304.60730903212243,1,0,Friendly
2022-03-24,Hungary,Serbia,1764.5643061308128,1895.528806201311,1,-30.96450007049816,0,1,Friendly
2022-03-24,Kosovo,Burkina Faso,1539.8065509137793,1679.0335764269141,1,-39.22702551313478,5,0,Friendly
2022-03-24,Liberia,Benin,1448.013388049652,1552.4896538458163,0,-104.4762657961644,0,4,Friendly
2022-03-24,Thailand,Nepal,1521.7363036943868,1167.7905631396966,1,453.94574055469025,2,0,Friendly
2022-03-24,Scotland,Poland,1772.4537899979323,1821.7628888210456,1,50.690901176886655,1,1,Friendly
2022-03-24,Portugal,Turkey,2010.8313475554894,1777.7440134976075,1,333.0873340578821,3,1,FIFA World Cup qualification
2022-03-24,Togo,Sierra Leone,1448.7922667361677,1497.3235112850439,0,-48.5312445488762,3,0,Friendly
2022-03-24,Estonia,Cyprus,1493.3593929576568,1348.6112252454989,1,244.74816771215797,0,0,UEFA Nations League
2022-03-24,Moldova,Kazakhstan,1235.4222465317118,1408.8712286599439,1,-73.44898212823205,1,2,UEFA Nations League
2022-03-24,Mauritius,São Tomé and Príncipe,1169.6126772844111,1218.7680918746087,1,50.84458540980245,3,0,African Cup of Nations qualification
2022-03-24,Maldives,Bangladesh,1110.8826546000087,1073.0611632807754,1,137.82149131923325,2,0,Friendly
2022-03-24,Italy,North Macedonia,2082.150489000592,1686.095861413987,1,496.0546275866052,0,1,FIFA World Cup qualification
2022-03-24,Uruguay,Peru,1941.565630071078,1923.6107942030183,1,117.95483586805972,1,0,FIFA World Cup qualification
2022-03-24,Paraguay,Ecuador,1771.1022556383275,1932.3799751618094,1,-61.27771952348189,3,1,FIFA World Cup qualification
2022-03-24,Jamaica,El Salvador,1655.955802608475,1648.4132387344498,1,107.54256387402529,1,1,FIFA World Cup qualification
2022-03-24,Mexico,United States,1948.115866384185,1945.6010263915414,1,102.51483999264383,0,0,FIFA World Cup qualification
2022-03-24,Panama,Honduras,1743.4252204206457,1550.066991018004,1,293.35822940264165,1,1,FIFA World Cup qualification
2022-03-24,Costa Rica,Canada,1782.2608747191823,1962.95724064995,1,-80.6963659307678,1,0,FIFA World Cup qualification
2022-03-24,Lebanon,Syria,1505.162161001722,1538.8371005922977,1,66.3250604094244,0,3,FIFA World Cup qualification
2022-03-24,Iraq,United Arab Emirates,1672.2432949546503,1633.026382821076,0,39.2169121335744,1,0,FIFA World Cup qualification
2022-03-24,China,Saudi Arabia,1599.408762076844,1750.4791534390897,0,-151.0703913622458,1,1,FIFA World Cup qualification
2022-03-24,South Korea,Iran,1902.0578274588977,1944.6592913560637,1,57.39853610283399,2,0,FIFA World Cup qualification
2022-03-24,Australia,Japan,1837.0058984813948,1885.7461071229302,1,51.259791358464554,0,2,FIFA World Cup qualification
2022-03-24,Solomon Islands,Tahiti,1502.80451659198,1529.645681307204,0,-26.841164715224068,3,1,FIFA World Cup qualification
2022-03-24,Fiji,Papua New Guinea,1534.6418704041423,1504.993012703664,0,29.648857700478402,1,2,FIFA World Cup qualification
2022-03-24,New Zealand,New Caledonia,1708.1140346750628,1551.4519412637178,0,156.66209341134504,7,1,FIFA World Cup qualification
2022-03-24,Colombia,Bolivia,1938.0308556526652,1711.6059747322854,1,326.4248809203798,3,0,FIFA World Cup qualification
2022-03-24,Brazil,Chile,2202.6297164689063,1871.6538638393586,1,430.9758526295477,4,0,FIFA World Cup qualification
2022-03-24,Vietnam,Oman,1513.140106285847,1635.3240364097421,1,-22.183930123895152,0,1,FIFA World Cup qualification
2022-03-25,San Marino,Lithuania,876.9542164930299,1373.784818413835,1,-396.83060192080507,1,2,Friendly
2022-03-25,Malta,Azerbaijan,1281.7306118833624,1370.671315579713,1,11.059296303649262,1,0,Friendly
2022-03-25,Norway,Slovakia,1752.613293507319,1725.7842434191548,1,126.8290500881642,2,0,Friendly
2022-03-25,Romania,Greece,1729.736723322895,1724.4413209225893,1,105.29540240030565,0,1,Friendly
2022-03-25,South Africa,Guinea,1653.3289548015389,1497.788682352472,0,155.54027244906683,0,0,Friendly
2022-03-25,Mali,Tunisia,1744.923249912065,1702.5760395759833,1,142.34721033608184,0,1,FIFA World Cup qualification
2022-03-25,Trinidad and Tobago,Barbados,1532.1319697122728,1260.7974120416463,1,371.3345576706265,9,0,Friendly
2022-03-25,Uzbekistan,Kyrgyzstan,1639.8336040190245,1449.1654298749702,1,290.6681741440543,3,1,Navruz Cup
2022-03-25,Alderney,Jersey,1080.365250614541,1752.2306047474824,1,-571.8653541329413,1,6,Muratti Vase
2022-03-25,Luxembourg,Northern Ireland,1445.6178905308077,1665.725402404118,1,-120.10751187331039,1,3,Friendly
2022-03-25,Tajikistan,Uganda,1418.489825706178,1561.7453607154903,0,-143.25553500931233,1,1,Navruz Cup
2022-03-25,Latvia,Kuwait,1391.7975114644541,1454.7952607717402,0,-62.997749307286085,1,1,Friendly
2022-03-25,DR Congo,Morocco,1612.4732585334514,1829.7681591062637,1,-117.29490057281237,1,1,FIFA World Cup qualification
2022-03-25,Congo,Zambia,1430.8490428177797,1535.3922116820656,0,-104.54316886428592,1,3,Friendly
2022-03-25,France,Ivory Coast,2136.807864712694,1789.327493550357,1,447.48037116233695,2,1,Friendly
2022-03-25,Cameroon,Algeria,1725.7218828665073,1794.291927910973,1,31.429954955534186,0,1,FIFA World Cup qualification
2022-03-25,Ghana,Nigeria,1641.4315856860214,1754.8174158648899,1,-13.385830178868446,0,0,FIFA World Cup qualification
2022-03-25,Argentina,Venezuela,2180.437619805274,1755.9513891867382,1,524.486230618536,3,0,FIFA World Cup qualification
2022-03-25,Egypt,Senegal,1795.9275004846743,1845.513376332098,1,50.41412415257628,1,0,FIFA World Cup qualification
2022-03-25,Bosnia and Herzegovina,Georgia,1652.704427127809,1609.5138651437146,1,143.1905619840943,0,1,Friendly
2022-03-25,Cape Verde,Liechtenstein,1584.6472467985732,1161.718951742786,0,422.9282950557872,6,0,Friendly
2022-03-25,Comoros,Ethiopia,1399.6789428245395,1460.8904014099253,1,38.7885414146142,2,1,Friendly
2022-03-25,Andorra,Saint Kitts and Nevis,1120.3307052947819,1389.3165806921897,1,-168.98587539740788,1,0,Friendly
2022-03-26,Spain,Albania,2082.2702529693465,1634.1491147038016,1,548.1211382655449,2,1,Friendly
2022-03-26,Libya,Niger,1461.0280051467937,1371.0091656916022,0,90.01883945519148,2,1,Friendly
2022-03-26,Singapore,Malaysia,1255.0585206426338,1347.641560550154,1,7.416960092479712,2,1,Friendly
2022-03-26,Republic of Ireland,Belgium,1746.1064328089415,2142.2111693296074,1,-296.10473652066594,2,2,Friendly
2022-03-26,Qatar,Bulgaria,1764.1668355317338,1578.0124746805434,1,286.1543608511904,2,1,Friendly
2022-03-26,Netherlands,Denmark,1969.109610115894,1980.0163133281094,1,89.09329678778431,4,2,Friendly
2022-03-26,Mauritania,Mozambique,1421.511284863268,1423.3504708324338,1,98.16081403083422,2,1,Friendly
2022-03-26,Gibraltar,Faroe Islands,1168.6384488921558,1288.492147800995,1,-19.853698908839306,0,0,Friendly
2022-03-26,Croatia,Slovenia,1916.9369847132268,1663.0336891222416,0,253.90329559098518,1,1,Friendly
2022-03-26,Finland,Iceland,1764.9858418167194,1604.8271649525782,0,160.15867686414117,1,1,Friendly
2022-03-26,England,Switzerland,2084.811847162316,1998.3394931386595,1,186.47235402365664,2,1,Friendly
2022-03-26,Central African Republic,Sudan,1373.7176814426266,1408.774888266902,0,-35.057206824275454,0,0,Friendly
2022-03-26,Belarus,India,1491.7697569127845,1378.013164381924,0,113.75659253086042,3,0,Friendly
2022-03-26,Bahrain,Burundi,1649.6635797208878,1431.0197156042655,0,218.64386411662235,1,0,Friendly
2022-03-26,Angola,Guinea-Bissau,1471.827985389329,1494.6383615551006,0,-22.810376165771686,3,2,Friendly
2022-03-26,Germany,Israel,2016.0839597308307,1665.2612446649287,1,450.8227150659018,2,0,Friendly
2022-03-27,Laos,Brunei,930.2416715669802,888.8174957802539,1,141.4241757867262,3,2,Friendly
2022-03-27,Liberia,Sierra Leone,1434.7376260061005,1477.394814118411,0,-42.65718811231045,0,1,Friendly
2022-03-27,Thailand,Suriname,1523.785264310598,1498.991495252596,1,124.793769058002,1,0,Friendly
2022-03-27,Eswatini,Somalia,1337.0944310105374,1028.6924930706155,0,308.40193793992194,2,1,African Cup of Nations qualification
2022-03-27,Mauritius,São Tomé and Príncipe,1199.5269442951264,1188.8538248638934,1,110.67311943123309,3,3,African Cup of Nations qualification
2022-03-27,Guatemala,Haiti,1598.9788111595535,1668.9003508655896,0,-69.92153970603613,2,1,Friendly
2022-03-27,South Sudan,Djibouti,1265.5908512180379,1034.1672412840546,0,231.42360993398324,1,0,African Cup of Nations qualification
2022-03-27,Benin,Zambia,1565.7654158893677,1546.0101792390346,0,19.755236650333018,2,1,Friendly
2022-03-27,Lesotho,Seychelles,1321.1440797469986,1100.9289338163594,0,220.2151459306392,3,1,African Cup of Nations qualification
2022-03-27,Barbados,Guyana,1255.5225044878139,1341.0474903576905,0,-85.52498586987667,0,5,Friendly
2022-03-27,Solomon Islands,Papua New Guinea,1535.117569186875,1526.6956072298933,0,8.421961956981704,3,2,FIFA World Cup qualification
2022-03-27,New Zealand,Tahiti,1732.651556950534,1497.332628712309,0,235.318928238225,1,0,FIFA World Cup qualification
2022-03-27,United States,Panama,1951.3367597537942,1729.6630655029678,1,321.67369425082666,5,1,FIFA World Cup qualification
2022-03-27,Honduras,Mexico,1563.829145935682,1942.3801330219321,1,-278.5509870862502,0,1,FIFA World Cup qualification
2022-03-27,Belize,Cuba,1319.2044314560671,1388.4670523748064,1,30.73737908126077,0,3,Friendly
2022-03-27,Canada,Jamaica,1938.3937514865622,1649.9555700798828,1,388.4381814066794,4,0,FIFA World Cup qualification
2022-03-27,El Salvador,Costa Rica,1654.413471263042,1806.8243638825702,1,-52.41089261952811,1,2,FIFA World Cup qualification
2022-03-28,Montenegro,Greece,1549.0892558127032,1737.3824665912396,1,-88.29321077853638,1,0,Friendly
2022-03-28,Vanuatu,Fiji,1501.1747594939427,1512.939275877913,0,-11.764516383970204,1,2,Friendly
2022-03-28,Andorra,Grenada,1134.8440945021302,1283.141511549839,1,-48.29741704770868,1,0,Friendly
2022-03-28,Cape Verde,San Marino,1588.0716499104954,875.1056525206961,0,712.9659973897992,2,0,Friendly
2022-03-29,Qatar,Slovenia,1767.3964902980554,1669.2691882246936,1,198.12730207336176,0,0,Friendly
2022-03-29,Faroe Islands,Liechtenstein,1287.9213335856393,1158.2945486308638,0,129.62678495477553,1,0,Friendly
2022-03-29,Finland,Slovakia,1760.6770668811748,1716.0289723610276,0,44.6480945201472,0,2,Friendly
2022-03-29,France,South Africa,2138.2219724164306,1649.129046490478,1,589.0929259259526,5,0,Friendly
2022-03-29,Israel,Romania,1663.177697005295,1716.7955776542447,1,46.38211935105028,2,2,Friendly
2022-03-29,Liberia,Burundi,1425.9592662952948,1426.5954683966625,0,-0.636202101367644,1,2,Friendly
2022-03-29,Malta,Kuwait,1291.4124072121047,1453.0016534050171,1,-61.58924619291247,2,0,Friendly
2022-03-29,England,Ivory Coast,2089.906907550357,1787.9133858466205,1,401.99352170373663,3,0,Friendly
2022-03-29,Netherlands,Germany,1980.3452937887644,2018.1675073904644,1,62.17778639829976,1,1,Friendly
2022-03-29,Northern Ireland,Hungary,1675.737090912791,1755.4531839046206,1,20.283907008170445,0,1,Friendly
2022-03-29,Norway,Armenia,1762.3685645654461,1555.0659103576581,1,307.302654207788,9,0,Friendly
2022-03-29,Republic of Ireland,Lithuania,1753.0289051089846,1375.6333823861687,1,477.39552272281594,1,0,Friendly
2022-03-29,Togo,Benin,1468.7209639028006,1575.1974264573425,0,-106.47646255454197,1,1,Friendly
2022-03-29,Spain,Iceland,2083.0879598955203,1609.1359398881227,1,573.9520200073976,5,0,Friendly
2022-03-29,Switzerland,Kosovo,1993.2444327506184,1562.0550937578778,1,531.1893389927404,1,1,Friendly
2022-03-29,Tanzania,Sudan,1444.9613026178656,1407.7692712810374,1,137.19203133682822,1,1,Friendly
2022-03-29,Denmark,Serbia,1968.780629655239,1904.6399284275033,1,164.1407012277357,3,0,Friendly
2022-03-29,Trinidad and Tobago,Guyana,1537.4068772661053,1356.2213647282285,1,281.1855125378768,1,1,Friendly
2022-03-29,Turkey,Italy,1770.0549390010174,2044.3263563200862,1,-174.27141731906886,2,3,Friendly
2022-03-29,Wales,Czech Republic,1882.051924864308,1860.0595191813793,1,121.99240568292862,1,1,Friendly
2022-03-29,Tajikistan,Kyrgyzstan,1424.346470273576,1442.05564258157,0,-17.709172307994095,1,0,Navruz Cup
2022-03-29,Uzbekistan,Uganda,1646.9433913124246,1555.8887161480923,1,191.05467516433237,4,2,Navruz Cup
2022-03-29,Cyprus,Estonia,1357.718919698636,1484.2516985045197,1,-26.53277880588371,2,0,UEFA Nations League
2022-03-29,Kazakhstan,Moldova,1420.7465911341874,1223.5468840574683,1,297.19970707671905,0,1,UEFA Nations League
2022-03-29,Gambia,Chad,1562.60544221079,1288.3317117067488,0,274.27373050404117,2,2,African Cup of Nations qualification
2022-03-29,Singapore,Philippines,1264.845075793929,1305.6886078291084,1,59.15646796482065,2,0,Friendly
2022-03-29,Croatia,Bulgaria,1910.7014856107749,1574.7828199142218,0,335.91866569655303,2,1,Friendly
2022-03-29,Mauritania,Libya,1428.7588388445624,1468.4935160950943,1,60.26532274946817,2,0,Friendly
2022-03-29,Bosnia and Herzegovina,Luxembourg,1638.8015825211564,1435.6062020221348,1,303.19538049902167,1,0,Friendly
2022-03-29,Algeria,Cameroon,1816.096262316317,1703.9175484611633,1,212.17871385515377,1,2,FIFA World Cup qualification
2022-03-29,Morocco,DR Congo,1823.26146394736,1618.9799536923551,1,304.28151025500483,4,1,FIFA World Cup qualification
2022-03-29,Nigeria,Ghana,1754.047246573443,1642.2017549774682,1,211.84549159597486,1,1,FIFA World Cup qualification
2022-03-29,Senegal,Egypt,1828.3952489634044,1813.045627853368,1,115.34962111003642,1,0,FIFA World Cup qualification
2022-03-29,Tunisia,Mali,1730.3405374319882,1717.1587520560602,1,113.18178537592803,0,0,FIFA World Cup qualification
2022-03-29,Iran,Lebanon,1919.5708763156208,1463.560697439461,1,556.0101788761599,2,0,FIFA World Cup qualification
2022-03-29,Syria,Iraq,1580.438564154559,1689.9953269267728,0,-109.55676277221392,1,1,FIFA World Cup qualification
2022-03-29,United Arab Emirates,South Korea,1615.2743508489534,1927.1462424993406,1,-211.87189165038717,1,0,FIFA World Cup qualification
2022-03-29,Japan,Vietnam,1920.1403955067103,1494.4153833745204,1,525.7250121321899,1,1,FIFA World Cup qualification
2022-03-29,Oman,China,1654.0487593210687,1607.595519163898,1,146.45324015717074,2,0,FIFA World Cup qualification
2022-03-29,Saudi Arabia,Australia,1742.2923963520357,1802.6116100976146,1,39.68078625442104,1,0,FIFA World Cup qualification
2022-03-29,Peru,Paraguay,1910.151436421608,1806.339209762761,1,203.81222665884707,2,0,FIFA World Cup qualification
2022-03-29,Ecuador,Argentina,1897.143021037376,2183.697283634134,1,-186.55426259675778,1,1,FIFA World Cup qualification
2022-03-29,Venezuela,Colombia,1752.6917253578783,1947.3056963773554,1,-94.61397101947705,0,1,FIFA World Cup qualification
2022-03-29,Chile,Uruguay,1865.8632406263905,1955.0249878524883,1,10.83825277390224,0,2,FIFA World Cup qualification
2022-03-29,Poland,Sweden,1823.2116251190896,1890.0804461151272,1,33.131179003962416,2,0,FIFA World Cup qualification
2022-03-29,Portugal,North Macedonia,2018.5204220520795,1723.919994094493,1,394.6004279575866,2,0,FIFA World Cup qualification
2022-03-29,Albania,Georgia,1633.3314077776279,1623.416709750367,1,109.91469802726078,0,0,Friendly
2022-03-29,Angola,Equatorial Guinea,1482.483579107172,1566.735895472017,0,-84.252316364845,0,0,Friendly
2022-03-29,Austria,Scotland,1759.2245292891191,1771.0050536998883,1,88.2194755892308,2,2,Friendly
2022-03-29,Azerbaijan,Latvia,1360.9895202509708,1393.5911188311773,0,-32.60159858020643,0,1,Friendly
2022-03-29,Bahrain,Belarus,1654.0878269284908,1503.7362806432989,1,250.35154628519194,0,1,Friendly
2022-03-29,Bangladesh,Mongolia,1063.7177607670894,1078.9922118845504,1,84.72554888253899,0,0,Friendly
2022-03-29,Belgium,Burkina Faso,2135.2886970295644,1656.7850335828157,1,578.5036634467488,3,0,Friendly
2022-03-29,Bolivia,Brazil,1702.3311340075952,2208.4203396818743,1,-406.0892056742791,0,4,FIFA World Cup qualification
2022-03-29,Congo,Sierra Leone,1420.2310752608107,1486.1731738292167,0,-65.94209856840598,1,2,Friendly
2022-03-30,Jamaica,Honduras,1642.7134705810752,1557.1292491550446,1,185.58422142603058,2,1,FIFA World Cup qualification
2022-03-30,Solomon Islands,New Zealand,1554.632857019877,1740.8563005073643,0,-186.2234434874872,0,5,FIFA World Cup qualification
2022-03-30,Costa Rica,United States,1823.8300289535728,1961.512243176854,1,-37.682214223281335,2,0,FIFA World Cup qualification
2022-03-30,Mexico,El Salvador,1949.0800298025695,1637.4078061920395,1,411.6722236105302,2,0,FIFA World Cup qualification
2022-03-30,Panama,Canada,1719.487582079908,1945.6358509853699,1,-126.14826890546192,1,0,FIFA World Cup qualification
2022-04-22,Elba Island,Vatican City,1500.0,1419.037601303871,1,180.96239869612896,4,2,Friendly
2022-04-23,Alderney,Guernsey,1078.2142885289024,1786.9555567157295,1,-608.741268186827,0,2,Muratti Vase
2022-04-24,El Salvador,Guatemala,1632.277406102801,1610.9645779718885,0,21.31282813091252,0,4,Friendly
2022-04-27,Mexico,Guatemala,1954.210429891808,1630.8633233713,0,323.34710652050785,0,0,Friendly
2022-05-12,Bahamas,Turks and Caicos Islands,1153.425387792993,1116.2574831922077,1,137.16790460078528,4,2,Friendly
2022-05-12,Dominica,Saint Vincent and the Grenadines,1232.6346569479201,1292.5972657755551,1,40.037391172365005,2,1,Friendly
2022-05-13,Guernsey,Jersey,1788.2692446564288,1754.381566833121,1,133.88767782330774,1,2,Muratti Vase
2022-05-14,Bahamas,Turks and Caicos Islands,1162.7930122616804,1106.8898587235203,1,155.90315353816004,1,2,Friendly
2022-05-15,Dominica,Saint Vincent and the Grenadines,1241.4873622210337,1283.7445605024416,1,57.74280171859209,3,1,Friendly
2022-05-21,Yoruba Nation,Matabeleland,1500.0,1480.2829890816602,0,19.717010918339838,1,1,CONIFA Africa Football Cup
2022-05-21,Jersey,Guernsey,1774.8918618286182,1767.7589496609316,1,107.13291216768653,1,0,Muratti Vase
2022-05-22,Biafra,Matabeleland,1500.0,1481.133328206099,0,18.866671793901105,0,1,CONIFA Africa Football Cup
2022-05-23,Yoruba Nation,Biafra,1499.1496608755613,1484.1862599908543,0,14.96340088470697,0,1,CONIFA Africa Football Cup
2022-05-24,Mozambique,Eswatini,1416.1029168511393,1342.8897882731133,1,173.21312857802604,0,1,Friendly
2022-05-24,Thailand,Bahrain,1530.3403017300634,1637.9152064540372,1,-7.574904723973759,3,1,Friendly
2022-05-25,Biafra,Matabeleland,1499.8318828059912,1496.9470682152446,0,2.8848145907466005,1,0,CONIFA Africa Football Cup
2022-05-27,Bahrain,Myanmar,1622.5882233363538,1155.7770220678467,0,466.81120126850715,2,0,Friendly
2022-05-27,Malaysia,Brunei,1337.8550053988588,882.6771585468301,1,555.1778468520287,4,0,Friendly
2022-05-27,Thailand,Turkmenistan,1545.6672848477467,1434.5638496908268,1,211.1034351569199,1,0,Friendly
2022-05-28,Ethiopia,Lesotho,1452.002210005866,1334.3235619387196,1,217.67864806714624,1,1,Friendly
2022-05-28,India,Jordan,1366.0466406514097,1654.1168441002933,0,-288.0702034488836,0,2,Friendly
2022-05-28,Mexico,Nigeria,1946.9013790223166,1743.1683607579916,0,203.73301826432498,2,1,Friendly
2022-05-29,United Arab Emirates,Gambia,1646.1543066848883,1549.4437984762721,1,196.71050820861615,1,1,Friendly
2022-05-30,Ethiopia,Lesotho,1446.4456311283866,1339.880140816199,1,206.56549031218765,1,1,Friendly
2022-05-30,Trinidad and Tobago,Saint Lucia,1530.7147443653728,1303.6242866311109,1,327.0904577342619,1,0,Friendly
2022-05-31,Thailand,Bahrain,1550.2428981735181,1624.5002436385037,1,25.74265453501448,1,2,Friendly
2022-06-01,Malaysia,Hong Kong,1339.3295726659792,1320.3869221468974,1,118.94265051908178,2,0,Friendly
2022-06-01,Syria,Tajikistan,1586.5441229180726,1440.1103752611377,0,146.43374765693488,1,0,Friendly
2022-06-01,Libya,Botswana,1456.0695949625926,1404.6639456739915,1,151.40564928860113,1,0,African Cup of Nations qualification
2022-06-01,Vietnam,Afghanistan,1512.5653415943689,1316.2564156352662,1,296.3089259591027,2,0,Friendly
2022-06-01,Kuwait,Singapore,1435.3701385516938,1277.3154833812787,0,158.05465517041512,2,0,Friendly
2022-06-01,United States,Morocco,1928.2711976133633,1833.610780042873,1,194.66041757049015,3,0,Friendly
2022-06-01,Malta,Venezuela,1309.043922065428,1738.007387601215,1,-328.963465535787,0,1,Friendly
2022-06-01,Italy,Argentina,2049.6926622525693,2173.883824151674,0,-124.19116189910483,0,3,CONMEBOL–UEFA Cup of Champions
2022-06-01,Australia,Jordan,1784.88593954831,1658.9166936526,0,125.96924589570995,2,1,Friendly
2022-06-01,Poland,Wales,1850.3594891068465,1878.678219439988,1,71.6812696668585,2,1,UEFA Nations League
2022-06-01,Indonesia,Bangladesh,1364.077954220003,1061.3263797764973,1,402.75157444350566,0,0,Friendly
2022-06-01,Ghana,Madagascar,1653.0806407929197,1435.6743982272221,1,317.40624256569754,3,0,African Cup of Nations qualification
2022-06-01,Angola,Central African Republic,1484.8621141236292,1374.7232984284913,1,210.13881569513796,2,1,African Cup of Nations qualification
2022-06-01,Scotland,Ukraine,1773.491016425342,1856.506055918009,1,16.98496050733297,1,3,FIFA World Cup qualification
2022-06-02,Cyprus,Kosovo,1381.933855378386,1571.1574310928581,1,-89.22357571447219,0,2,UEFA Nations League
2022-06-02,Georgia,Gibraltar,1626.478828286349,1169.2092631075116,1,557.2695651788374,4,0,UEFA Nations League
2022-06-02,Bulgaria,North Macedonia,1572.2559949283495,1718.3093485318873,1,-46.053353603537744,1,1,UEFA Nations League
2022-06-02,Estonia,San Marino,1460.0367628247698,874.6185759523169,1,685.4181868724529,2,0,UEFA Nations League
2022-06-02,Japan,Paraguay,1901.9904372868618,1792.1629922504035,1,209.82744503645836,4,1,Friendly
2022-06-02,Ecuador,Nigeria,1906.9564805198356,1738.4413091930417,0,168.51517132679396,1,0,Friendly
2022-06-02,Northern Ireland,Greece,1665.153935536949,1724.8945128579846,1,40.259422678964256,0,1,UEFA Nations League
2022-06-02,South Korea,Brazil,1896.2662866634057,2215.0243483470463,1,-218.75806168364056,1,5,Friendly
2022-06-02,Mexico,Uruguay,1951.6284305872666,1985.9605343760181,0,-34.33210378875151,0,3,Friendly
2022-06-02,Cambodia,Timor-Leste,1077.1444386993198,844.4098794307554,1,332.73455926856445,2,1,Friendly
2022-06-02,Serbia,Norway,1894.8428085737826,1769.6520488225588,1,225.19075975122382,0,1,UEFA Nations League
2022-06-02,Slovenia,Sweden,1674.4246624140671,1862.9325821273703,1,-88.50791971330318,0,2,UEFA Nations League
2022-06-02,Mozambique,Rwanda,1401.4931764136943,1401.8071377434685,0,-0.31396132977420166,1,1,African Cup of Nations qualification
2022-06-02,Spain,Portugal,2084.5054197473096,2024.1310676146852,1,160.37435213262438,1,1,UEFA Nations League
2022-06-02,Czech Republic,Switzerland,1863.4332246056993,1984.142095415638,1,-20.708870809938844,2,1,UEFA Nations League
2022-06-02,Anguilla,Dominica,900.9026972620098,1254.017107343503,1,-253.11441008149325,0,0,CONCACAF Nations League
2022-06-02,French Guiana,Guatemala,1512.4892368886465,1638.1723742407914,1,-25.683137352144968,2,0,CONCACAF Nations League
2022-06-02,Belize,Dominican Republic,1300.1602454911977,1373.3662274568878,1,26.79401803430983,0,2,CONCACAF Nations League
2022-06-02,Guadeloupe,Cuba,1409.851492760985,1407.5112383396759,1,102.34025442130906,2,1,CONCACAF Nations League
2022-06-02,Barbados,Antigua and Barbuda,1240.348630117276,1372.729223410209,0,-132.3805932929331,0,1,CONCACAF Nations League
2022-06-02,Panama,Costa Rica,1746.4461325557918,1857.0710745170636,1,-10.624941961271816,2,0,CONCACAF Nations League
2022-06-02,Israel,Iceland,1661.8505867960469,1607.7184800363334,1,154.13210675971345,2,2,UEFA Nations League
2022-06-02,Tunisia,Equatorial Guinea,1724.046360425545,1564.35736045556,1,259.68899996998493,4,0,African Cup of Nations qualification
2022-06-03,France,Denmark,2139.5249740620166,1978.5777495089596,1,260.9472245530569,1,2,UEFA Nations League
2022-06-03,Belgium,Netherlands,2136.498007721326,1978.574537249703,1,257.92347047162275,1,4,UEFA Nations League
2022-06-03,Kazakhstan,Azerbaijan,1395.3383165231262,1351.925125297987,1,143.41319122513914,2,0,UEFA Nations League
2022-06-03,Croatia,Austria,1913.2283105966471,1756.7385665636655,1,256.48974403298166,0,3,UEFA Nations League
2022-06-03,Liechtenstein,Moldova,1151.861515359484,1248.9551586685295,1,2.9063566909544534,0,2,UEFA Nations League
2022-06-03,Latvia,Andorra,1402.655513784161,1146.2253203683936,1,356.43019341576746,3,0,UEFA Nations League
2022-06-03,Nepal,Oman,1165.7416025234854,1672.1022947360905,0,-506.36069221260504,0,2,Friendly
2022-06-03,Belarus,Slovakia,1519.9089011177525,1732.9460441899619,0,-213.03714307220935,0,1,UEFA Nations League
2022-06-03,Saint Martin,Aruba,1139.7829140128888,1174.7613314537978,0,-34.97841744090897,0,0,CONCACAF Nations League
2022-06-03,British Virgin Islands,Cayman Islands,913.0890533280058,1131.8112499048468,1,-118.72219657684104,1,1,CONCACAF Nations League
2022-06-03,Togo,Eswatini,1471.6931315149166,1357.4995287105583,1,214.1936028043583,2,2,African Cup of Nations qualification
2022-06-03,Burkina Faso,Cape Verde,1655.5757228910545,1588.5587264788746,0,67.01699641217988,2,0,African Cup of Nations qualification
2022-06-03,Comoros,Lesotho,1408.567134228599,1345.2116938971137,1,163.35544033148517,2,0,African Cup of Nations qualification
2022-06-03,Ivory Coast,Zambia,1784.7646061812547,1536.5781686710598,1,348.186437510195,3,1,African Cup of Nations qualification
2022-06-03,Turks and Caicos Islands,Bonaire,1121.0983654775034,1253.3468294365787,1,-32.24846395907525,1,4,CONCACAF Nations League
2022-06-03,Bahamas,Saint Vincent and the Grenadines,1148.5845055076973,1271.2148153799722,1,-22.630309872274893,1,0,CONCACAF Nations League
2022-06-03,Nicaragua,Trinidad and Tobago,1401.8307871224065,1533.3559035447765,1,-31.525116422370047,2,1,CONCACAF Nations League
2022-06-03,Sint Maarten,United States Virgin Islands,1205.2458724022279,981.4581733896518,0,223.787699012576,1,1,CONCACAF Nations League
2022-06-03,Curaçao,Honduras,1540.9328221457604,1546.9002545796257,1,94.03256756613473,0,1,CONCACAF Nations League
2022-06-04,Montserrat,Guyana,1278.669115730536,1362.913497628961,0,-84.24438189842499,1,2,CONCACAF Nations League
2022-06-04,Turkey,Faroe Islands,1764.6886330685345,1294.3543668570192,1,570.3342662115153,4,0,UEFA Nations League
2022-06-04,Lithuania,Luxembourg,1374.4295122789822,1432.6334655799392,1,41.79604669904302,0,2,UEFA Nations League
2022-06-04,Montenegro,Romania,1561.577209545958,1718.1226878634927,1,-56.54547831753462,2,0,UEFA Nations League
2022-06-04,Finland,Bosnia and Herzegovina,1743.7599950522404,1641.774318963352,1,201.98567608888834,1,1,UEFA Nations League
2022-06-04,Armenia,Republic of Ireland,1547.7824261005455,1754.2327752161711,1,-106.45034911562561,1,0,UEFA Nations League
2022-06-04,Italy,Germany,2032.445539243143,2019.9382639295256,1,112.50727531361713,1,1,UEFA Nations League
2022-06-04,Hungary,England,1766.0363392804627,2093.0556872157226,1,-227.01934793525993,1,0,UEFA Nations League
2022-06-04,Bermuda,Haiti,1457.4869778852483,1656.9145840532547,1,-99.42760616800638,0,0,CONCACAF Nations League
2022-06-04,Senegal,Benin,1841.9888625692022,1572.2252588452266,1,369.7636037239756,3,1,African Cup of Nations qualification
2022-06-04,Suriname,Jamaica,1492.4364578331306,1652.942465156494,1,-60.50600732336352,1,1,CONCACAF Nations League
2022-06-04,DR Congo,Gabon,1608.630637596842,1560.881059533488,1,147.74957806335397,0,1,African Cup of Nations qualification
2022-06-04,Mauritania,Sudan,1441.182759977064,1411.524784800113,1,129.65797517695114,3,0,African Cup of Nations qualification
2022-06-04,Mali,Congo,1723.4529290625035,1412.1065750990776,1,411.3463539634258,4,0,African Cup of Nations qualification
2022-06-04,Gambia,South Sudan,1554.5692696608203,1273.9428019104532,0,280.62646775036706,1,0,African Cup of Nations qualification
2022-06-04,Algeria,Uganda,1785.2038771594077,1544.6487270444638,1,340.5551501149439,2,0,African Cup of Nations qualification
2022-06-04,Niger,Tanzania,1363.5436547433017,1441.20578909879,0,-77.66213435548843,1,1,African Cup of Nations qualification
2022-06-04,Namibia,Burundi,1487.1842752650912,1436.5771570486945,0,50.60711821639666,1,1,African Cup of Nations qualification
2022-06-04,El Salvador,Grenada,1612.3786607033894,1271.7602856835756,1,440.6183750198138,3,1,CONCACAF Nations League
2022-06-05,Gibraltar,North Macedonia,1167.0228561901142,1716.3326289364045,1,-449.30977274629026,0,2,UEFA Nations League
2022-06-05,Sweden,Norway,1879.8216443220526,1793.2084086522734,1,186.61323566977921,1,2,UEFA Nations League
2022-06-05,Cyprus,Northern Ireland,1365.0882346754622,1648.4235344481267,1,-183.33529977266448,0,0,UEFA Nations League
2022-06-05,Kosovo,Greece,1588.0030517957819,1741.6249139468068,1,-53.62186215102497,0,1,UEFA Nations League
2022-06-05,Bulgaria,Georgia,1574.2327145238323,1628.6652352037463,1,45.56747932008602,2,5,UEFA Nations League
2022-06-05,Serbia,Slovenia,1871.286448744068,1657.5356002193848,1,313.7508485246831,4,1,UEFA Nations League
2022-06-05,Argentina,Estonia,2191.1309471611003,1460.890546834192,0,730.2404003269082,5,0,Friendly
2022-06-05,Mexico,Ecuador,1935.85209936752,1912.4538860484827,0,23.398213319037268,0,0,Friendly
2022-06-05,Saudi Arabia,Colombia,1760.0180669013403,1961.9900341340187,0,-201.97196723267848,0,1,Friendly
2022-06-05,United States,Uruguay,1936.8779870567723,2001.7368655957648,1,35.141121461007515,0,0,Friendly
2022-06-05,San Marino,Malta,873.7647919428946,1306.427381120696,1,-332.66258917780146,0,2,UEFA Nations League
2022-06-05,Czech Republic,Spain,1879.3262411251435,2078.034676643838,1,-98.70843551869439,2,2,UEFA Nations League
2022-06-05,Peru,New Zealand,1924.3276539339654,1761.258312193105,0,163.0693417408604,1,0,Friendly
2022-06-05,Dominica,Anguilla,1244.6847044896856,910.2351001158274,0,334.44960437385816,1,1,CONCACAF Nations League
2022-06-05,Wales,Ukraine,1866.72977351389,1887.9714880724284,1,78.75828544146157,1,0,FIFA World Cup qualification
2022-06-05,Malawi,Ethiopia,1434.2520866345178,1441.1140780474718,1,93.13800858704599,2,1,African Cup of Nations qualification
2022-06-05,Egypt,Guinea,1799.45201424757,1501.988590663533,1,397.4634235840372,1,0,African Cup of Nations qualification
2022-06-05,Central African Republic,Ghana,1365.5328233394962,1662.781217460348,0,-297.2483941208518,1,1,African Cup of Nations qualification
2022-06-05,Madagascar,Angola,1425.9738215597938,1494.0525892126243,1,31.921232347169507,1,1,African Cup of Nations qualification
2022-06-05,Portugal,Switzerland,2030.601810718157,1968.2490788961939,1,162.3527318219633,4,0,UEFA Nations League
2022-06-05,Costa Rica,Martinique,1833.883215504905,1538.5711586202535,1,395.3120568846514,2,0,CONCACAF Nations League
2022-06-05,Cuba,Barbados,1396.8061198307255,1230.8025501150394,1,266.0035697156861,3,0,CONCACAF Nations League
2022-06-05,Antigua and Barbuda,Guadeloupe,1382.2753034124455,1420.5566112699353,0,-38.281307857489765,1,0,CONCACAF Nations League
2022-06-05,Guatemala,Belize,1614.0121519555673,1275.92849115505,1,438.08366080051724,2,0,CONCACAF Nations League
2022-06-05,Dominican Republic,French Guiana,1397.5979817930354,1536.6494591738706,1,-39.051477380835195,2,3,CONCACAF Nations League
2022-06-05,Botswana,Tunisia,1392.8667617191302,1737.7855273097528,1,-244.91876559062257,0,0,African Cup of Nations qualification
2022-06-06,Croatia,France,1870.491244414681,2114.988202478243,1,-144.4969580635618,1,1,UEFA Nations League
2022-06-06,Japan,Brazil,1910.0432104483357,2223.3155657374678,1,-213.27235528913207,0,1,Friendly
2022-06-06,South Korea,Chile,1887.975069272984,1834.9276941028606,1,153.04737517012336,2,0,Friendly
2022-06-06,Latvia,Liechtenstein,1408.6338429135976,1129.173303492308,1,379.4605394212897,1,0,UEFA Nations League
2022-06-06,Slovakia,Kazakhstan,1739.7507218155934,1409.04469780423,1,430.7060240113633,0,1,UEFA Nations League
2022-06-06,Belarus,Azerbaijan,1513.104223492121,1338.2187440168832,0,174.88547947523784,0,0,UEFA Nations League
2022-06-06,Iceland,Albania,1613.968185839646,1630.269289241646,1,83.69889659799992,1,1,UEFA Nations League
2022-06-06,Austria,Denmark,1799.4756327456316,2003.1145210927334,1,-103.63888834710178,1,2,UEFA Nations League
2022-06-06,Andorra,Moldova,1140.246991238957,1271.6433705357056,1,-31.39637929674859,0,0,UEFA Nations League
2022-06-06,Aruba,Saint Martin,1173.256273263531,1141.2879722031555,0,31.968301060375552,3,0,CONCACAF Nations League
2022-06-06,United States Virgin Islands,Turks and Caicos Islands,989.9735741965545,1097.2778791875944,1,-7.304304991039771,3,2,CONCACAF Nations League
2022-06-06,Bonaire,Sint Maarten,1277.1673157264877,1196.730471595325,0,80.43684413116262,2,2,CONCACAF Nations League
2022-06-06,Trinidad and Tobago,Bahamas,1516.9985778296948,1164.5601551485952,1,452.4384226810996,1,0,CONCACAF Nations League
2022-06-06,Saint Vincent and the Grenadines,Nicaragua,1255.2391657390742,1418.1881128374882,1,-62.94894709841401,2,2,CONCACAF Nations League
2022-06-06,Honduras,Curaçao,1565.8636628647155,1521.9694138606706,1,143.89424900404492,1,2,CONCACAF Nations League
2022-06-06,Equatorial Guinea,Libya,1550.618193571352,1467.866778917454,1,182.7514146538981,2,0,African Cup of Nations qualification
2022-06-06,Cayman Islands,British Virgin Islands,1126.8762032322065,918.0241000006461,1,308.8521032315605,1,1,CONCACAF Nations League
2022-06-07,United Arab Emirates,Australia,1641.0288355003402,1791.4111940662108,0,-150.38235856587062,1,2,FIFA World Cup qualification
2022-06-07,Lithuania,Turkey,1349.2357735699686,1766.7223661145756,1,-317.486592544607,0,6,UEFA Nations League
2022-06-07,Faroe Islands,Luxembourg,1292.320633810978,1457.8272042889528,1,-65.50657047797472,0,1,UEFA Nations League
2022-06-07,Bosnia and Herzegovina,Romania,1649.6291334350071,1691.9927840843288,1,57.6363493506783,1,0,UEFA Nations League
2022-06-07,Finland,Montenegro,1735.9051805805852,1587.707113325122,1,248.19806725546323,2,0,UEFA Nations League
2022-06-07,Italy,Hungary,2027.7511592490896,1789.6457978151043,1,338.1053614339853,2,1,UEFA Nations League
2022-06-07,Haiti,Montserrat,1652.7354175434023,1267.236595075015,0,385.4988224683873,3,2,CONCACAF Nations League
2022-06-07,Germany,England,2024.632643923579,2069.446228681081,1,55.18641524249824,1,1,UEFA Nations League
2022-06-07,Grenada,El Salvador,1268.4597492540765,1615.6791971328885,1,-247.21944787881193,2,2,CONCACAF Nations League
2022-06-07,Jamaica,Suriname,1650.3563027811088,1495.022620208516,1,255.3336825725928,3,1,CONCACAF Nations League
2022-06-07,Senegal,Rwanda,1848.3701377332482,1401.789064681445,1,546.5810730518031,1,0,African Cup of Nations qualification
2022-06-07,Zambia,Comoros,1529.4531770865005,1425.4169192121897,1,204.03625787431088,2,1,African Cup of Nations qualification
2022-06-07,Cape Verde,Togo,1564.2747231816288,1460.7194205209216,0,103.55530266070718,2,0,African Cup of Nations qualification
2022-06-07,Eswatini,Burkina Faso,1368.4732397045532,1679.8597261883003,0,-311.38648648374715,1,3,African Cup of Nations qualification
2022-06-07,Guyana,Bermuda,1374.3460182844822,1461.6661443951007,1,12.679873889381497,2,1,CONCACAF Nations League
2022-06-08,Tanzania,Algeria,1436.8081970554344,1792.6093482994015,1,-255.80115124396707,0,2,African Cup of Nations qualification
2022-06-08,Congo,Gambia,1405.6825651964195,1561.2027919655386,1,-55.52022676911906,1,0,African Cup of Nations qualification
2022-06-08,Gabon,Mauritania,1588.9080656016517,1463.6956342411781,1,225.2124313604736,0,0,African Cup of Nations qualification
2022-06-08,Scotland,Armenia,1742.0255842709225,1567.239649680703,1,274.78593459021954,2,0,UEFA Nations League
2022-06-08,Belgium,Poland,2093.695519945647,1862.3079350329444,1,331.38758491270255,6,1,UEFA Nations League
2022-06-08,Benin,Mozambique,1565.8439836811806,1401.5112494757177,1,264.3327342054629,0,1,African Cup of Nations qualification
2022-06-08,Wales,Netherlands,1882.2721744440576,2021.377025025382,1,-39.1048505813244,1,2,UEFA Nations League
2022-06-08,Republic of Ireland,Ukraine,1734.7755516360137,1872.4290871422609,1,-37.65353550624718,0,1,UEFA Nations League
2022-06-08,Uganda,Niger,1537.24325590447,1367.9412467866573,1,269.30200911781276,1,1,African Cup of Nations qualification
2022-06-08,Sudan,DR Congo,1389.0119105359988,1580.6036315286783,1,-91.59172099267948,2,1,African Cup of Nations qualification
2022-06-08,Kyrgyzstan,Singapore,1426.2917375940083,1268.704479800284,1,257.58725779372435,2,1,AFC Asian Cup qualification
2022-06-08,Uzbekistan,Sri Lanka,1658.183380416053,948.5403901201636,1,809.6429902958895,3,0,AFC Asian Cup qualification
2022-06-08,Malaysia,Turkmenistan,1349.386040235717,1429.9882363650554,1,19.39780387066162,3,1,AFC Asian Cup qualification
2022-06-08,Bahrain,Bangladesh,1635.2398239035274,1069.5342095864405,0,565.7056143170869,2,0,AFC Asian Cup qualification
2022-06-08,India,Cambodia,1361.246791099103,1079.712004778554,1,381.53478632054885,2,0,AFC Asian Cup qualification
2022-06-08,Hong Kong,Afghanistan,1310.3304545771596,1311.6447133099737,0,-1.3142587328140962,2,1,AFC Asian Cup qualification
2022-06-08,Thailand,Maldives,1539.5033179084944,1120.2260571136947,0,419.27726079479976,3,0,AFC Asian Cup qualification
2022-06-08,Mongolia,Palestine,1081.3835928751425,1527.0604727830178,1,-345.6768799078752,0,1,AFC Asian Cup qualification
2022-06-08,Philippines,Yemen,1293.2182002417587,1303.1304180400898,0,-9.912217798331085,0,0,AFC Asian Cup qualification
2022-06-08,Jordan,Nepal,1652.3914391346993,1164.1988672029083,0,488.192571931791,2,0,AFC Asian Cup qualification
2022-06-08,Kuwait,Indonesia,1443.9811421326885,1355.8701244100598,1,188.11101772262873,1,2,AFC Asian Cup qualification
2022-06-08,Tajikistan,Myanmar,1434.0920580401164,1153.865001765697,0,280.2270562744195,4,0,AFC Asian Cup qualification
2022-06-09,Portugal,Czech Republic,2046.4641404246759,1883.4767522165964,1,262.98738820807944,2,0,UEFA Nations League
2022-06-09,Switzerland,Spain,1952.386749189675,2073.884165552385,1,-21.497416362710283,0,1,UEFA Nations League
2022-06-09,Norway,Slovenia,1815.5704361830758,1650.127286640965,1,265.44314954211086,0,0,UEFA Nations League
2022-06-09,Sweden,Serbia,1857.4596167912503,1878.6947623224878,1,78.76485446876245,0,1,UEFA Nations League
2022-06-09,Kosovo,Northern Ireland,1575.299885985318,1641.1694331236258,1,34.13045286169222,3,2,UEFA Nations League
2022-06-09,New Zealand,Oman,1755.6350624304314,1673.6450300566676,0,81.99003237376382,0,0,Friendly
2022-06-09,Gibraltar,Bulgaria,1163.872110896694,1544.559533886177,1,-280.6874229894829,1,1,UEFA Nations League
2022-06-09,North Macedonia,Georgia,1719.4833742298247,1658.3384158414017,1,161.144958388423,0,3,UEFA Nations League
2022-06-09,Malta,Estonia,1312.2064912432497,1460.3016788960776,1,-48.09518765282792,1,2,UEFA Nations League
2022-06-09,Cayman Islands,Puerto Rico,1116.2130985325048,1277.9328372846026,1,-61.71973875209778,0,3,CONCACAF Nations League
2022-06-09,San Marino,Iceland,867.9856818203409,1610.4229331589074,1,-642.4372513385665,0,1,Friendly
2022-06-09,Saudi Arabia,Venezuela,1755.2543235011885,1740.623928545947,0,14.630394955241627,0,1,Friendly
2022-06-09,Greece,Cyprus,1754.3280797572706,1372.342335999963,1,481.98574375730755,3,0,UEFA Nations League
2022-06-09,Dominica,Saint Lucia,1233.503033522877,1300.983127451707,1,32.51990607117,0,1,CONCACAF Nations League
2022-06-09,Antigua and Barbuda,Cuba,1398.9213844754681,1406.1412700260119,0,-7.219885550543722,0,2,CONCACAF Nations League
2022-06-09,Belize,French Guiana,1272.5830500564427,1549.9705356895893,1,-177.38748563314653,1,1,CONCACAF Nations League
2022-06-09,Guinea-Bissau,São Tomé and Príncipe,1483.9827678372574,1195.017600044014,0,288.9651677932434,5,1,African Cup of Nations qualification
2022-06-09,Nigeria,Sierra Leone,1732.9439036643946,1494.2976739909498,1,338.64622967344485,2,1,African Cup of Nations qualification
2022-06-09,Aruba,Saint Kitts and Nevis,1197.0977471033534,1374.8031914848414,0,-177.70544438148795,2,3,CONCACAF Nations League
2022-06-09,Ethiopia,Egypt,1426.3506901429673,1803.13693719439,0,-376.7862470514226,2,0,African Cup of Nations qualification
2022-06-09,Guinea,Malawi,1498.303667716713,1449.0154745390223,1,149.2881931776908,1,0,African Cup of Nations qualification
2022-06-09,Burundi,Cameroon,1439.4699077705502,1734.8099336180726,0,-295.3400258475224,0,1,African Cup of Nations qualification
2022-06-09,Lesotho,Ivory Coast,1328.361908913523,1791.889597765814,0,-463.527688852291,0,0,African Cup of Nations qualification
2022-06-09,Morocco,South Africa,1825.003990599464,1647.826044844892,1,277.17794575457197,2,1,African Cup of Nations qualification
2022-06-09,Panama,Martinique,1769.6339915679505,1534.3787743859814,1,335.2552171819691,5,0,CONCACAF Nations League
2022-06-09,Canada,Curaçao,1918.677300509486,1542.8494133711658,1,475.8278871383202,4,0,CONCACAF Nations League
2022-06-09,Barbados,Guadeloupe,1221.467399919753,1403.9105302069127,0,-182.44313028715965,0,1,CONCACAF Nations League
2022-06-09,South Sudan,Mali,1267.309279605735,1729.8769389651616,0,-462.56765935942667,1,3,African Cup of Nations qualification
2022-06-10,Belarus,Kazakhstan,1506.132880504691,1436.7251263793537,0,69.4077541253373,1,1,UEFA Nations League
2022-06-10,Chile,Tunisia,1826.1386477207325,1725.635736610293,0,100.50291111043953,0,2,Kirin Cup
2022-06-10,South Korea,Paraguay,1896.7641156551122,1784.1102190889296,1,212.65389656618254,2,2,Friendly
2022-06-10,Japan,Ghana,1905.5115060381,1648.9020648791443,1,356.60944115895563,4,1,Kirin Cup
2022-06-10,Moldova,Latvia,1270.2915575237473,1411.66878249161,1,-41.37722496786273,2,4,UEFA Nations League
2022-06-10,Azerbaijan,Slovakia,1345.1900870043132,1712.0702932404697,1,-266.8802062361565,0,1,UEFA Nations League
2022-06-10,Andorra,Liechtenstein,1141.5988042509152,1126.1383639142955,1,115.46044033661974,2,1,UEFA Nations League
2022-06-10,Denmark,Croatia,2013.7682247934688,1876.3932514826945,1,237.37497331077452,0,1,UEFA Nations League
2022-06-10,Austria,France,1788.8219290448963,2109.0861954102293,1,-220.26426636533301,1,1,UEFA Nations League
2022-06-10,Dominican Republic,Guatemala,1384.2769052773167,1617.3575930541747,1,-133.08068777685799,1,1,CONCACAF Nations League
2022-06-10,Bahamas,Nicaragua,1162.494568142447,1415.4997410179872,1,-153.0051728755402,0,2,CONCACAF Nations League
2022-06-10,Saint Vincent and the Grenadines,Trinidad and Tobago,1257.9275375585753,1519.064164835843,1,-161.13662727726773,0,2,CONCACAF Nations League
2022-06-10,United States,Grenada,1935.869979296292,1277.6345121883776,1,758.2354671079145,5,0,CONCACAF Nations League
2022-06-10,Albania,Israel,1633.8145419223845,1655.6008809927343,1,78.21366092965013,1,2,UEFA Nations League
2022-06-11,England,Italy,2071.808980418978,2031.4999100466066,1,140.30907037237148,0,0,UEFA Nations League
2022-06-11,Hungary,Germany,1785.8970470175873,2022.2698921856818,1,-136.3728451680945,1,1,UEFA Nations League
2022-06-11,Wales,Belgium,1868.9533733273072,2101.450426173875,1,-132.4970528465676,1,1,UEFA Nations League
2022-06-11,Netherlands,Poland,2034.6958261421323,1854.5530288047164,1,280.1427973374159,2,2,UEFA Nations League
2022-06-11,Ukraine,Armenia,1885.8097880799514,1559.5652858886788,0,326.24450219127266,3,0,UEFA Nations League
2022-06-11,Republic of Ireland,Scotland,1721.3948506983231,1749.6999480629468,1,71.69490263537637,3,0,UEFA Nations League
2022-06-11,Faroe Islands,Lithuania,1280.1157374570835,1340.4048391791873,1,39.71089827789615,2,1,UEFA Nations League
2022-06-11,Romania,Finland,1679.4585674627622,1744.603438783672,1,34.855128679090285,1,0,UEFA Nations League
2022-06-11,Sint Maarten,Turks and Caicos Islands,1200.1424655467022,1081.9625734438669,0,118.17989210283531,8,2,CONCACAF Nations League
2022-06-11,Luxembourg,Turkey,1470.0321006428474,1775.553300505357,1,-205.52119986250955,0,2,UEFA Nations League
2022-06-11,Ecuador,Cape Verde,1913.126324475395,1585.5887424646876,0,327.5375820107074,1,0,Friendly
2022-06-11,Uruguay,Panama,2002.744873356245,1777.2397956888944,1,325.50507766735063,5,0,Friendly
2022-06-11,Montenegro,Bosnia and Herzegovina,1579.0088551220354,1662.1633500565738,1,16.845505065461566,1,1,UEFA Nations League
2022-06-11,United States Virgin Islands,Bonaire,1005.2888799402821,1273.7553217751106,1,-168.4664418348284,0,2,CONCACAF Nations League
2022-06-11,Montserrat,Bermuda,1264.29516955013,1447.2133356378245,0,-182.91816608769454,3,2,CONCACAF Nations League
2022-06-11,Guyana,Haiti,1388.7988270417584,1655.6768430682873,1,-166.87801602652894,2,6,CONCACAF Nations League
2022-06-11,Kuwait,Nepal,1414.0997938041694,1160.79253935717,1,353.3072544469994,4,1,AFC Asian Cup qualification
2022-06-11,Indonesia,Jordan,1385.751472738579,1655.7977669804377,0,-270.04629424185873,0,1,AFC Asian Cup qualification
2022-06-11,Mongolia,Philippines,1076.5727939322703,1293.7886386059022,1,-117.21584467363186,0,1,AFC Asian Cup qualification
2022-06-11,Sri Lanka,Thailand,947.8843937494906,1545.2534653823957,0,-597.369071632905,0,2,AFC Asian Cup qualification
2022-06-11,Uzbekistan,Maldives,1658.839376786726,1114.4759096397934,1,644.3634671469326,4,0,AFC Asian Cup qualification
2022-06-11,Cambodia,Hong Kong,1073.7069603815694,1330.406109030473,0,-256.6991486489037,0,3,AFC Asian Cup qualification
2022-06-11,Yemen,Palestine,1302.5599796759464,1531.87127172589,0,-229.31129204994363,0,5,AFC Asian Cup qualification
2022-06-11,Bangladesh,Turkmenistan,1067.3084896961848,1401.661439215598,0,-334.3529495194132,1,2,AFC Asian Cup qualification
2022-06-11,Malaysia,Bahrain,1377.7128373851747,1637.4655437937831,1,-159.75270640860845,1,2,AFC Asian Cup qualification
2022-06-11,Singapore,Tajikistan,1261.3042335012683,1446.5537852890657,0,-185.24955178779737,0,1,AFC Asian Cup qualification
2022-06-11,Kyrgyzstan,Myanmar,1433.691983893024,1141.4032745167476,1,392.2887093762763,2,0,AFC Asian Cup qualification
2022-06-11,Mexico,Suriname,1935.1796609406076,1486.6089633338877,1,548.5706976067199,3,0,CONCACAF Nations League
2022-06-11,India,Afghanistan,1367.2518354960876,1291.5690588566601,1,175.6827766394274,2,1,AFC Asian Cup qualification
2022-06-12,Slovenia,Serbia,1659.7787514598688,1897.0382311430856,1,-137.2594796832168,2,2,UEFA Nations League
2022-06-12,Iran,Algeria,1921.9193482561402,1803.8030345392235,0,118.1163137169167,1,2,Friendly
2022-06-12,Malta,San Marino,1299.2697649778481,867.5022770555559,1,531.7674879222923,1,0,UEFA Nations League
2022-06-12,Georgia,Bulgaria,1695.9595583428722,1534.533219580295,1,261.4263387625772,0,0,UEFA Nations League
2022-06-12,North Macedonia,Gibraltar,1681.8622317283541,1173.898425202576,1,607.9638065257782,4,0,UEFA Nations League
2022-06-12,Greece,Kosovo,1757.4106687910887,1588.8310776049736,1,268.57959118611507,2,0,UEFA Nations League
2022-06-12,Northern Ireland,Cyprus,1627.6382415039702,1369.259746966145,1,358.3784945378252,2,2,UEFA Nations League
2022-06-12,Norway,Sweden,1805.918971364172,1839.1161479706525,1,66.80282339351947,3,2,UEFA Nations League
2022-06-12,Saint Lucia,Anguilla,1317.3830388696451,921.416771082636,1,495.9662677870091,2,0,CONCACAF Nations League
2022-06-12,Spain,Czech Republic,2087.9572300908585,1875.3603309128894,1,312.59689917796914,2,0,UEFA Nations League
2022-06-12,Puerto Rico,British Virgin Islands,1299.5681311801347,928.6872047003479,1,470.8809264797868,6,0,CONCACAF Nations League
2022-06-12,Saint Kitts and Nevis,Saint Martin,1382.7367589038088,1117.4464983633331,1,365.29026054047563,1,1,CONCACAF Nations League
2022-06-12,Guadeloupe,Barbados,1411.685975133483,1213.6919549931827,1,297.99402014030034,2,1,CONCACAF Nations League
2022-06-12,Cuba,Antigua and Barbuda,1428.1737760429203,1376.8888784585597,1,151.28489758436058,3,1,CONCACAF Nations League
2022-06-12,Martinique,Panama,1526.7729702650374,1771.915495425483,1,-145.14252516044553,0,0,CONCACAF Nations League
2022-06-12,Switzerland,Portugal,1938.3136846512014,2054.5805617283827,1,-16.266877077181334,1,0,UEFA Nations League
2022-06-13,Albania,Estonia,1615.493695705819,1473.2384051614792,1,242.2552905443397,0,0,Friendly
2022-06-13,Kazakhstan,Slovakia,1439.6824631404347,1717.3825683055848,1,-177.70010516515003,2,1,UEFA Nations League
2022-06-13,Iceland,Israel,1610.9063379236925,1673.9217272093,1,36.9846107143926,2,2,UEFA Nations League
2022-06-13,France,Croatia,2100.6744825985625,1900.2973835850419,1,300.3770990135206,0,1,UEFA Nations League
2022-06-13,Denmark,Austria,1989.8640926911214,1797.2336418565628,1,292.63045083455836,2,0,UEFA Nations League
2022-06-13,Guatemala,Dominican Republic,1611.8774626314746,1389.7570357000168,1,322.1204269314578,2,0,CONCACAF Nations League
2022-06-13,Azerbaijan,Belarus,1339.8778119391982,1503.17554374361,1,-63.2977318044118,2,0,UEFA Nations League
2022-06-13,Nicaragua,Bahamas,1428.6855751601825,1149.3087340002517,1,379.3768411599308,4,0,CONCACAF Nations League
2022-06-13,Honduras,Canada,1544.9836633542202,1922.0920145807615,1,-277.10835122654134,2,1,CONCACAF Nations League
2022-06-13,Morocco,Liberia,1831.7480885326117,1415.9775776432627,1,515.770510889349,2,0,African Cup of Nations qualification
2022-06-13,Sierra Leone,Guinea-Bissau,1489.3129413205163,1495.930553517325,0,-6.61761219680875,2,2,African Cup of Nations qualification
2022-06-13,São Tomé and Príncipe,Nigeria,1183.0698143639463,1737.928636334828,0,-554.8588219708818,0,10,African Cup of Nations qualification
2022-06-13,Australia,Peru,1803.2574336948846,1929.950903696639,0,-126.69347000175435,0,0,FIFA World Cup qualification
2022-06-13,Trinidad and Tobago,Saint Vincent and the Grenadines,1531.817909550174,1245.1737928442444,1,386.6441167059295,4,1,CONCACAF Nations League
2022-06-14,England,Hungary,2066.0605080588166,1791.4999114543361,1,374.56059660448045,0,4,UEFA Nations League
2022-06-14,Germany,Italy,2016.667027748933,2037.2483824067683,1,79.41864534216461,5,2,UEFA Nations League
2022-06-14,Netherlands,Wales,2024.682533386725,1874.4116560541377,1,250.27087733258736,3,2,UEFA Nations League
2022-06-14,Poland,Belgium,1864.5663215601237,2095.9921434470443,1,-131.42582188692063,0,1,UEFA Nations League
2022-06-14,Armenia,Scotland,1552.6028871128626,1728.791155074888,1,-76.1882679620253,1,4,UEFA Nations League
2022-06-14,Ukraine,Republic of Ireland,1892.7721868557676,1742.303643686382,0,150.4685431693856,1,1,UEFA Nations League
2022-06-14,Bosnia and Herzegovina,Finland,1662.8900596071144,1731.1032275704479,1,31.78683203666651,3,2,UEFA Nations League
2022-06-14,South Korea,Egypt,1891.3083100798924,1749.291322996597,1,242.01698708329536,4,1,Friendly
2022-06-14,Luxembourg,Faroe Islands,1459.4796127640543,1293.4087071525466,1,266.07090561150767,2,2,UEFA Nations League
2022-06-14,Moldova,Andorra,1250.4585581669514,1151.78972134943,1,198.66883681752142,2,1,UEFA Nations League
2022-06-14,Liechtenstein,Latvia,1115.9474468157807,1431.501781848406,1,-215.5543350326252,0,2,UEFA Nations League
2022-06-14,Chile,Ghana,1797.3057220403477,1642.9291997684536,0,154.37652227189415,0,0,Kirin Cup
2022-06-14,Japan,Tunisia,1911.4843711487906,1754.4686622906777,1,257.01570885811293,0,3,Kirin Cup
2022-06-14,Turks and Caicos Islands,Sint Maarten,1060.5301572991386,1221.5748816914304,1,-61.044724392291755,2,0,CONCACAF Nations League
2022-06-14,Romania,Montenegro,1692.9587786759862,1578.2821455714948,1,214.67663310449143,0,3,UEFA Nations League
2022-06-14,Bonaire,United States Virgin Islands,1286.1270003325726,992.91720138282,0,293.20979894975255,2,0,CONCACAF Nations League
2022-06-14,Turkey,Lithuania,1786.10578838415,1327.1118694837241,1,558.9939189004258,2,0,UEFA Nations League
2022-06-14,Haiti,Guyana,1671.244180224512,1373.2314898855336,0,298.0126903389785,6,0,CONCACAF Nations League
2022-06-14,French Guiana,Belize,1542.9147885635875,1279.6387971824445,1,363.27599138114306,1,0,CONCACAF Nations League
2022-06-14,Costa Rica,New Zealand,1838.075599739177,1753.3180518330253,0,84.75754790615179,1,0,FIFA World Cup qualification
2022-06-14,Kuwait,Jordan,1422.1987629651778,1662.7751922805965,1,-140.57642931541864,0,3,AFC Asian Cup qualification
2022-06-14,Indonesia,Nepal,1378.7740474384202,1152.6935701961615,0,226.08047724225867,7,0,AFC Asian Cup qualification
2022-06-14,Palestine,Philippines,1548.7364436279927,1307.2860129000971,0,241.45043072789554,4,0,AFC Asian Cup qualification
2022-06-14,Maldives,Sri Lanka,1112.6826531126394,946.0179945273796,0,166.66465858525976,1,0,AFC Asian Cup qualification
2022-06-14,Uzbekistan,Thailand,1660.63263331388,1547.1198646045068,1,213.51276870937318,2,0,AFC Asian Cup qualification
2022-06-14,Mongolia,Yemen,1063.0754196380753,1285.6948077738436,1,-122.6193881357683,2,0,AFC Asian Cup qualification
2022-06-14,India,Hong Kong,1377.9207672810066,1343.410585558669,1,134.51018172233762,4,0,AFC Asian Cup qualification
2022-06-14,Bahrain,Turkmenistan,1648.8670343570425,1406.7550172145798,0,242.11201714246272,1,0,AFC Asian Cup qualification
2022-06-14,Malaysia,Bangladesh,1366.3113468219153,1062.214911697203,1,404.09643512471234,4,1,AFC Asian Cup qualification
2022-06-14,Myanmar,Singapore,1135.7245809637557,1251.0605651201936,0,-115.33598415643792,2,6,AFC Asian Cup qualification
2022-06-14,Kyrgyzstan,Tajikistan,1439.3706774460159,1456.7974536701404,1,82.57322377587548,0,0,AFC Asian Cup qualification
2022-06-14,Jamaica,Mexico,1658.769959655737,1937.3208202414846,1,-178.5508605857476,1,1,CONCACAF Nations League
2022-06-14,El Salvador,United States,1606.5044341985874,1936.6234634920625,1,-230.11902929347502,1,1,CONCACAF Nations League
2022-06-14,Afghanistan,Cambodia,1280.900127071741,1060.7024838533735,0,220.1976432183676,2,2,AFC Asian Cup qualification
2022-06-17,Mapuche,Maule Sur,1500.0,1500.0,0,0.0,0,1,CONIFA South America Football Cup
2022-06-18,Mapuche,Aymara,1485.0,1500.0,0,-15.0,3,1,CONIFA South America Football Cup
2022-06-19,Aymara,Maule Sur,1476.5292000126985,1515.0,0,-38.47079998730146,0,1,CONIFA South America Football Cup
2022-07-05,Seychelles,Botswana,1087.7494516246384,1405.01655241859,0,-317.2671007939516,0,1,COSAFA Cup
2022-07-05,Angola,Comoros,1495.8849700472815,1415.9754127280664,0,79.90955731921508,3,1,COSAFA Cup
2022-07-06,Mauritius,Eswatini,1193.3631691150058,1359.907138014823,0,-166.54396889981717,0,3,COSAFA Cup
2022-07-06,Lesotho,Malawi,1345.767059356015,1437.1166510918572,0,-91.3495917358423,2,1,COSAFA Cup
2022-07-07,Angola,Seychelles,1513.2993706728012,1083.589192331773,0,429.71017834102827,3,0,COSAFA Cup
2022-07-07,Comoros,Botswana,1398.5610121025468,1409.1768117114555,0,-10.615799608908674,0,1,COSAFA Cup
2022-07-08,Malawi,Eswatini,1418.2612073058926,1374.4568683451191,0,43.80433896077352,1,1,COSAFA Cup
2022-07-08,Lesotho,Mauritius,1364.6225031419795,1178.8134387847097,0,185.8090643572698,2,1,COSAFA Cup
2022-07-10,Seychelles,Comoros,1079.5084196017706,1384.019190438822,0,-304.5107708370515,1,2,COSAFA Cup
2022-07-10,Botswana,Angola,1423.7186333751802,1517.3801434028035,0,-93.66151002762331,1,0,COSAFA Cup
2022-07-10,Mauritius,Malawi,1171.1490808263277,1416.3799793724315,0,-245.23089854610384,0,2,COSAFA Cup
2022-07-10,Eswatini,Lesotho,1376.3380962785802,1372.2868611003614,0,4.051235178218803,2,0,COSAFA Cup
2022-07-12,Madagascar,Namibia,1424.1414407251366,1484.2915245432355,0,-60.15008381809889,0,2,COSAFA Cup
2022-07-12,Zambia,Botswana,1538.8946835706238,1442.6671360596474,0,96.22754751097636,1,1,COSAFA Cup
2022-07-13,South Africa,Mozambique,1641.0819469117444,1434.34233489712,1,306.7396120146243,0,0,COSAFA Cup
2022-07-13,Senegal,Eswatini,1850.0195140289593,1398.5757493448061,0,451.44376468415317,1,1,COSAFA Cup
2022-07-15,Namibia,Mozambique,1502.9346494394676,1444.9601296737865,0,57.97451976568118,1,0,COSAFA Cup
2022-07-15,Zambia,Senegal,1534.8432745624389,1837.096140893678,0,-302.25286633123915,4,3,COSAFA Cup
2022-07-15,Botswana,Eswatini,1446.7185450678323,1411.4991224800874,0,35.21942258774493,2,0,COSAFA Cup
2022-07-15,South Africa,Madagascar,1630.464152135078,1405.4983158289044,1,324.9658363061735,2,1,COSAFA Cup
2022-07-16,Elba Island,Raetia,1507.824644219338,1323.174193628812,1,284.65045059052613,5,0,Friendly
2022-07-17,South Africa,Botswana,1634.4681351082288,1466.945508447118,1,267.52262666111073,2,1,COSAFA Cup
2022-07-17,Mozambique,Senegal,1432.4401162357583,1811.5758819479806,0,-379.13576571222234,1,1,COSAFA Cup
2022-07-17,Namibia,Zambia,1515.4546628774958,1560.3635335081362,0,-44.90887063064042,0,1,COSAFA Cup
2022-07-19,Japan,Hong Kong,1868.7232654864413,1319.7444068348693,1,648.978858651572,6,0,EAFF Championship
2022-07-20,China,South Korea,1589.5419837488762,1898.2699318267735,0,-308.7279480778973,0,3,EAFF Championship
2022-07-24,South Korea,Hong Kong,1905.8641398601305,1318.2591717288517,0,587.6049681312788,3,0,EAFF Championship
2022-07-24,Japan,China,1870.208500592459,1581.9477757155191,1,388.2607248769398,0,0,EAFF Championship
2022-07-27,China,Hong Kong,1594.0482613715533,1316.5347539506427,0,277.5135074209106,1,0,EAFF Championship
2022-07-27,Japan,South Korea,1858.1080149364248,1907.5885576383396,1,50.51945729808517,3,0,EAFF Championship
2022-08-07,Raetia,Tibet,1316.6678570586666,1304.7019984186772,1,111.96585863998939,3,3,Friendly
2022-08-31,Mexico,Paraguay,1930.2260210631086,1789.5660246641494,0,140.65999639895927,0,1,Friendly
2022-09-17,Fiji,New Caledonia,1522.6007952309922,1526.9144189882466,0,-4.3136237572543905,1,0,MSG Prime Minister's Cup
2022-09-21,Solomon Islands,New Caledonia,1534.2308453341363,1511.7281944488138,0,22.50265088532251,1,0,MSG Prime Minister's Cup
2022-09-21,Brunei,Maldives,881.2025912797097,1123.7625955949245,1,-142.56000431521477,0,3,Friendly
2022-09-21,Hong Kong,Myanmar,1311.4847984037463,1110.2352345718768,1,301.2495638318694,2,0,Friendly
2022-09-21,Libya,Uganda,1452.3363247205984,1524.2453954134126,1,28.09092930718589,0,0,Friendly
2022-09-21,San Marino,Seychelles,866.1600567049935,1075.0779842252748,1,-108.9179275202813,0,0,Friendly
2022-09-21,Vietnam,Singapore,1517.1770439196614,1276.5499115120724,1,340.627132407589,4,0,Friendly
2022-09-21,Scotland,Ukraine,1749.3753859656408,1886.6537644497032,1,-37.27837848406239,3,0,UEFA Nations League
2022-09-22,Liechtenstein,Andorra,1105.8543311657877,1144.5400846385016,1,61.31424652728606,0,2,UEFA Nations League
2022-09-22,Latvia,Moldova,1441.594897498399,1257.7081948778798,1,283.88670262051915,1,2,UEFA Nations League
2022-09-22,Slovakia,Azerbaijan,1695.316315080486,1366.4322275569996,1,428.8840875234864,1,2,UEFA Nations League
2022-09-22,Kazakhstan,Belarus,1461.7487163655335,1476.6211281258086,1,85.1275882397249,2,1,UEFA Nations League
2022-09-22,Turkey,Luxembourg,1787.8383028131882,1449.8122844867326,1,438.02601832645564,3,3,UEFA Nations League
2022-09-22,Lithuania,Faroe Islands,1325.379355054686,1303.0760354298684,1,122.3033196248175,1,1,UEFA Nations League
2022-09-22,Belgium,Wales,2105.5740304981687,1868.668430672557,1,336.9055998256117,2,1,UEFA Nations League
2022-09-22,France,Austria,2075.1955279031586,1790.1912154726963,1,385.0043124304623,2,0,UEFA Nations League
2022-09-22,Poland,Netherlands,1854.9844345089994,2030.4257587683057,1,-75.44132425930638,0,2,UEFA Nations League
2022-09-22,Trinidad and Tobago,Tajikistan,1536.9348760041628,1461.463231397533,0,75.47164460662975,1,2,King's Cup
2022-09-22,Thailand,Malaysia,1533.5392974323279,1372.539873942914,1,260.99942348941386,1,1,King's Cup
2022-09-22,Suriname,Nicaragua,1484.4678040330107,1434.378551699417,0,50.08925233359378,2,1,Friendly
2022-09-22,Iceland,Venezuela,1609.3155880020488,1751.0447764394821,0,-141.72918843743332,1,0,Friendly
2022-09-22,Comoros,Tunisia,1388.4496258153179,1797.229767953027,0,-408.78014213770916,0,1,Friendly
2022-09-22,Cambodia,Bangladesh,1071.9154715714853,1055.9863845762043,1,115.92908699528107,0,1,Friendly
2022-09-22,Australia,New Zealand,1810.2435542125152,1738.102550448636,1,172.1410037638791,1,0,Friendly
2022-09-22,Croatia,Denmark,1925.776338280446,1996.906519074988,1,28.869819205458043,2,1,UEFA Nations League
2022-09-23,Paraguay,United Arab Emirates,1803.4069532783703,1629.1825958716663,0,174.22435740670403,1,0,Friendly
2022-09-23,Rwanda,Equatorial Guinea,1400.139688385734,1566.1486477682076,0,-166.00895938247368,0,0,Friendly
2022-09-23,Saudi Arabia,Ecuador,1744.8334756076533,1915.761589006276,0,-170.9281133986226,0,0,Friendly
2022-09-23,Germany,Hungary,2037.01903498979,1841.9134973513474,1,295.1055376384429,0,1,UEFA Nations League
2022-09-23,Italy,England,2016.8963751659112,2015.6469221618054,1,101.24945300410582,1,0,UEFA Nations League
2022-09-23,Bulgaria,Gibraltar,1544.0823040369978,1172.2491656214643,1,471.83313841553354,5,1,UEFA Nations League
2022-09-23,Finland,Romania,1717.4717591716587,1652.2802947224225,1,165.19146444923626,1,1,UEFA Nations League
2022-09-23,Georgia,North Macedonia,1686.4104738861695,1683.5114913094658,1,102.8989825767037,2,0,UEFA Nations League
2022-09-23,Estonia,Malta,1479.2647054149247,1300.6119853284104,1,278.65272008651436,2,1,UEFA Nations League
2022-09-23,Morocco,Chile,1834.678820009899,1791.0472983459683,0,43.6315216639307,2,0,Friendly
2022-09-23,Bosnia and Herzegovina,Montenegro,1676.5215280059035,1618.9606295250585,1,157.56089848084503,1,0,UEFA Nations League
2022-09-23,Mali,Zambia,1733.7893765089711,1573.435388032682,1,260.35398847628903,1,0,Friendly
2022-09-23,Argentina,Honduras,2191.7198150992144,1569.9239049725832,0,621.7959101266313,3,0,Friendly
2022-09-23,Jordan,Syria,1684.3391192403462,1592.562440139094,1,191.77667910125228,2,0,Jordan International Tournament
2022-09-23,Iraq,Oman,1683.889768163259,1675.9620406540737,0,7.927727509185388,1,1,Jordan International Tournament
2022-09-23,Iran,Uruguay,1908.6448771440023,2008.0691736196566,0,-99.42429647565427,1,0,Friendly
2022-09-23,Egypt,Niger,1742.329701249716,1380.9391072777148,1,461.39059397200117,3,0,Friendly
2022-09-23,DR Congo,Burkina Faso,1555.450024875276,1688.4258278780305,0,-132.97580300275445,0,1,Friendly
2022-09-23,Canada,Qatar,1897.1517729623986,1762.2410161086818,0,134.91075685371675,2,0,Friendly
2022-09-23,Cameroon,Uzbekistan,1740.987949454735,1674.213200486059,0,66.77474896867602,0,2,Friendly
2022-09-23,Brazil,Ghana,2227.8472701477035,1649.187623462833,0,578.6596466848705,3,0,Friendly
2022-09-23,Bahrain,Cape Verde,1656.8196874562664,1582.9534779338067,1,173.8662095224597,1,2,Friendly
2022-09-23,Algeria,Guinea,1817.0775056513614,1510.2024911638782,1,406.8750144874832,1,0,Friendly
2022-09-23,Japan,United States,1880.567764390853,1927.9247267405658,0,-47.35696234971283,2,0,Kirin Challenge Cup
2022-09-23,South Korea,Costa Rica,1885.1288081839114,1853.2911011235662,1,131.8377070603451,2,2,Friendly
2022-09-24,Kyrgyzstan,Russia,1434.7048997186232,1817.9025770155695,1,-283.19767729694627,1,2,Friendly
2022-09-24,Vanuatu,Papua New Guinea,1491.5132401408634,1507.1803193968913,1,84.33292074397218,0,1,MSG Prime Minister's Cup
2022-09-24,Czech Republic,Portugal,1868.9740327518623,2038.8787769094154,1,-69.90474415755307,0,4,UEFA Nations League
2022-09-24,Scotland,Republic of Ireland,1778.4311419397518,1748.4220660924464,1,130.00907584730544,2,1,UEFA Nations League
2022-09-24,Armenia,Ukraine,1532.0186562221097,1857.5980084755922,1,-225.5793522534825,0,5,UEFA Nations League
2022-09-24,Slovenia,Norway,1665.414522833194,1818.069884972689,1,-52.655362139494855,2,1,UEFA Nations League
2022-09-24,Serbia,Sweden,1891.4024597697603,1826.9652343621356,1,164.43722540762474,4,1,UEFA Nations League
2022-09-24,Northern Ireland,Kosovo,1616.0206255579515,1580.9266099014121,1,135.09401565653934,2,1,UEFA Nations League
2022-09-24,Cyprus,Greece,1380.8773629121638,1765.3151364946502,1,-284.43777358248644,1,0,UEFA Nations League
2022-09-24,Tanzania,Uganda,1425.6145108156124,1525.0521601563044,0,-99.4376493406919,1,0,Friendly
2022-09-24,Israel,Albania,1675.5124771309436,1609.4673954523735,1,166.0450816785701,2,1,UEFA Nations League
2022-09-24,South Africa,Sierra Leone,1639.7642629969478,1489.6938356401054,1,250.0704273568424,4,0,Friendly
2022-09-24,Spain,Switzerland,2094.3435282518853,1954.0154694701687,1,240.32805878171666,1,2,UEFA Nations League
2022-09-24,Mauritania,Benin,1475.1049555804539,1533.0128982597782,0,-57.90794267932438,1,0,Friendly
2022-09-24,Bolivia,Senegal,1695.7271253424233,1799.6159252899095,0,-103.88879994748618,0,2,Friendly
2022-09-24,Colombia,Guatemala,1966.7537775341705,1617.9691951480675,0,348.784582386103,4,1,Friendly
2022-09-24,Grenada,Saint Vincent and the Grenadines,1276.8810279926072,1240.0568263902555,1,136.82420160235165,1,3,Friendly
2022-09-24,Hong Kong,Myanmar,1315.9865932660935,1105.7334397095296,1,310.2531535565638,0,0,Friendly
2022-09-24,India,Singapore,1401.5869460048064,1271.9231729254136,0,129.66377307939274,1,1,Friendly
2022-09-24,Fiji,Solomon Islands,1537.7870197704249,1548.260683988612,0,-10.473664218187196,2,2,MSG Prime Minister's Cup
2022-09-24,Mexico,Peru,1916.3850924488877,1922.9647831790085,0,-6.579690730120774,1,0,Friendly
2022-09-24,Ivory Coast,Togo,1774.484447323322,1439.4054012378629,0,335.07904608545914,2,1,Friendly
2022-09-24,Laos,Maldives,936.382008800404,1134.4595593419508,0,-198.07755054154677,1,3,Friendly
2022-09-24,Madagascar,Congo,1401.4943328557536,1428.8516369698416,0,-27.357304114088038,3,3,Friendly
2022-09-24,Indonesia,Curaçao,1398.0273410202533,1539.4346992998903,1,-41.40735827963704,3,2,Friendly
2022-09-25,Faroe Islands,Turkey,1308.1484853893596,1775.069282007066,1,-366.9207966177064,2,1,UEFA Nations League
2022-09-25,Moldova,Liechtenstein,1282.8104516657045,1079.4243222020168,1,303.38612946368767,2,0,UEFA Nations League
2022-09-25,Andorra,Latvia,1170.9700936022725,1416.4926407105743,1,-145.52254710830175,1,1,UEFA Nations League
2022-09-25,Azerbaijan,Kazakhstan,1394.0901099109929,1473.1452845999902,1,20.94482531100266,3,0,UEFA Nations League
2022-09-25,Slovakia,Belarus,1667.6584327264927,1465.2245598913519,0,202.43387283514085,1,1,UEFA Nations League
2022-09-25,Luxembourg,Lithuania,1462.5813052928547,1320.3069050951947,1,242.27440019766004,1,0,UEFA Nations League
2022-09-25,Netherlands,Belgium,2048.115525325269,2109.3454951365775,1,38.770030188691635,1,0,UEFA Nations League
2022-09-25,Niger,Liberia,1378.642353797156,1413.0468461659755,0,-34.40449236881955,0,0,Friendly
2022-09-25,Denmark,France,1983.1500686018528,2079.619007429361,1,3.531061172491718,2,0,UEFA Nations League
2022-09-25,Austria,Croatia,1785.767735946494,1939.5327887535811,1,-53.76505280708716,1,3,UEFA Nations League
2022-09-25,New Zealand,Australia,1732.6879553977856,1815.6581492633657,1,17.029806134419914,0,2,Friendly
2022-09-25,Malaysia,Tajikistan,1382.0779880486207,1479.6713028742847,0,-97.59331482566404,0,0,King's Cup
2022-09-25,Thailand,Trinidad and Tobago,1524.0011833266212,1518.726804527411,1,105.27437879921013,2,1,King's Cup
2022-09-25,Wales,Poland,1864.8969660341481,1837.294667952036,1,127.60229808211216,0,1,UEFA Nations League
2022-09-26,Romania,Bosnia and Herzegovina,1658.919290523816,1685.1499919907315,1,73.76929853308457,4,1,UEFA Nations League
2022-09-26,San Marino,Estonia,869.1961531685708,1484.2871786667847,1,-515.0910254982139,0,4,UEFA Nations League
2022-09-26,North Macedonia,Bulgaria,1667.487015187295,1547.5715240988309,1,219.91549108846402,0,1,UEFA Nations League
2022-09-26,Gibraltar,Georgia,1168.7599455596312,1702.4349500083404,1,-433.67500444870916,1,2,UEFA Nations League
2022-09-26,Montenegro,Finland,1610.3321655402306,1710.8327633702652,1,-0.5005978300346214,0,2,UEFA Nations League
2022-09-26,Iraq,Syria,1683.5475600421223,1581.3574616048452,0,102.19009843727713,1,0,Jordan International Tournament
2022-09-26,England,Germany,2004.8985320598476,2011.6578377560115,1,93.24069430383611,3,3,UEFA Nations League
2022-09-26,Jordan,Oman,1695.544097774595,1676.3042487752105,1,119.23984899938455,1,0,Jordan International Tournament
2022-09-26,Ethiopia,Sudan,1480.1963043407602,1414.165517189401,1,166.03078715135916,2,2,Friendly
2022-09-26,Hungary,Italy,1867.2746945851259,2027.644765267869,1,-60.37007068274306,0,2,UEFA Nations League
2022-09-27,Mexico,Colombia,1926.5744485347464,1970.8974277962884,0,-44.32297926154206,2,3,Friendly
2022-09-27,Nepal,Bangladesh,1133.4402766143285,1069.204536861411,1,164.23573975291742,3,1,Friendly
2022-09-27,Paraguay,Morocco,1808.7743229459074,1847.8049363006687,0,-39.03061335476127,0,0,Friendly
2022-09-27,Peru,El Salvador,1912.7754270931498,1615.203170950084,0,297.5722561430657,4,1,Friendly
2022-09-27,Qatar,Chile,1752.7894789330146,1777.9211820551986,0,-25.131703122184035,2,2,Friendly
2022-09-27,Saudi Arabia,United States,1749.391266786347,1902.3767328616516,0,-152.98546607530466,0,0,Friendly
2022-09-27,South Africa,Botswana,1646.9499950198208,1461.6493805583991,1,285.3006144614217,1,0,Friendly
2022-09-27,United Arab Emirates,Venezuela,1623.8152262041292,1737.1776450385391,0,-113.36241883440994,0,4,Friendly
2022-09-27,Vietnam,India,1521.8037825063202,1398.0190501598886,1,223.7847323464316,3,0,Friendly
2022-09-27,Switzerland,Czech Republic,1978.0017544667844,1846.4326959079028,1,231.56905855888158,2,1,UEFA Nations League
2022-09-27,Republic of Ireland,Armenia,1738.786915402351,1519.1539973682734,1,319.63291803407765,3,2,UEFA Nations League
2022-09-27,Ukraine,Scotland,1870.4626673294285,1788.066292629847,0,82.39637469958143,0,0,UEFA Nations League
2022-09-27,Albania,Iceland,1601.1359932009452,1623.1827194029916,1,77.95327379795367,1,1,UEFA Nations League
2022-09-27,Norway,Serbia,1800.813816849295,1906.0800834318284,1,-5.266266582533262,0,2,UEFA Nations League
2022-09-27,Sweden,Slovenia,1812.2876107000675,1682.6705909565878,1,229.61701974347966,1,1,UEFA Nations League
2022-09-27,Kosovo,Cyprus,1571.481900769696,1405.9926060382543,1,265.48929473144176,5,1,UEFA Nations League
2022-09-27,Greece,Northern Ireland,1740.1998933685597,1625.4653346896675,1,214.7345586788922,3,1,UEFA Nations League
2022-09-27,Mauritania,Congo,1486.7564160336262,1428.0658537665647,0,58.69056226706152,2,0,Friendly
2022-09-27,Portugal,Spain,2061.420113753375,2070.3572432552696,1,91.06287049810544,0,1,UEFA Nations League
2022-09-27,Malta,Israel,1295.5895120765504,1683.8438793823718,1,-288.25436730582146,2,1,Friendly
2022-09-27,Equatorial Guinea,Togo,1561.7037501691145,1436.867887193456,0,124.83586297565853,2,2,Friendly
2022-09-27,Libya,Tanzania,1451.5295599777066,1438.4008884472983,1,113.12867153040838,2,1,Friendly
2022-09-27,Argentina,Jamaica,2192.6696102622363,1665.864758834113,0,526.8048514281234,3,0,Friendly
2022-09-27,Bahrain,Panama,1642.1951570169867,1765.9899491671629,1,-23.794792150176136,0,2,Friendly
2022-09-27,Brazil,Tunisia,2229.055532941415,1798.9661177672679,0,430.08941517414723,5,1,Friendly
2022-09-27,Brunei,Laos,870.5056275326834,929.1136429225509,1,41.39198461013257,1,0,Friendly
2022-09-27,Burkina Faso,Comoros,1694.7750237739053,1386.713276001077,0,308.0617477728283,2,1,Friendly
2022-09-27,Canada,Uruguay,1906.6033101380658,1995.283150479402,0,-88.6798403413361,0,2,Friendly
2022-09-27,DR Congo,Sierra Leone,1549.1008289794013,1482.5081036172323,0,66.59272536216895,3,0,Friendly
2022-09-27,Costa Rica,Uzbekistan,1856.9134802806548,1692.0611185169512,0,164.85236176370358,2,1,Friendly
2022-09-27,Ecuador,Japan,1911.2037978275823,1906.1157582697672,0,5.0880395578151365,0,0,Kirin Challenge Cup
2022-09-27,Egypt,Liberia,1744.6264547302749,1412.0598293216513,1,432.5666254086236,3,0,Friendly
2022-09-27,Madagascar,Benin,1402.2801160590304,1521.3614378066059,0,-119.08132174757543,3,1,Friendly
2022-09-27,Ghana,Nicaragua,1647.9793606691214,1425.8103303667774,0,222.16903030234403,1,0,Friendly
2022-09-27,Honduras,Guatemala,1568.974109809561,1613.8255448859495,0,-44.8514350763885,2,1,Friendly
2022-09-27,Indonesia,Curaçao,1409.213529751301,1528.2485105688427,1,-19.034980817541737,2,1,Friendly
2022-09-27,Iran,Senegal,1921.430900284257,1810.2597473575142,0,111.1711529267427,1,1,Friendly
2022-09-27,Ivory Coast,Guinea,1777.0219613677289,1508.4486733730853,0,268.5732879946436,3,1,Friendly
2022-09-27,South Korea,Cameroon,1881.5064290268228,1723.1400314238426,1,258.3663976029802,1,0,Friendly
2022-09-27,Algeria,Nigeria,1818.8313234421544,1742.064715030851,1,176.76660841130342,2,1,Friendly
2022-09-27,Fiji,Papua New Guinea,1538.239067277733,1525.7514048342755,0,12.487662443457566,0,1,MSG Prime Minister's Cup
2022-09-30,Fiji,Solomon Islands,1522.7001635934837,1547.808636481304,0,-25.1084728878202,1,0,MSG Prime Minister's Cup
2022-10-01,Saint Vincent and the Grenadines,Grenada,1260.6764505271294,1256.2614038557333,1,104.41504667139611,1,5,Friendly
2022-10-22,Saudi Arabia,North Macedonia,1753.5304260377939,1644.0856307090853,0,109.44479532870855,1,0,Friendly
2022-10-23,Qatar,Guatemala,1753.5115685302073,1602.5417404165019,0,150.9698281137055,2,0,Friendly
2022-10-26,Saudi Arabia,Albania,1760.4805692889172,1597.8258395727944,0,162.6547297161228,1,1,Friendly
2022-10-27,Qatar,Honduras,1762.3751153291719,1580.2579142790087,0,182.1172010501632,1,0,Friendly
2022-10-30,Saudi Arabia,Honduras,1756.1134716087358,1575.0670762251941,0,181.04639538354172,0,0,Friendly
2022-11-05,Brunei,Timor-Leste,879.3198750676787,841.8423133515212,1,137.47756171615754,6,2,AFF Championship qualification
2022-11-06,Saudi Arabia,Iceland,1751.328036897721,1626.4928730311424,0,124.83516386657857,1,0,Friendly
2022-11-07,Qatar,Panama,1767.5659533829864,1779.9642485775755,0,-12.398295194589082,2,1,Friendly
2022-11-08,Brunei,Timor-Leste,902.7102357839558,818.451952635244,1,184.25828314871183,0,1,AFF Championship qualification
2022-11-09,Albania,Qatar,1602.1929372529758,1777.9226536059928,0,-175.729716353017,0,1,Friendly
2022-11-09,Cameroon,Jamaica,1719.453414305383,1664.2555423192703,1,155.19787198611266,1,1,Friendly
2022-11-09,Costa Rica,Nigeria,1862.4953346670998,1736.7546184565304,1,225.74071621056942,2,0,Friendly
2022-11-09,Mexico,Iraq,1917.8432906002135,1694.258630571323,0,223.58466002889054,4,0,Friendly
2022-11-10,Iran,Nicaragua,1918.3360453760483,1421.45560622278,1,596.8804391532683,1,0,Friendly
2022-11-10,Saudi Arabia,Panama,1757.8820243190548,1769.6075483545692,0,-11.725524035514354,1,1,Friendly
2022-11-11,Bahrain,Canada,1628.220857606574,1895.3508953082799,1,-167.13003770170576,2,2,Friendly
2022-11-11,South Korea,Iceland,1885.1930461452826,1619.9388856098085,1,365.25416053547406,1,0,Friendly
2022-11-12,Iraq,Ecuador,1686.1454530399853,1910.984145204091,0,-224.83869216410562,0,0,Friendly
2022-11-13,West Papua,Raetia,1478.75,1313.5523341981504,0,165.19766580184955,1,1,Friendly
2022-11-13,Syria,Algeria,1570.6463910756445,1824.141420016475,0,-253.49502894083048,0,1,Friendly
2022-11-15,Venezuela,Panama,1750.0180727955217,1769.270188716108,0,-19.25211592058622,2,2,Friendly
2022-11-16,Latvia,Estonia,1410.5532539251008,1487.0449794439555,1,23.508274481145236,1,1,Baltic Cup
2022-11-16,Lithuania,Iceland,1314.3468808676555,1617.7619437853357,1,-203.4150629176802,0,0,Baltic Cup
2022-11-16,Uzbekistan,Kazakhstan,1686.4792641305062,1448.4758268079556,1,338.00343732255055,2,0,Friendly
2022-11-16,United Arab Emirates,Argentina,1610.9747984471467,2194.2788267770793,1,-483.30402832993263,0,5,Friendly
2022-11-16,Turkey,Scotland,1748.3068811731105,1791.5584054154604,1,56.74847575765011,2,1,Friendly
2022-11-16,Saudi Arabia,Croatia,1758.2193839575161,1958.5784824049713,1,-100.35909844745515,0,1,Friendly
2022-11-16,Poland,Chile,1857.5686765526523,1777.199092458006,1,180.36958409464637,1,0,Friendly
2022-11-16,Oman,Germany,1666.2592154123433,2015.5894258807764,1,-249.33021046843305,0,1,Friendly
2022-11-16,Nicaragua,El Salvador,1420.8317754126763,1609.855880824573,1,-89.0241054118967,1,0,Friendly
2022-11-16,Nepal,Pakistan,1141.834500135755,1083.8775817659296,1,157.95691836982542,1,0,Friendly
2022-11-16,Moldova,Azerbaijan,1289.4928583139433,1418.7595677030274,1,-29.2667093890841,1,2,Friendly
2022-11-16,Peru,Paraguay,1918.122717218661,1809.8930122730426,1,208.22970494561832,1,0,Friendly
2022-11-16,Kosovo,Armenia,1581.5082154516926,1515.0422988579412,1,166.46591659375144,2,2,Friendly
2022-11-16,Mexico,Sweden,1925.9564681315512,1803.6032706499402,0,122.353197481611,1,2,Friendly
2022-11-16,Algeria,Mali,1827.913108131578,1737.4417125618675,1,190.47139556971047,1,1,Friendly
2022-11-16,Andorra,Austria,1176.909480387746,1766.7220422951038,0,-589.8125619073578,0,1,Friendly
2022-11-16,Cyprus,Bulgaria,1395.9662913562577,1570.9729085770405,1,-75.0066172207828,0,2,Friendly
2022-11-16,Czech Republic,Faroe Islands,1840.1728814312276,1334.9108862233152,1,605.2619952079124,5,0,Friendly
2022-11-16,Albania,Italy,1596.859528245159,2046.2740638834211,1,-349.4145356382621,1,3,Friendly
2022-11-16,Gibraltar,Liechtenstein,1166.4766891133354,1072.741915553778,1,193.73477355955742,2,0,Friendly
2022-11-16,Iran,Tunisia,1918.959876186152,1796.0571433581129,0,122.90273282803923,0,2,Friendly
2022-11-16,Ivory Coast,Burundi,1782.2917641235995,1433.2918919338879,0,348.9998721897116,4,0,Friendly
2022-11-16,Dominican Republic,Cuba,1383.665303183424,1441.4521133953097,1,42.21318978811428,2,4,Friendly
2022-11-17,Portugal,Nigeria,2042.5762333760667,1730.326981598859,1,412.24925177720775,4,0,Friendly
2022-11-17,Tajikistan,Russia,1475.5652887425904,1821.1785900885604,1,-245.61330134597006,0,0,Friendly
2022-11-17,Syria,Belarus,1566.8747029605415,1473.0934089887287,0,93.78129397181283,0,1,Friendly
2022-11-17,Switzerland,Ghana,1984.2615689434597,1652.3340848131188,0,331.9274841303409,0,2,Friendly
2022-11-17,Saint Lucia,San Marino,1319.8320672175705,866.4383523914,1,553.3937148261705,1,1,Friendly
2022-11-17,South Africa,Mozambique,1650.1929811607379,1444.4000728938295,1,305.7929082669084,2,1,Friendly
2022-11-17,Rwanda,Sudan,1404.584585984827,1418.6109189033045,1,85.97366708152254,0,0,Friendly
2022-11-17,Romania,Slovenia,1679.678028405663,1691.354931006715,1,88.323097398948,1,2,Friendly
2022-11-17,Republic of Ireland,Norway,1742.8986139126832,1778.654835240645,1,64.24377867203816,1,2,Friendly
2022-11-17,North Macedonia,Finland,1637.135487457962,1733.300344574233,1,3.835142883729077,1,1,Friendly
2022-11-17,Japan,Canada,1906.3354108932585,1890.8801427266806,0,15.45526816657798,1,2,Friendly
2022-11-17,Morocco,Georgia,1846.6862469735336,1704.7182064546362,0,141.9680405188974,3,0,Friendly
2022-11-17,Montenegro,Slovakia,1587.8645843362629,1659.789583629116,1,28.075000707146955,2,2,Friendly
2022-11-17,Malta,Greece,1312.3924609115202,1750.3300037191266,1,-337.9375428076064,2,2,Friendly
2022-11-17,Luxembourg,Hungary,1468.541329520394,1848.6453959695737,1,-280.10406644917975,2,2,Friendly
2022-11-17,Jordan,Spain,1705.5891311374621,2089.201123632578,1,-283.6119924951158,1,3,Friendly
2022-11-17,Israel,Zambia,1667.040930547402,1569.7830519797858,1,197.25787856761622,4,2,Friendly
2022-11-17,Gabon,Guinea-Bissau,1577.498744262376,1495.549659197736,0,81.94908506464003,3,1,Friendly
2022-11-17,Angola,Botswana,1498.4316407183362,1458.406394417482,0,40.02524630085418,1,0,Friendly
2022-11-17,Niger,Libya,1379.6293706414801,1458.3838488712186,0,-78.75447822973842,2,3,Friendly
2022-11-18,Egypt,Belgium,1747.30599886189,2096.012418710929,0,-348.7064198490391,2,1,Friendly
2022-11-18,Dominican Republic,Cuba,1366.8517285579517,1458.265688020782,1,8.586040537169765,1,1,Friendly
2022-11-18,Bahrain,Serbia,1632.6916101881734,1928.2390650404784,1,-195.547454852305,1,5,Friendly
2022-11-18,Cameroon,Panama,1715.2616260703765,1768.716634722593,0,-53.45500865221652,1,1,Friendly
2022-11-19,Rwanda,Sudan,1402.1593648528856,1421.036140035246,1,81.12322481763954,1,0,Friendly
2022-11-19,Latvia,Iceland,1409.5398661493414,1609.8624364318268,1,-100.32257028248546,1,1,Baltic Cup
2022-11-19,Estonia,Lithuania,1488.058367219715,1322.2463882211644,1,265.81197899855056,2,0,Baltic Cup
2022-11-19,United Arab Emirates,Kazakhstan,1608.6428796300283,1444.7251509539183,1,263.9177286761101,2,1,Friendly
2022-11-19,Turkey,Czech Republic,1756.687900474867,1841.3635241553836,1,15.324376319483463,2,1,Friendly
2022-11-19,Sweden,Algeria,1816.986175327412,1822.9212530428697,1,94.06492228454226,2,0,Friendly
2022-11-19,Peru,Bolivia,1922.7569675628977,1685.0833032748185,1,337.6736642880792,1,0,Friendly
2022-11-19,Albania,Armenia,1593.3191670471235,1519.4977440583668,1,173.8214229887567,2,0,Friendly
2022-11-19,Kosovo,Faroe Islands,1577.052770251267,1333.720243499159,1,343.3325267521079,1,1,Friendly
2022-11-19,Ivory Coast,Burkina Faso,1786.7265410252348,1697.6775581373508,0,89.048982887884,1,2,Friendly
2022-11-19,Guatemala,Nicaragua,1593.6781936175373,1433.3394534698045,0,160.33874014773278,3,1,Friendly
2022-11-19,Gibraltar,Andorra,1173.8836200596093,1176.2605854789404,1,97.6230345806689,1,0,Friendly
2022-11-19,Colombia,Paraguay,1979.6285857308212,1805.2587619288058,0,174.3698238020154,2,0,Friendly
2022-11-19,Kuwait,Lebanon,1400.634836005428,1461.2122254989415,0,-60.577389493513465,2,0,Friendly
2022-11-20,Qatar,Ecuador,1783.2560626138095,1905.2867453734361,1,-22.030682759626643,0,2,FIFA World Cup
2022-11-20,Uzbekistan,Russia,1690.2299399845435,1815.0910970161733,1,-24.861157031629773,0,0,Friendly
2022-11-20,Syria,Venezuela,1554.239159364603,1750.5716267890366,0,-196.33246742443362,1,2,Friendly
2022-11-20,South Africa,Angola,1653.1280729410582,1507.2846909491604,1,245.8433819918978,1,1,Friendly
2022-11-20,Slovenia,Montenegro,1703.8436916827663,1587.0582750730296,1,216.78541660973679,1,0,Friendly
2022-11-20,Slovakia,Chile,1660.5958928923492,1771.9694940188285,1,-11.373601126479343,0,0,Friendly
2022-11-20,Oman,Belarus,1662.4136068513,1485.7289525846672,0,176.68465426663283,2,0,Friendly
2022-11-20,Norway,Finland,1790.4831300118165,1733.4107243765434,1,157.07240563527307,1,1,Friendly
2022-11-20,Saint Lucia,San Marino,1310.6262992357033,875.6441203732671,1,534.9821788624362,1,0,Friendly
2022-11-20,Niger,Gabon,1371.8580660392365,1589.0249013423588,0,-217.1668353031223,1,3,Friendly
2022-11-20,Moldova,Romania,1280.3332351577046,1667.1892677296119,1,-286.85603257190724,0,5,Friendly
2022-11-20,Malta,Republic of Ireland,1319.891180334925,1731.0703191415118,1,-311.17913880658693,0,1,Friendly
2022-11-20,Luxembourg,Bulgaria,1475.216239982414,1582.7840010859986,1,-7.567761103584644,0,0,Friendly
2022-11-20,Israel,Cyprus,1674.3353141669934,1384.1551988472995,1,390.18011531969387,2,3,Friendly
2022-11-20,Hungary,Greece,1841.9704855075536,1742.8312842957218,1,199.13920121183173,2,1,Friendly
2022-11-20,Gambia,Guinea-Bissau,1538.0337201921166,1484.0235021177532,0,54.010218074363365,0,0,Friendly
2022-11-20,Austria,Italy,1767.3709372039095,2049.8144250814566,1,-182.4434878775471,2,0,Friendly
2022-11-20,North Macedonia,Azerbaijan,1637.0251076556515,1427.919190859266,1,309.1059167963854,1,3,Friendly
2022-11-21,Senegal,Netherlands,1813.3546022657229,2061.4486017509175,0,-248.09399948519467,0,2,FIFA World Cup
2022-11-21,England,Iran,2000.9669439350828,1898.8645202146004,0,102.10242372048242,6,2,FIFA World Cup
2022-11-21,United States,Wales,1898.2375736102047,1844.6229574335318,0,53.614616176672826,1,1,FIFA World Cup
2022-11-22,France,Australia,2057.347671804448,1831.3927968499142,0,225.9548749545338,4,1,FIFA World Cup
2022-11-22,Denmark,Tunisia,2005.4214042267658,1816.1524993296646,0,189.26890489710127,0,0,FIFA World Cup
2022-11-22,Argentina,Saudi Arabia,2196.6107455941974,1751.0302058071902,0,445.5805397870072,1,2,FIFA World Cup
2022-11-22,Mexico,Poland,1912.5735634540795,1862.7982749918297,0,49.77528846224982,0,0,FIFA World Cup
2022-11-23,Germany,Japan,2019.4350344418197,1895.890865702234,0,123.54416873958576,1,2,FIFA World Cup
2022-11-23,Spain,Costa Rica,2094.1053509361263,1868.9229715247711,0,225.1823794113552,7,0,FIFA World Cup
2022-11-23,Morocco,Croatia,1857.4085381542395,1965.7676605552972,0,-108.35912240105768,0,0,FIFA World Cup
2022-11-23,Belgium,Canada,2078.381158260505,1901.3246879177052,0,177.05647034279968,1,0,FIFA World Cup
2022-11-24,Switzerland,Cameroon,1958.1285409125328,1716.788158688971,0,241.34038222356185,1,0,FIFA World Cup
2022-11-24,Brazil,Serbia,2231.96450735057,1937.4251632501926,0,294.5393441003773,2,0,FIFA World Cup
2022-11-24,Uruguay,South Korea,2006.5355653091879,1887.3699879697554,0,119.1655773394325,0,0,FIFA World Cup
2022-11-24,Portugal,Ghana,2045.773006708082,1678.4671128440457,0,367.3058938640363,3,2,FIFA World Cup
2022-11-25,England,United States,2041.1464934609603,1893.6445162311272,0,147.50197722983307,0,0,FIFA World Cup
2022-11-25,Wales,Iran,1849.2160148126093,1858.6849706887228,0,-9.468955876113569,0,2,FIFA World Cup
2022-11-25,Netherlands,Ecuador,2078.8535268593955,1947.437140439041,0,131.41638642035446,1,1,FIFA World Cup
2022-11-25,Qatar,Senegal,1741.1056675482046,1795.949677157245,1,45.15599039095946,1,3,FIFA World Cup
2022-11-26,Poland,Saudi Arabia,1867.0670534937858,1806.7445648016705,0,60.32248869211526,2,0,FIFA World Cup
2022-11-26,Argentina,Mexico,2140.896386599717,1908.3047849521233,0,232.59160164759373,2,0,FIFA World Cup
2022-11-26,Tunisia,Australia,1831.0499719423794,1808.9178519538955,0,22.132119988483964,0,1,FIFA World Cup
2022-11-26,France,Denmark,2079.822616700467,1990.523931614051,0,89.29868508641584,2,1,FIFA World Cup
2022-11-27,Japan,Costa Rica,1936.1305419413418,1839.9254923749272,0,96.20504956641457,0,1,FIFA World Cup
2022-11-27,Spain,Germany,2123.1028300859703,1979.1953582027118,0,143.9074718832585,1,1,FIFA World Cup
2022-11-27,Belgium,Morocco,2094.2919320421756,1866.4730028002507,0,227.81892924192493,0,2,FIFA World Cup
2022-11-27,Croatia,Canada,1956.703195909286,1885.4139141360345,0,71.28928177325156,4,1,FIFA World Cup
2022-11-28,Portugal,Uruguay,2052.2354110646343,1996.6313457768467,0,55.604065287787535,2,0,FIFA World Cup
2022-11-28,South Korea,Ghana,1897.2742075020965,1672.0047084874934,0,225.26949901460307,2,3,FIFA World Cup
2022-11-28,Brazil,Switzerland,2245.919302724622,1970.100029830814,0,275.8192728938079,1,0,FIFA World Cup
2022-11-28,Cameroon,Serbia,1704.8166697706897,1923.4703678761405,0,-218.65369810545076,3,3,FIFA World Cup
2022-11-29,Ecuador,Senegal,1958.272657903883,1846.7655888911088,0,111.50706901277431,1,2,FIFA World Cup
2022-11-29,Qatar,Netherlands,1690.2897558143409,2068.0180093945537,1,-277.7282535802128,0,2,FIFA World Cup
2022-11-29,Wales,England,1805.4421343132194,2029.1239251956938,0,-223.6817908824744,0,3,FIFA World Cup
2022-11-29,Iran,United States,1902.4588511881127,1905.6670844963937,0,-3.2082333082810237,0,1,FIFA World Cup
2022-11-30,Poland,Argentina,1904.3316313172393,2159.5885052490175,0,-255.25687393177827,0,2,FIFA World Cup
2022-11-30,Saudi Arabia,Mexico,1769.479986978217,1889.6126663028228,0,-120.13267932460576,1,2,FIFA World Cup
2022-11-30,Australia,Denmark,1840.8263120869512,1968.0691795577181,0,-127.2428674707669,1,0,FIFA World Cup
2022-11-30,Tunisia,France,1799.1415118093237,2102.2773687567997,0,-303.135856947476,1,0,FIFA World Cup
2022-12-01,Croatia,Belgium,1998.5795504167243,2023.3942030053327,0,-24.814652588608396,0,0,FIFA World Cup
2022-12-01,Canada,Morocco,1843.5375596285962,1937.3707318370937,0,-93.83317220849744,1,2,FIFA World Cup
2022-12-01,Japan,Spain,1898.0295248689717,2111.3418647708627,0,-213.31233990189094,2,1,FIFA World Cup
2022-12-01,Costa Rica,Germany,1878.0265094472973,1990.9563235178193,0,-112.92981407052207,2,4,FIFA World Cup
2022-12-02,Serbia,Switzerland,1906.742524361029,1959.9179322385655,0,-53.1754078775366,2,3,FIFA World Cup
2022-12-02,Cameroon,Brazil,1721.5445132858013,2256.1014003168707,0,-534.5568870310694,1,0,FIFA World Cup
2022-12-02,Ghana,Uruguay,1719.1220142002298,1958.772343023782,0,-239.65032882355217,0,2,FIFA World Cup
2022-12-02,South Korea,Portugal,1850.15690178936,2090.0944138176988,0,-239.9375120283387,2,1,FIFA World Cup
2022-12-03,Netherlands,United States,2083.1523069928335,1935.3900712376105,0,147.76223575522295,3,1,FIFA World Cup
2022-12-03,Argentina,Australia,2176.421868883904,1881.3471203965337,0,295.07474848737047,2,1,FIFA World Cup
2022-12-04,France,Poland,2051.1981799758473,1887.4982676823527,0,163.69991229349466,3,1,FIFA World Cup
2022-12-04,England,Senegal,2051.830870191225,1886.0763729215932,0,165.75449726963188,3,0,FIFA World Cup
2022-12-05,Japan,Croatia,1944.4368316448938,2000.7185838214248,0,-56.28175217653097,1,1,FIFA World Cup
2022-12-05,Brazil,South Korea,2198.7449649616697,1898.1078378395762,0,300.6371271220935,4,1,FIFA World Cup
2022-12-06,Portugal,Switzerland,2042.1434777674826,1985.3619173492973,0,56.781560418185336,6,1,FIFA World Cup
2022-12-06,Morocco,Spain,1959.4599328382822,2064.934557994941,0,-105.4746251566587,0,0,FIFA World Cup
2022-12-09,Croatia,Brazil,1995.9008940866363,2214.548517968435,0,-218.64762388179884,1,1,FIFA World Cup
2022-12-09,Netherlands,Argentina,2110.090168012801,2185.7008645750916,0,-75.61069656229074,2,2,FIFA World Cup
2022-12-09,Malaysia,Cambodia,1386.184002180315,1058.6973192862786,1,427.48668289403645,4,0,Friendly
2022-12-10,Morocco,Portugal,1968.29750436638,2092.424029902298,0,-124.12652553591806,1,0,FIFA World Cup
2022-12-10,England,France,2081.0260220651694,2076.436829624463,0,4.5891924407064835,1,2,FIFA World Cup
2022-12-11,Thailand,Myanmar,1534.5902939844088,1112.8620663931122,1,521.7282275912967,6,0,Friendly
2022-12-13,Argentina,Croatia,2179.2732650906687,2012.6283761779944,0,166.64488891267433,3,0,FIFA World Cup
2022-12-14,France,Morocco,2106.83306930944,2008.581581664556,0,98.25148764488381,2,0,FIFA World Cup
2022-12-14,Malaysia,Maldives,1389.1334347832294,1141.7279252198039,1,347.40550956342554,3,0,Friendly
2022-12-14,Thailand,Taiwan,1536.5995496051407,1079.6145790970454,1,556.9849705080953,0,1,Friendly
2022-12-14,Vietnam,Philippines,1529.369249503169,1292.329238632367,1,337.040010870802,1,0,Friendly
2022-12-17,Singapore,Maldives,1275.4910687703314,1137.5551866890212,1,237.93588208131018,3,1,Friendly
2022-12-17,Croatia,Morocco,1983.5411339995994,1975.9784423256558,0,7.562691673943618,2,1,FIFA World Cup
2022-12-18,Argentina,France,2208.360507269064,2139.43620864834,0,68.92429862072368,3,3,FIFA World Cup
2022-12-20,Cambodia,Philippines,1055.7478866833642,1289.8166292160765,1,-134.06874253271235,3,2,AFF Championship
2022-12-20,Brunei,Thailand,872.9974478982787,1517.3781637181469,0,-644.3807158198682,0,5,AFF Championship
2022-12-21,Myanmar,Malaysia,1110.8528107723803,1393.306173314012,1,-182.4533625416318,0,1,AFF Championship
2022-12-21,Laos,Vietnam,920.2993953875556,1531.8818589194593,1,-511.5824635319037,0,6,AFF Championship
2022-12-23,Oman,Syria,1670.3815120191173,1549.3566036461964,0,121.02490837292089,2,1,Friendly
2022-12-23,Philippines,Brunei,1269.2995732398365,871.5629817080167,1,497.73659153181984,5,1,AFF Championship
2022-12-23,Indonesia,Cambodia,1419.7608530297373,1076.2649426596042,1,443.49591037013306,2,1,AFF Championship
2022-12-24,Singapore,Myanmar,1281.5712684782332,1103.07770512556,1,278.49356335267316,3,2,AFF Championship
2022-12-24,Malaysia,Laos,1401.0812789608324,917.1133074290999,1,583.9679715317325,5,0,AFF Championship
2022-12-26,Thailand,Philippines,1518.812629908409,1272.3314931431137,1,346.48113676529533,4,0,AFF Championship
2022-12-26,Brunei,Indonesia,868.5310618047395,1421.9276740332393,0,-553.3966122284999,0,7,AFF Championship
2022-12-27,Laos,Singapore,915.1022464740419,1286.59757402435,1,-271.49532755030816,0,2,AFF Championship
2022-12-27,Vietnam,Malaysia,1535.0679468779151,1403.0923399158903,1,231.9756069620248,3,0,AFF Championship
2022-12-29,Cambodia,Brunei,1074.0981216561022,865.8505716758275,1,308.2475499802747,5,1,AFF Championship
2022-12-29,Indonesia,Thailand,1424.6081641621513,1525.5503106448639,1,-0.9421464827125874,1,1,AFF Championship
2022-12-30,Iraq,Kuwait,1691.8428528706402,1418.2239884823719,1,373.6188643882683,1,0,Friendly
2022-12-30,Oman,Syria,1677.0325070543954,1542.7056086109183,0,134.32689844347715,1,0,Friendly
2022-12-30,United Arab Emirates,Lebanon,1612.2343707348161,1443.6230730219977,1,268.61129771281844,1,0,Friendly
2022-12-30,Myanmar,Laos,1098.0513995794431,907.3065509129907,1,290.7448486664524,2,2,AFF Championship
2022-12-30,Singapore,Vietnam,1294.3932695854012,1546.0023484607648,1,-151.6090788753636,0,0,AFF Championship
2023-01-02,Philippines,Indonesia,1265.5938124066588,1424.648839795822,1,-59.055027389163115,1,2,AFF Championship
2023-01-02,Thailand,Cambodia,1525.5096350111933,1082.2540382728967,1,543.2555967382966,3,1,AFF Championship
2023-01-03,Malaysia,Singapore,1392.1579383330406,1300.552685229379,1,191.60525310366165,4,1,AFF Championship
2023-01-03,Vietnam,Myanmar,1539.842932816787,1087.7894965246805,1,552.0534362921064,3,0,AFF Championship
2023-01-06,Iraq,Oman,1693.9281263582964,1683.348046340339,1,110.58008001795747,0,0,Gulf Cup
2023-01-06,Yemen,Saudi Arabia,1245.5257446556307,1749.4585427151808,0,-503.9327980595501,0,2,Gulf Cup
2023-01-06,Indonesia,Vietnam,1437.1235025832582,1541.943293303187,1,-4.819790719928733,0,0,AFF Championship
2023-01-07,Bahrain,United Arab Emirates,1623.5055119784593,1615.7469389519529,0,7.758573026506383,2,1,Gulf Cup
2023-01-07,Kuwait,Qatar,1416.1387149947157,1675.1554582160609,0,-259.0167432213452,0,2,Gulf Cup
2023-01-07,Malaysia,Thailand,1405.2401036061713,1527.39954006972,1,-22.159436463548673,1,0,AFF Championship
2023-01-08,Iceland,Estonia,1605.647656149776,1496.0671827464055,0,109.58047340337043,1,1,Friendly
2023-01-09,Iraq,Saudi Arabia,1689.3089305873507,1751.8035176571461,1,37.50541293020456,2,0,Gulf Cup
2023-01-09,Vietnam,Indonesia,1541.735219558202,1437.331576328243,1,204.40364322995902,2,0,AFF Championship
2023-01-09,Sweden,Finland,1828.021467732409,1737.646885040759,0,90.37458269165018,2,0,Friendly
2023-01-09,Oman,Yemen,1687.9672421112846,1243.1807697136653,0,444.78647239761926,3,2,Gulf Cup
2023-01-10,United Arab Emirates,Kuwait,1601.0818478075305,1407.8691259272796,0,193.2127218802509,0,1,Gulf Cup
2023-01-10,Qatar,Bahrain,1683.425047283497,1638.1706031228816,0,45.25444416061532,1,2,Gulf Cup
2023-01-10,Thailand,Malaysia,1511.4441354347516,1421.1955082411396,1,190.24862719361204,3,0,AFF Championship
2023-01-12,Finland,Estonia,1726.4629869698183,1499.12058096172,0,227.34240600809835,0,1,Friendly
2023-01-12,Sweden,Iceland,1839.2053658033497,1602.5942579344614,0,236.6111078688882,2,1,Friendly
2023-01-12,Iraq,Yemen,1709.3894630886487,1241.0288361220487,1,568.3606269666,5,0,Gulf Cup
2023-01-12,Saudi Arabia,Oman,1731.7229851558482,1690.1191757029012,0,41.60380945294696,1,2,Gulf Cup
2023-01-13,Vietnam,Thailand,1552.3397629056028,1524.6031567787406,1,127.73660612686217,2,2,AFF Championship
2023-01-13,Bahrain,Kuwait,1655.1134198049904,1430.4454188582595,0,224.6680009467309,1,1,Gulf Cup
2023-01-13,Qatar,United Arab Emirates,1666.4822306013882,1578.5055548765506,0,87.9766757248376,1,1,Gulf Cup
2023-01-16,Thailand,Vietnam,1529.8822463996664,1547.060673284677,1,82.8215731149894,1,0,AFF Championship
2023-01-16,Iraq,Qatar,1711.5826588277769,1662.763122912833,1,148.8195359149438,2,1,Gulf Cup
2023-01-16,Bahrain,Oman,1646.5722986722628,1706.9068203785816,0,-60.33452170631881,0,1,Gulf Cup
2023-01-19,Iraq,Oman,1720.5236994359166,1719.3278421666707,1,101.19585726924583,3,2,Gulf Cup
2023-01-25,United States,Serbia,1908.4522102176434,1881.2985392502972,1,127.15367096734622,1,2,Friendly
2023-01-28,United States,Colombia,1894.9475258591367,1987.6747087292288,1,7.272817129907935,0,0,Friendly
2023-02-22,Grenada,Barbados,1280.4826194711495,1209.1179832711503,1,171.36463619999927,1,1,Friendly
2023-02-26,Grenada,Barbados,1275.9148798642987,1213.6857228780011,1,162.22915698629754,2,2,Friendly
2023-03-03,Grenada,Saint Lucia,1271.5577003853848,1311.5054274962438,1,60.05227288914102,1,2,Friendly
2023-03-04,Saint Barthélemy,Sint Maarten,1422.872787724572,1195.1617968201072,1,327.7109909044648,5,1,Friendly
2023-03-05,Grenada,Saint Lucia,1259.846266307582,1323.2168615740466,1,36.629404733535466,2,0,Friendly
2023-03-10,Saint Martin,Saint Barthélemy,1129.1816902959931,1427.8096278593887,1,-198.62793756339556,3,2,Friendly
2023-03-11,Jamaica,Trinidad and Tobago,1668.4473305542767,1508.1376938696235,1,260.30963668465324,0,1,Friendly
2023-03-12,Guatemala,Panama,1602.2087019484861,1767.1901021039985,0,-164.98140015551235,1,1,Friendly
2023-03-14,Jamaica,Trinidad and Tobago,1652.100428859032,1524.4845955648682,1,227.61583329416385,0,0,Friendly
2023-03-15,Bangladesh,Malawi,1060.8103133399845,1425.1987177715787,0,-364.38840443159415,1,1,Friendly
2023-03-19,Ethiopia,Rwanda,1475.7509026268567,1409.8659772071103,1,165.88492541974642,1,0,Friendly
2023-03-20,Fiji,Vanuatu,1538.78230028403,1472.9421547034792,1,165.84014558055082,1,2,Friendly
2023-03-21,Maldives,Pakistan,1131.4749869811194,1078.1346096930024,1,153.340377288117,1,0,Friendly
2023-03-21,Tahiti,New Caledonia,1489.127885155479,1497.698355794338,1,91.4295293611408,0,2,Friendly
2023-03-22,Benin,Rwanda,1501.4125694331144,1404.3080096931783,1,197.10455973993612,1,1,African Cup of Nations qualification
2023-03-22,Sierra Leone,São Tomé and Príncipe,1468.321835913216,1178.9337356679234,0,289.38810024529266,2,2,African Cup of Nations qualification
2023-03-22,Republic of Ireland,Latvia,1733.9286091788344,1413.7546464313923,1,420.17396274744215,3,2,Friendly
2023-03-22,Honduras,El Salvador,1579.852510936209,1597.3482027674447,0,-17.495691831235717,1,0,Friendly
2023-03-22,India,Myanmar,1390.4535831630399,1085.6891360382806,1,404.7644471247593,1,0,Tri Nation Tournament
2023-03-22,Nepal,Laos,1147.5774722086821,917.5684539677533,1,330.00901824092887,2,0,Tri Nation Tournament
2023-03-23,Denmark,Finland,1927.5483712481357,1710.717116116361,1,316.8312551317747,3,1,UEFA Euro qualification
2023-03-23,San Marino,Northern Ireland,874.7649921127266,1615.3352243391007,1,-640.5702322263741,0,2,UEFA Euro qualification
2023-03-23,Kazakhstan,Slovenia,1441.1336598491305,1708.3049095750061,1,-167.17124972587567,1,2,UEFA Euro qualification
2023-03-23,Portugal,Liechtenstein,2052.139952604122,1065.334984607504,1,1086.8049679966177,4,0,UEFA Euro qualification
2023-03-23,Bosnia and Herzegovina,Iceland,1664.3912541088844,1598.5160887765162,1,165.87516533236817,3,0,UEFA Euro qualification
2023-03-23,Guadeloupe,Antigua and Barbuda,1416.2599468555154,1363.6105411061703,1,152.64940574934508,0,1,CONCACAF Nations League
2023-03-23,Barbados,Cuba,1218.042902356915,1458.5127638372053,1,-140.46986148029032,0,1,CONCACAF Nations League
2023-03-23,French Guiana,Dominican Republic,1546.2134859091734,1366.6046527415283,1,279.6088331676451,1,1,CONCACAF Nations League
2023-03-23,Saint Martin,Saint Kitts and Nevis,1144.34773619756,1371.0015669711488,0,-226.65383077358888,1,3,CONCACAF Nations League
2023-03-23,British Virgin Islands,Puerto Rico,924.712375174707,1303.5429607057756,1,-278.83058553106866,1,3,CONCACAF Nations League
2023-03-23,North Macedonia,Malta,1611.3565852946604,1317.0328902976023,1,394.32369499705806,2,1,UEFA Euro qualification
2023-03-23,Suriname,Mexico,1493.0360253656502,1909.6341105658591,1,-316.59808520020897,0,2,CONCACAF Nations League
2023-03-23,Italy,England,2027.5898581509296,2050.6297823801924,1,76.96007577073715,1,2,UEFA Euro qualification
2023-03-23,Slovakia,Luxembourg,1660.9231345611165,1475.4340232152254,1,285.48911134589116,0,0,UEFA Euro qualification
2023-03-23,Zambia,Lesotho,1562.4886683601944,1350.0492080341355,1,312.4394603260589,3,1,African Cup of Nations qualification
2023-03-23,Gabon,Sudan,1595.7053197691985,1413.3295276810213,1,282.37579208817715,1,0,African Cup of Nations qualification
2023-03-23,Argentina,Panama,2202.4859669938996,1762.7689679352852,1,539.7169990586144,2,0,Friendly
2023-03-23,Hong Kong,Singapore,1308.857966582511,1287.4705199562484,1,121.38744662626254,1,1,Friendly
2023-03-23,Hungary,Estonia,1846.793659695227,1514.8664518151772,1,431.92720788004976,1,0,Friendly
2023-03-23,Malaysia,Turkmenistan,1408.0364868971506,1398.8023641153559,1,109.23412278179467,1,0,Friendly
2023-03-23,New Zealand,China,1716.953307811237,1599.0982169184497,1,217.8550908927873,0,0,Friendly
2023-03-23,Iran,Russia,1872.735864446896,1814.376754193284,1,158.35911025361202,1,1,Friendly
2023-03-23,Solomon Islands,Vanuatu,1531.7264997907575,1487.3831525777755,0,44.34334721298205,2,0,Friendly
2023-03-23,Madagascar,Central African Republic,1422.2289844325219,1379.4119759207,1,142.817008511822,0,3,African Cup of Nations qualification
2023-03-23,Ghana,Angola,1701.0245280694207,1513.3763505483232,1,287.6481775210975,1,0,African Cup of Nations qualification
2023-03-23,Algeria,Niger,1811.8859606378726,1365.1776476123969,1,546.7083130254757,2,1,African Cup of Nations qualification
2023-03-23,Congo,South Sudan,1415.5758990540319,1263.3968420619253,1,252.17905699210655,1,2,African Cup of Nations qualification
2023-03-24,Moldova,Faroe Islands,1273.895772723775,1341.2861401871687,1,32.60963253660634,1,1,UEFA Euro qualification
2023-03-24,Senegal,Mozambique,1856.881221047649,1441.464981113509,1,515.4162399341399,5,1,African Cup of Nations qualification
2023-03-24,Gibraltar,Greece,1181.145486016124,1738.0081101080484,0,-556.8626240919243,0,3,UEFA Euro qualification
2023-03-24,France,Netherlands,2145.3107489235044,2116.5177674972238,1,128.79298142628068,4,0,UEFA Euro qualification
2023-03-24,Czech Republic,Poland,1831.8043093585093,1862.259618033737,1,69.5446913247722,3,1,UEFA Euro qualification
2023-03-24,South Africa,Liberia,1647.0364133418955,1409.3802851900361,1,337.6561281518593,2,2,African Cup of Nations qualification
2023-03-24,Austria,Azerbaijan,1789.5955041344366,1453.5877132202572,1,436.0077909141794,4,1,UEFA Euro qualification
2023-03-24,Nicaragua,Saint Vincent and the Grenadines,1424.8089451388557,1236.4552349117132,1,288.3537102271425,4,1,CONCACAF Nations League
2023-03-24,Bulgaria,Montenegro,1582.5662178531873,1582.5970571807898,1,99.96916067239749,0,1,UEFA Euro qualification
2023-03-24,Serbia,Lithuania,1894.8032236088038,1314.2375726944738,1,680.56565091433,2,0,UEFA Euro qualification
2023-03-24,Grenada,United States,1273.2706810277925,1894.7382279247522,1,-521.4675468969597,1,7,CONCACAF Nations League
2023-03-24,Bahamas,Trinidad and Tobago,1143.6157574610172,1530.235735664376,1,-286.61997820335887,0,3,CONCACAF Nations League
2023-03-24,Tunisia,Libya,1850.2207005902758,1466.1551534734622,1,484.0655471168136,3,0,African Cup of Nations qualification
2023-03-24,Belize,Guatemala,1276.3400998368586,1606.6298361171994,1,-230.28973628034078,1,2,CONCACAF Nations League
2023-03-24,Anguilla,Saint Lucia,918.9677427347107,1309.792446853836,1,-290.8247041191254,1,2,CONCACAF Nations League
2023-03-24,Sweden,Belgium,1843.283534961295,2021.2551696006321,1,-77.97163463933725,0,3,UEFA Euro qualification
2023-03-24,Equatorial Guinea,Botswana,1558.2577198579693,1449.5533441866578,1,208.70437567131148,2,0,African Cup of Nations qualification
2023-03-24,Egypt,Malawi,1764.937259312314,1417.3853467643514,1,447.5519125479625,2,0,African Cup of Nations qualification
2023-03-24,Ivory Coast,Comoros,1774.2181919761047,1383.8107416376315,1,490.40745033847315,3,1,African Cup of Nations qualification
2023-03-24,Australia,Ecuador,1872.068124705346,1918.9618738733986,1,53.106250831947364,3,1,Friendly
2023-03-24,Japan,Uruguay,1949.2545213796823,1976.8698291545911,1,72.38469222509093,1,1,Friendly
2023-03-24,South Korea,Colombia,1882.3042848328105,1987.8840066636133,1,-5.579721830802782,2,2,Friendly
2023-03-24,Kuwait,Philippines,1438.986539990987,1253.1191496192225,1,285.8673903717645,2,0,Friendly
2023-03-24,Saudi Arabia,Venezuela,1714.9353404801677,1755.4541825074432,1,59.48115797272453,1,2,Friendly
2023-03-24,DR Congo,Mauritania,1563.2870966834175,1499.246370746159,0,64.04072593725846,3,1,African Cup of Nations qualification
2023-03-24,Uzbekistan,Bolivia,1690.944282807433,1682.5786965182094,0,8.365586289223529,1,0,Friendly
2023-03-24,Tahiti,New Caledonia,1470.2692183752467,1516.5570225745703,1,53.712195800676454,2,1,Friendly
2023-03-24,Cape Verde,Eswatini,1597.5780083730863,1391.2721591008017,1,306.3058492722846,0,0,African Cup of Nations qualification
2023-03-24,Burkina Faso,Togo,1710.185907186481,1440.3139175046012,0,269.87198968187977,1,0,African Cup of Nations qualification
2023-03-24,Cameroon,Namibia,1778.9009486410025,1502.38280835295,1,376.51814028805256,1,1,African Cup of Nations qualification
2023-03-24,Guinea,Ethiopia,1503.1788706172147,1481.3088701407887,0,21.870000476425957,2,0,African Cup of Nations qualification
2023-03-24,Uganda,Tanzania,1512.2657825246185,1431.5465995537863,0,80.71918297083221,0,1,African Cup of Nations qualification
2023-03-24,Mali,Gambia,1742.4335676505757,1536.4915835687254,1,305.94198408185025,2,0,African Cup of Nations qualification
2023-03-24,Nigeria,Guinea-Bissau,1727.1302082668437,1485.5656387411443,1,341.5645695256994,0,1,African Cup of Nations qualification
2023-03-25,Turks and Caicos Islands,United States Virgin Islands,1086.9432421704619,985.8945631814055,1,201.04867898905638,1,0,CONCACAF Nations League
2023-03-25,Belarus,Switzerland,1477.76104741685,1935.0813652144818,0,-457.3203177976318,0,5,UEFA Euro qualification
2023-03-25,Israel,Kosovo,1656.249116121571,1569.4868735632574,1,186.76224255831357,1,1,UEFA Euro qualification
2023-03-25,Andorra,Romania,1168.9987195224255,1673.6267301635414,1,-404.6280106411159,0,2,UEFA Euro qualification
2023-03-25,Armenia,Turkey,1511.4330195596076,1766.2471152717414,1,-154.81409571213385,1,2,UEFA Euro qualification
2023-03-25,Curaçao,Canada,1517.7011872904063,1821.4483586274077,1,-203.74717133700142,0,2,CONCACAF Nations League
2023-03-25,Bermuda,Guyana,1424.9730395419301,1363.5126852917722,1,161.46035425015793,0,2,CONCACAF Nations League
2023-03-25,Montserrat,Haiti,1286.5354656460242,1680.9629848182735,1,-294.4275191722493,0,4,CONCACAF Nations League
2023-03-25,Sint Maarten,Bonaire,1190.2249566852904,1293.1496385339872,0,-102.92468184869676,6,1,CONCACAF Nations League
2023-03-25,Martinique,Costa Rica,1532.6985165233575,1847.158997844274,1,-214.46048132091641,1,2,CONCACAF Nations League
2023-03-25,Croatia,Wales,2012.888221823433,1782.7351893176879,1,330.15303250574516,1,1,UEFA Euro qualification
2023-03-25,Morocco,Brazil,1946.6313545018222,2197.821035877077,1,-151.18968137525485,2,1,Friendly
2023-03-25,Scotland,Cyprus,1783.1773861137037,1402.241396892722,1,480.9359892209818,3,0,UEFA Euro qualification
2023-03-25,Spain,Norway,2056.096986466843,1786.246969347601,1,369.85001711924224,3,0,UEFA Euro qualification
2023-03-25,Bangladesh,Seychelles,1068.6236843472118,1072.0418877616976,1,96.58179658551421,1,0,Friendly
2023-03-25,Bhutan,Laos,840.5416712298993,911.7119661424287,0,-71.17029491252936,1,2,Tri Nation Tournament
2023-03-25,Georgia,Mongolia,1693.9959152739302,1103.2444827562883,1,690.7514325176419,6,1,Friendly
2023-03-25,Bahrain,Palestine,1634.1512768841737,1563.693217895723,1,170.45805898845083,1,2,Friendly
2023-03-25,Indonesia,Burundi,1426.7270329808423,1428.8571150322525,1,97.86991794858977,3,1,Friendly
2023-03-25,Myanmar,Kyrgyzstan,1083.0291039104204,1431.4288866456322,0,-348.39978273521183,1,1,Tri Nation Tournament
2023-03-25,Thailand,Syria,1541.3727762299316,1536.3900693249748,0,4.982706904956785,1,3,Friendly
2023-03-25,United Arab Emirates,Tajikistan,1582.2246625651057,1481.6527818149775,1,200.57188075012823,0,0,Friendly
2023-03-25,Germany,Peru,2021.8238351208427,1925.2615743195067,1,196.56226080133615,2,0,Friendly
2023-03-26,Liechtenstein,Iceland,1065.1913641194249,1579.062413259371,1,-413.8710491399461,0,7,UEFA Euro qualification
2023-03-26,Puerto Rico,Cayman Islands,1311.0702505625716,1094.5778046369726,1,316.492445925599,5,1,CONCACAF Nations League
2023-03-26,Cuba,Guadeloupe,1467.758370150686,1395.0632359248295,1,172.69513422585646,1,0,CONCACAF Nations League
2023-03-26,Antigua and Barbuda,Barbados,1384.8072520368562,1208.7972960434342,1,276.00995599342195,1,2,CONCACAF Nations League
2023-03-26,Mexico,Jamaica,1915.8952283311567,1646.3492887595241,1,369.5459395716325,2,2,CONCACAF Nations League
2023-03-26,Slovakia,Bosnia and Herzegovina,1647.4032124053786,1683.8449296260296,1,63.55828277934893,2,0,UEFA Euro qualification
2023-03-26,Luxembourg,Portugal,1488.9539453709633,2052.283573092201,1,-463.3296277212378,0,6,UEFA Euro qualification
2023-03-26,Northern Ireland,Finland,1616.800726016829,1702.3786005614872,1,14.422125455341757,0,1,UEFA Euro qualification
2023-03-26,Kazakhstan,Denmark,1430.0770630890056,1935.8868868030095,1,-405.80982371400387,3,2,UEFA Euro qualification
2023-03-26,Malta,Italy,1313.2870550925493,2003.2307430068647,1,-589.9436879143154,0,2,UEFA Euro qualification
2023-03-26,England,Ukraine,2074.9888975242575,1866.9705545438153,1,308.0183429804422,2,0,UEFA Euro qualification
2023-03-26,Lesotho,Zambia,1341.5275197420503,1571.0103566522796,0,-229.48283691022925,0,2,African Cup of Nations qualification
2023-03-26,São Tomé and Príncipe,Sierra Leone,1192.574614722309,1454.6809568588305,0,-262.10634213652156,0,2,African Cup of Nations qualification
2023-03-26,Russia,Iraq,1818.643255622327,1731.274217648165,1,187.36903797416198,2,0,Friendly
2023-03-26,New Zealand,China,1711.3932194866284,1604.6583052430583,1,206.73491424357007,2,1,Friendly
2023-03-26,Macau,Singapore,956.0382218333439,1290.828786033455,1,-234.79056420011102,0,1,Friendly
2023-03-26,Fiji,Solomon Islands,1524.3413024097338,1544.8223715011106,1,79.51893090862313,0,2,Friendly
2023-03-26,Slovenia,San Marino,1719.361506335131,873.2994904349983,1,946.0620159001327,2,0,UEFA Euro qualification
2023-03-27,Moldova,Czech Republic,1272.024104207306,1855.8782722195388,1,-483.8541680122328,0,0,UEFA Euro qualification
2023-03-27,Austria,Estonia,1794.857380397235,1513.330071199248,1,381.5273091979868,2,1,UEFA Euro qualification
2023-03-27,Sweden,Azerbaijan,1816.008986301891,1448.325836957459,1,467.68314934443197,5,0,UEFA Euro qualification
2023-03-27,Hungary,Bulgaria,1848.3300403111562,1556.9652538469338,1,391.36478646422233,3,0,UEFA Euro qualification
2023-03-27,Montenegro,Serbia,1608.1980211870432,1895.9732205958053,1,-187.7751994087621,0,2,UEFA Euro qualification
2023-03-27,United States,El Salvador,1897.7564230992534,1586.8450614927613,1,410.91136160649216,1,0,CONCACAF Nations League
2023-03-27,Saint Kitts and Nevis,Aruba,1380.6032616858415,1189.164179684386,1,291.4390820014555,2,0,CONCACAF Nations League
2023-03-27,Trinidad and Tobago,Nicaragua,1538.694542880506,1433.1971731709364,1,205.49736970956974,1,1,CONCACAF Nations League
2023-03-27,Dominican Republic,Belize,1376.605152368928,1270.0437266552233,1,206.5614257137047,2,0,CONCACAF Nations League
2023-03-27,Guatemala,French Guiana,1612.9262092988347,1536.2129862817737,1,176.71322301706095,4,0,CONCACAF Nations League
2023-03-27,Saint Lucia,Dominica,1314.5287100465107,1217.103122104939,1,197.42558794157162,3,1,CONCACAF Nations League
2023-03-27,Saint Vincent and the Grenadines,Bahamas,1228.0670068796326,1135.1569502448872,1,192.9100566347454,1,1,CONCACAF Nations League
2023-03-27,Poland,Albania,1838.1856551727076,1601.3838915458828,1,336.8017636268248,1,0,UEFA Euro qualification
2023-03-27,Niger,Algeria,1363.5294292019541,1813.5341790483153,0,-450.00474984636116,0,1,African Cup of Nations qualification
2023-03-27,Republic of Ireland,France,1735.5637414774865,2169.513235963333,1,-333.94949448584657,0,1,UEFA Euro qualification
2023-03-27,Netherlands,Gibraltar,2092.315280457395,1178.4184914649932,1,1013.896788992402,3,0,UEFA Euro qualification
2023-03-27,Chile,Paraguay,1771.6422523500612,1797.2126389303983,1,74.42961341966293,3,2,Friendly
2023-03-27,North Macedonia,Faroe Islands,1615.1024204997134,1343.1578087036378,1,371.9446117960756,1,0,Friendly
2023-03-27,Oman,Lebanon,1708.5773239544224,1440.110504804861,1,368.4668191495614,2,0,Friendly
2023-03-27,Guinea-Bissau,Nigeria,1520.6537495383604,1692.0420974696276,1,-71.38834793126716,0,1,African Cup of Nations qualification
2023-03-27,Greece,Lithuania,1740.7351046591793,1313.0675757074723,1,527.667528951707,0,0,Friendly
2023-03-27,Central African Republic,Madagascar,1428.0400196366302,1373.6009407165916,0,54.43907892003858,2,0,African Cup of Nations qualification
2023-03-27,Angola,Ghana,1506.9634803583865,1707.4373982593575,1,-100.47391790097095,1,1,African Cup of Nations qualification
2023-03-27,South Sudan,Congo,1295.8069891501061,1383.165751965851,0,-87.35876281574497,0,1,African Cup of Nations qualification
2023-03-27,Sudan,Gabon,1406.7515392544472,1602.2833081957726,1,-95.53176894132548,1,0,African Cup of Nations qualification
2023-03-27,Ethiopia,Guinea,1453.1947875727915,1531.292953185212,0,-78.09816561242042,2,3,African Cup of Nations qualification
2023-03-28,Gambia,Mali,1527.6927536019305,1751.2323976173707,0,-223.53964401544022,1,0,African Cup of Nations qualification
2023-03-28,Scotland,Spain,1787.3109458629642,2063.5384986862223,1,-176.22755282325807,2,0,UEFA Euro qualification
2023-03-28,Comoros,Ivory Coast,1380.4451476432619,1777.5837859704743,1,-297.13863832721245,0,2,African Cup of Nations qualification
2023-03-28,Mauritania,DR Congo,1474.7143063364022,1587.8191610931744,1,-13.104854756772284,1,1,African Cup of Nations qualification
2023-03-28,Botswana,Equatorial Guinea,1435.679757626397,1572.13130641823,1,-36.45154879183292,2,3,African Cup of Nations qualification
2023-03-28,Libya,Tunisia,1462.091109135689,1854.284744928049,1,-292.1936357923598,0,1,African Cup of Nations qualification
2023-03-28,Liberia,South Africa,1424.370629323495,1632.0460692084366,1,-107.67543988494162,1,2,African Cup of Nations qualification
2023-03-28,Mozambique,Senegal,1437.7944541739687,1860.5517479871894,1,-322.7572938132207,0,1,African Cup of Nations qualification
2023-03-28,Georgia,Norway,1694.732311538253,1778.8054571282219,1,15.926854410031183,1,1,UEFA Euro qualification
2023-03-28,Canada,Honduras,1832.0835629459266,1590.3556522108925,1,341.72791073503413,4,1,CONCACAF Nations League
2023-03-28,Kosovo,Andorra,1579.3094202165844,1163.6748461862992,1,515.6345740302852,1,1,UEFA Euro qualification
2023-03-28,Switzerland,Israel,1940.447195256921,1646.426569468244,1,394.0206257886771,3,0,UEFA Euro qualification
2023-03-28,Romania,Belarus,1678.9506034996677,1472.3952173744108,1,306.555386125257,2,1,UEFA Euro qualification
2023-03-28,Costa Rica,Panama,1853.9206647082638,1761.4842137511578,1,192.436450957106,0,1,CONCACAF Nations League
2023-03-28,Haiti,Bermuda,1689.6894767888634,1392.7097601742655,0,296.9797166145979,3,1,CONCACAF Nations League
2023-03-28,Guyana,Montserrat,1395.7759646594368,1277.8089736754343,0,117.96699098400245,0,0,CONCACAF Nations League
2023-03-28,Bonaire,Turks and Caicos Islands,1254.5135714896737,1094.1178296807639,1,260.39574180890986,1,2,CONCACAF Nations League
2023-03-28,United States Virgin Islands,Sint Maarten,978.7199756711036,1228.8610237296039,1,-150.14104805850025,1,2,CONCACAF Nations League
2023-03-28,Tanzania,Uganda,1456.1113337697802,1487.7010483086246,1,68.41028546115558,0,1,African Cup of Nations qualification
2023-03-28,Turkey,Croatia,1777.881757374102,1998.0902359393344,1,-120.20847856523233,0,2,UEFA Euro qualification
2023-03-28,Malawi,Egypt,1413.144646933105,1769.1779591435604,1,-256.0333122104555,0,4,African Cup of Nations qualification
2023-03-28,Wales,Latvia,1797.5331752017864,1412.1195141327403,1,485.41366106904616,1,0,UEFA Euro qualification
2023-03-28,Togo,Burkina Faso,1433.3307105459307,1717.1691141451515,1,-183.83840359922078,1,1,African Cup of Nations qualification
2023-03-28,Namibia,Cameroon,1518.2741982814468,1763.0095587125056,0,-244.73536043105878,2,1,African Cup of Nations qualification
2023-03-28,Armenia,Cyprus,1499.798377457247,1398.1078371434614,1,201.6905403137855,2,2,Friendly
2023-03-28,Australia,Ecuador,1884.7930342362772,1906.2369643424674,1,78.55606989380976,1,2,Friendly
2023-03-28,Bahrain,Syria,1619.6042110719295,1551.6051753273878,1,167.99903574454174,1,0,Friendly
2023-03-28,Bangladesh,Seychelles,1075.9132953196267,1064.7522767892826,1,111.16101853034411,0,1,Friendly
2023-03-28,Germany,Belgium,2029.1403483286654,2048.529718260036,1,80.61063006862923,2,3,Friendly
2023-03-28,India,Kyrgyzstan,1393.1136152909,1419.9875286409324,1,73.12608664996765,2,0,Tri Nation Tournament
2023-03-28,Indonesia,Burundi,1437.609974154897,1417.974173858198,1,119.63580029669902,2,2,Friendly
2023-03-28,Iran,Kenya,1868.4693630178529,1497.2784759440685,1,471.1908870737843,2,1,Friendly
2023-03-28,Japan,Colombia,1947.2007518036364,1987.7234231651205,1,59.47732863851593,1,2,Friendly
2023-03-28,Argentina,Curaçao,2203.770721178027,1507.0659829718875,1,796.7047382061396,7,0,Friendly
2023-03-28,Jordan,Philippines,1700.684903833914,1248.2679532566824,0,452.41695057723155,4,0,Friendly
2023-03-28,South Korea,Uruguay,1882.4648683313033,1978.923598730637,1,3.5412696006662827,1,2,Friendly
2023-03-28,Kuwait,Tajikistan,1443.8377363535271,1486.859727983024,1,56.978008370503176,2,1,Friendly
2023-03-28,Malaysia,Hong Kong,1414.9921307907368,1305.4997005053044,1,209.49243028543242,2,0,Friendly
2023-03-28,Morocco,Peru,1960.7275907871888,1917.945061111684,0,42.78252967550475,0,0,Friendly
2023-03-28,Nepal,Bhutan,1153.4339600340068,828.5720714474713,1,424.86188858653543,1,1,Tri Nation Tournament
2023-03-28,Saudi Arabia,Bolivia,1703.2398674165347,1672.819430926264,1,130.42043649027073,1,2,Friendly
2023-03-28,United Arab Emirates,Thailand,1577.0177163970593,1526.1576702275186,1,150.86004616954074,2,0,Friendly
2023-03-28,Uzbekistan,Venezuela,1700.7035483993784,1767.1496555710762,0,-66.4461071716978,1,1,Friendly
2023-03-28,Eswatini,Cape Verde,1405.4167494585217,1583.4334180153662,0,-178.01666855684448,0,1,African Cup of Nations qualification
2023-03-29,Rwanda,Benin,1414.575666728026,1491.1449123982668,1,23.43075432975911,1,1,African Cup of Nations qualification
2023-03-31,Nepal,Laos,1140.8265635213506,923.6815659248566,1,317.144997596494,2,1,Tri Nation Tournament
2023-04-19,United States,Mexico,1900.3319163774415,1904.0894402832657,1,96.2424760941758,1,1,Friendly
2023-06-07,Mexico,Guatemala,1906.7907779511868,1627.8642271826036,1,378.9265507685832,2,0,Friendly
2023-06-09,Luxembourg,Malta,1483.434008224782,1311.3417915905677,1,272.0922166342143,0,1,Friendly
2023-06-10,Panama,Nicaragua,1784.035514114397,1441.1614424850693,1,442.8740716293278,3,2,Friendly
2023-06-10,Mexico,Cameroon,1909.8341131020818,1730.8664315666229,0,178.96768153545895,2,2,Friendly
2023-06-11,Chile,Cuba,1779.532176517946,1475.8613830050429,1,403.6707935129032,3,0,Friendly
2023-06-11,Guatemala,Trinidad and Tobago,1624.8208920317086,1530.7302735663732,0,94.09061846533541,0,1,Friendly
2023-06-11,Tajikistan,Turkmenistan,1478.4851413096324,1391.8467202217696,0,86.63842108786275,1,1,CAFA Nations Cup
2023-06-11,Uzbekistan,Oman,1702.5930406873413,1711.7893088033372,1,90.80373188400404,3,0,CAFA Nations Cup
2023-06-11,Mauritius,Pakistan,1162.3303424271805,1072.2822304021456,1,190.04811202503492,3,0,Mauritius Four Nations Cup
2023-06-12,Germany,Ukraine,2016.8609430790389,1858.2610913707651,1,258.5998517082737,3,3,Friendly
2023-06-12,Morocco,Cape Verde,1959.5023968748815,1593.9975742925064,1,465.504822582375,0,0,Friendly
2023-06-13,Iran,Afghanistan,1869.7142837146948,1269.6871393536292,0,600.0271443610657,6,1,CAFA Nations Cup
2023-06-13,Curaçao,Costa Rica,1506.611992270379,1831.3693643450245,0,-324.75737207464545,0,0,Friendly
2023-06-14,Uzbekistan,Turkmenistan,1722.1345466551118,1395.5115510642804,1,426.62299559083135,2,0,CAFA Nations Cup
2023-06-14,Guinea-Bissau,São Tomé and Príncipe,1504.7063214617308,1181.7076606199034,1,422.99866084182736,1,0,African Cup of Nations qualification
2023-06-14,Mauritius,Djibouti,1175.5007488841125,1025.8152905916393,1,249.6854582924732,1,3,Mauritius Four Nations Cup
2023-06-14,Pakistan,Kenya,1059.1118239452137,1496.0335552472266,0,-436.92173130201286,0,1,Mauritius Four Nations Cup
2023-06-14,South Sudan,Gambia,1280.732401426538,1559.0369400669633,0,-278.30453864042533,2,3,African Cup of Nations qualification
2023-06-14,Oman,Tajikistan,1692.2478028355667,1474.8203104671215,0,217.4274923684452,1,1,CAFA Nations Cup
2023-06-14,Guinea,Egypt,1546.8714812767714,1783.154862488498,0,-236.2833812117267,1,2,African Cup of Nations qualification
2023-06-14,Uruguay,Nicaragua,1989.0255211335336,1439.712090387543,1,649.3134307459904,4,1,Friendly
2023-06-14,Togo,Lesotho,1443.025017822686,1328.8884954476882,0,114.13652237499787,2,0,Friendly
2023-06-14,Mozambique,Malawi,1432.3967220328177,1399.1677435881672,1,133.22897844465047,1,1,Friendly
2023-06-14,Malaysia,Solomon Islands,1421.9047617158503,1563.1967639095928,1,-41.29200219374252,4,1,Friendly
2023-06-14,Indonesia,Palestine,1434.2965140531946,1578.2402837079671,1,-43.943769654772495,0,0,Friendly
2023-06-14,DR Congo,Uganda,1587.0651425618198,1511.5889458713557,0,75.47619669046412,1,0,Friendly
2023-06-14,Netherlands,Croatia,2092.5190269488717,2018.1058597024994,1,174.41316724637227,2,4,UEFA Nations League
2023-06-15,Spain,Italy,2019.505122780516,2005.1760065088463,0,14.329116271669818,2,1,UEFA Nations League
2023-06-15,Vietnam,Hong Kong,1535.570143454412,1298.587069580191,1,336.98307387422096,1,0,Friendly
2023-06-15,Philippines,Nepal,1245.6856723151218,1144.98934211675,1,200.6963301983717,1,0,Friendly
2023-06-15,Jamaica,Qatar,1658.155076807415,1653.8220823046934,0,4.332994502721704,1,2,Friendly
2023-06-15,Honduras,Venezuela,1583.9141131465994,1765.2601632831133,0,-181.3460501365139,0,1,Friendly
2023-06-15,Japan,El Salvador,1935.5053857889693,1584.2695682145732,1,451.23581757439615,6,0,Friendly
2023-06-15,Cambodia,Bangladesh,1080.36413321437,1062.818704166605,1,117.54542904776508,0,1,Friendly
2023-06-15,Argentina,Australia,2204.2247118795353,1872.5697665269042,0,331.6549453526311,2,0,Friendly
2023-06-15,United States,Mexico,1897.6305787095205,1905.0949391388338,1,92.53563957068673,3,0,CONCACAF Nations League
2023-06-15,Panama,Canada,1785.4848662119234,1838.5251020102196,0,-53.04023579829618,0,2,CONCACAF Nations League
2023-06-15,Costa Rica,Guatemala,1824.041463256153,1612.177065722433,0,211.86439753371997,0,1,Friendly
2023-06-16,Kyrgyzstan,Iran,1402.1544776596986,1871.553210960367,1,-369.3987333006685,1,5,CAFA Nations Cup
2023-06-16,North Macedonia,Ukraine,1617.2057647334975,1864.5785136351803,1,-147.37274890168283,2,3,UEFA Euro qualification
2023-06-16,Wales,Armenia,1799.838568686714,1494.5680025472914,1,405.2705661394227,2,4,UEFA Euro qualification
2023-06-16,Latvia,Turkey,1409.8141206478126,1757.8661336109371,1,-248.05201296312453,2,3,UEFA Euro qualification
2023-06-16,Finland,Slovenia,1723.2083283259153,1719.6192137087976,1,103.58911461711773,2,0,UEFA Euro qualification
2023-06-16,San Marino,Kazakhstan,873.0417830613319,1466.5497560033132,0,-593.5079729419813,0,3,UEFA Euro qualification
2023-06-16,Andorra,Switzerland,1181.7195704724963,1947.012779522916,1,-665.2932090504196,1,2,UEFA Euro qualification
2023-06-16,Belarus,Israel,1466.5469838402203,1639.8609852022491,0,-173.31400136202888,1,2,UEFA Euro qualification
2023-06-16,Kosovo,Romania,1561.2646959303872,1684.7988370338583,1,-23.53414110347103,0,0,UEFA Euro qualification
2023-06-16,Malta,England,1327.8868693906848,2083.6983606973076,1,-655.8114913066229,0,4,UEFA Euro qualification
2023-06-16,Denmark,Northern Ireland,1899.414193888702,1595.970998252401,1,403.44319563630097,1,0,UEFA Euro qualification
2023-06-16,Greece,Republic of Ireland,1731.65031024802,1730.4598312265794,1,101.19047902144075,2,1,UEFA Euro qualification
2023-06-16,Serbia,Jordan,1911.1731272373686,1703.2671847754746,0,207.90594246189403,3,2,Friendly
2023-06-16,Sweden,New Zealand,1821.0837984095733,1716.0581770431156,1,205.0256213664577,4,1,Friendly
2023-06-16,Gibraltar,France,1178.2147449735166,2174.61714621424,0,-996.4024012407235,0,3,UEFA Euro qualification
2023-06-16,Antigua and Barbuda,Guadeloupe,1359.8936626072991,1386.9602230704727,0,-27.066560463173573,0,5,Gold Cup qualification
2023-06-16,Martinique,Saint Lucia,1525.9368496593677,1325.4622927076127,0,200.47455695175495,3,1,Gold Cup qualification
2023-06-16,Chile,Dominican Republic,1782.6533986631853,1387.109346339584,1,495.54405232360136,5,0,Friendly
2023-06-16,China,Myanmar,1599.993347686571,1094.4704619151203,1,605.5228857714508,4,0,Friendly
2023-06-16,Curaçao,Saint Kitts and Nevis,1513.9398933592504,1387.6865230895198,0,126.25337026973057,1,1,Gold Cup qualification
2023-06-16,Colombia,Iraq,1999.4187891797876,1723.660989058773,0,275.7578001210145,1,0,Friendly
2023-06-16,South Korea,Peru,1872.3629459284066,1919.1702550239913,1,53.19269090441526,0,1,Friendly
2023-06-16,Poland,Germany,1843.2169031616409,2010.5435208146237,1,-67.3266176529828,1,0,Friendly
2023-06-16,Singapore,Papua New Guinea,1294.9410847577965,1541.2903085185249,1,-146.34922376072836,2,2,Friendly
2023-06-16,Taiwan,Thailand,1098.8359649840393,1517.290176482931,1,-318.4542114988917,2,2,Friendly
2023-06-17,Uzbekistan,Tajikistan,1725.6901124992323,1483.1476804287634,1,342.542432070469,5,1,CAFA Nations Cup
2023-06-17,Portugal,Bosnia and Herzegovina,2057.8035102383824,1659.27258143252,1,498.53092880586246,3,0,UEFA Euro qualification
2023-06-17,Ticino,Raetia,1500.0,1317.9784749221521,1,282.02152507784785,1,8,CONIFA World Football Cup qualification
2023-06-17,Turkmenistan,Oman,1391.9559852201598,1683.920432873925,0,-291.9644476537651,0,2,CAFA Nations Cup
2023-06-17,Djibouti,Pakistan,1062.1769544125339,1056.8676819696211,0,5.309272442912743,3,1,Mauritius Four Nations Cup
2023-06-17,Benin,Senegal,1492.4916539813335,1865.9494801283404,1,-273.4578261470069,1,1,African Cup of Nations qualification
2023-06-17,Zambia,Ivory Coast,1583.6493809466417,1786.7699713087122,1,-103.12059036207052,3,0,African Cup of Nations qualification
2023-06-17,Lesotho,Comoros,1318.6462329015662,1371.258962305024,0,-52.612729403457706,0,1,African Cup of Nations qualification
2023-06-17,Equatorial Guinea,Tunisia,1590.0406518395814,1860.5579682391603,1,-170.51731639957893,1,0,African Cup of Nations qualification
2023-06-17,Botswana,Libya,1417.7704122050457,1455.8178858245776,1,61.95252638046804,1,0,African Cup of Nations qualification
2023-06-17,Iceland,Slovakia,1586.6694016670858,1671.9755605988883,1,14.693841068197571,1,2,UEFA Euro qualification
2023-06-17,Central African Republic,Angola,1453.3774665043338,1512.591210830018,0,-59.213744325684274,1,2,African Cup of Nations qualification
2023-06-17,Luxembourg,Liechtenstein,1466.888930424665,1057.58437571171,1,509.304554712955,2,0,UEFA Euro qualification
2023-06-17,South Africa,Morocco,1646.038876980266,1950.7860813851466,1,-204.74720440488068,2,1,African Cup of Nations qualification
2023-06-17,Lithuania,Bulgaria,1322.1523701186316,1550.3081414233804,1,-128.1557713047489,1,1,UEFA Euro qualification
2023-06-17,Montenegro,Hungary,1592.99811454548,1854.9871527347095,1,-161.98903818922963,0,0,UEFA Euro qualification
2023-06-17,Guyana,Grenada,1390.8700143473827,1270.2524858532913,0,120.6175284940914,1,1,Gold Cup qualification
2023-06-17,French Guiana,Sint Maarten,1521.2749683980048,1237.7543925161335,0,283.5205758818713,4,1,Gold Cup qualification
2023-06-17,Brazil,Guinea,2183.7247995917105,1538.702886410956,0,645.0219131807546,4,1,Friendly
2023-06-17,Ecuador,Bolivia,1918.4602320518404,1686.4063181277463,0,232.0539139240941,1,0,Friendly
2023-06-17,Suriname,Puerto Rico,1486.7749076003527,1318.9007457777948,0,167.87416182255788,0,0,Gold Cup qualification
2023-06-17,Cyprus,Georgia,1403.338212053417,1693.8161297685674,1,-190.4779177151504,1,2,UEFA Euro qualification
2023-06-17,Faroe Islands,Czech Republic,1341.0544644698537,1838.2032464217132,1,-397.1487819518595,0,3,UEFA Euro qualification
2023-06-17,Albania,Moldova,1596.3526435569495,1289.6991300051316,1,406.6535135518179,2,0,UEFA Euro qualification
2023-06-17,Azerbaijan,Estonia,1443.2510248497765,1509.3265531990721,1,33.92447165070439,1,1,UEFA Euro qualification
2023-06-17,Belgium,Austria,2060.8091235096626,1798.860898397411,1,361.94822511225175,1,1,UEFA Euro qualification
2023-06-17,Norway,Scotland,1779.7216388979075,1831.3443217686704,1,48.3773171292371,1,2,UEFA Euro qualification
2023-06-18,Cape Verde,Burkina Faso,1602.7138897822413,1707.4748068683962,1,-4.760917086154905,3,1,African Cup of Nations qualification
2023-06-18,Rwanda,Mozambique,1413.2289251449592,1428.7396038696106,1,84.48932127534863,0,2,African Cup of Nations qualification
2023-06-18,Gabon,DR Congo,1576.9185799571767,1594.9263032177928,1,81.9922767393839,0,2,African Cup of Nations qualification
2023-06-18,Congo,Mali,1398.2403396894192,1719.8882111523378,1,-221.6478714629186,0,2,African Cup of Nations qualification
2023-06-18,Uganda,Algeria,1503.7277852153827,1816.3244395715349,0,-312.59665435615216,1,2,African Cup of Nations qualification
2023-06-18,Tanzania,Niger,1432.2234362070492,1360.7391686787346,1,171.4842675283146,1,0,African Cup of Nations qualification
2023-06-18,Madagascar,Ghana,1348.263493848888,1701.8096677877259,1,-253.5461739388379,0,0,African Cup of Nations qualification
2023-06-18,Eswatini,Togo,1394.8525931813815,1453.267280368808,0,-58.41468718742658,0,2,African Cup of Nations qualification
2023-06-18,Sierra Leone,Nigeria,1465.547910961236,1707.9895255462573,0,-242.44161458502117,2,3,African Cup of Nations qualification
2023-06-18,Netherlands,Italy,2059.5860079016184,1990.7942936697054,1,168.79171423191292,2,3,UEFA Nations League
2023-06-18,Croatia,Spain,2051.0388787497527,2033.886835619657,0,17.152043130095763,0,0,UEFA Nations League
2023-06-18,Singapore,Solomon Islands,1298.9207202353373,1543.626662477472,1,-144.70594224213482,1,1,Friendly
2023-06-18,Paraguay,Nicaragua,1789.3227147625134,1438.898199661999,1,450.42451510051455,2,0,Friendly
2023-06-18,Guatemala,Venezuela,1627.616891772892,1770.4680816626603,0,-142.85118988976842,0,1,Friendly
2023-06-18,Egypt,South Sudan,1791.3234573543136,1274.0245880164302,1,617.2988693378834,3,0,Friendly
2023-06-18,United States,Canada,1917.0499356478326,1857.6166432260195,1,159.43329242181312,2,0,CONCACAF Nations League
2023-06-18,Panama,Mexico,1766.3933249961235,1885.6755822005216,0,-119.28225720439809,0,1,CONCACAF Nations League
2023-06-18,Mauritius,Kenya,1139.1390850632179,1498.2776972228191,1,-259.1386121596013,1,0,Mauritius Four Nations Cup
2023-06-19,Turkey,Wales,1765.6031640575295,1745.144524420386,1,120.4586396371435,2,0,UEFA Euro qualification
2023-06-19,Israel,Andorra,1650.6369321428235,1180.869417559029,1,569.7675145837945,2,1,UEFA Euro qualification
2023-06-19,Switzerland,Romania,1947.8629324363833,1683.446171133999,1,364.4167613023842,2,2,UEFA Euro qualification
2023-06-19,Belarus,Kosovo,1455.7710368996459,1562.6173618302464,0,-106.84632493060053,2,1,UEFA Euro qualification
2023-06-19,Slovenia,Denmark,1698.3078691651351,1902.9855639144341,1,-104.67769474929901,1,1,UEFA Euro qualification
2023-06-19,Northern Ireland,Kazakhstan,1592.3996282266687,1468.774605105683,1,223.62502312098582,0,1,UEFA Euro qualification
2023-06-19,Finland,San Marino,1744.5196728695778,870.8169339589622,1,973.7027389106156,6,0,UEFA Euro qualification
2023-06-19,Armenia,Latvia,1549.2620468136195,1402.0770902012202,1,247.18495661239922,2,1,UEFA Euro qualification
2023-06-19,Hong Kong,Thailand,1296.0737400129515,1510.0473983344623,1,-113.97365832151081,0,1,Friendly
2023-06-19,Ukraine,Malta,1876.569713318141,1326.205414918339,0,550.364298399802,1,0,UEFA Euro qualification
2023-06-19,France,Greece,2174.8424104248097,1745.984619281412,1,528.8577911433977,1,0,UEFA Euro qualification
2023-06-19,Republic of Ireland,Gibraltar,1716.1255221931874,1177.9894807629469,1,638.1360414302405,3,0,UEFA Euro qualification
2023-06-19,Philippines,Taiwan,1250.476115837712,1106.078743132508,1,244.39737270520413,2,3,Friendly
2023-06-19,Macau,Myanmar,951.9259231090023,1093.35585967267,0,-141.42993656366775,0,2,Friendly
2023-06-19,Jamaica,Jordan,1648.0303696659082,1698.6262954330368,0,-50.59592576712862,1,2,Friendly
2023-06-19,Indonesia,Argentina,1435.5546158252628,2208.096971664647,1,-672.5423558393841,0,2,Friendly
2023-06-19,England,North Macedonia,2085.3798151696533,1605.2145650505367,1,580.1652501191165,7,0,UEFA Euro qualification
2023-06-20,Faroe Islands,Albania,1334.5952375837019,1601.6202205364377,1,-167.02498295273585,1,3,UEFA Euro qualification
2023-06-20,Moldova,Poland,1284.4315530256433,1855.130822033738,1,-470.6992690080947,3,2,UEFA Euro qualification
2023-06-20,Austria,Sweden,1814.4326253898412,1829.3092260998196,1,85.12339929002155,2,0,UEFA Euro qualification
2023-06-20,Estonia,Belgium,1511.2732201531076,2045.2373965172324,1,-433.9641763641248,0,3,UEFA Euro qualification
2023-06-20,Hungary,Lithuania,1846.2839953225432,1329.2122877249324,1,617.0717075976108,2,0,UEFA Euro qualification
2023-06-20,Bulgaria,Serbia,1543.2482238170796,1915.8140165798063,1,-272.5657927627267,1,1,UEFA Euro qualification
2023-06-20,Iceland,Portugal,1565.8240601248378,2061.560276728181,1,-395.73621660334334,0,1,UEFA Euro qualification
2023-06-20,Uzbekistan,Iran,1732.5634219611852,1877.546894643305,1,-44.98347268211978,0,1,CAFA Nations Cup
2023-06-20,Liechtenstein,Slovakia,1054.548127987275,1692.8209021411362,1,-538.2727741538613,0,1,UEFA Euro qualification
2023-06-20,Kyrgyzstan,Oman,1396.1607939767607,1690.9856633098127,0,-294.824869333052,0,1,CAFA Nations Cup
2023-06-20,Burundi,Namibia,1421.2876339599002,1550.4173254273296,0,-129.12969146742944,3,2,African Cup of Nations qualification
2023-06-20,Ethiopia,Malawi,1437.616259481232,1402.8248617513743,0,34.791397729857636,0,0,African Cup of Nations qualification
2023-06-20,Sudan,Mauritania,1432.116267493043,1475.4683248677568,0,-43.352057374713695,0,3,African Cup of Nations qualification
2023-06-20,Norway,Cyprus,1756.9546756373586,1393.3222041173933,1,463.6324715199653,3,1,UEFA Euro qualification
2023-06-20,Bosnia and Herzegovina,Luxembourg,1655.515814942721,1469.9251781491,1,285.5906367936209,0,2,UEFA Euro qualification
2023-06-20,Scotland,Georgia,1854.1112850292193,1703.832137704591,1,250.27914732462818,2,0,UEFA Euro qualification
2023-06-20,Martinique,Puerto Rico,1540.3221372492822,1327.8764915837037,0,212.44564566557847,2,0,Gold Cup qualification
2023-06-20,Uruguay,Cuba,1989.8394118590777,1472.7401608598036,1,617.0992509992741,2,0,Friendly
2023-06-20,Montenegro,Czech Republic,1601.7012719576462,1844.662473307865,1,-142.96120135021874,1,4,Friendly
2023-06-20,Malaysia,Papua New Guinea,1441.474863147971,1537.310673040984,1,4.164190106987007,10,0,Friendly
2023-06-20,South Korea,El Salvador,1860.843788329723,1581.3244006737925,1,379.5193876559306,1,1,Friendly
2023-06-20,Japan,Peru,1938.45055332975,1930.6894126226748,1,107.76114070707513,4,1,Friendly
2023-06-20,Haiti,Trinidad and Tobago,1696.584455331564,1543.3740998756487,0,153.2103554559153,0,0,Friendly
2023-06-20,Germany,Colombia,1998.6296019425265,2002.813819041833,1,95.8157829006932,0,2,Friendly
2023-06-20,Ecuador,Costa Rica,1922.624231956423,1808.6016372056943,0,114.02259475072879,3,1,Friendly
2023-06-20,China,Palestine,1601.1079499290213,1576.982181935899,1,124.12576799312228,2,0,Friendly
2023-06-20,Brazil,Senegal,2184.5585621188584,1852.814504588407,0,331.7440575304513,2,4,Friendly
2023-06-20,Bolivia,Chile,1682.2423182231637,1784.8353211438632,1,-2.5930029206995187,0,0,Friendly
2023-06-20,Algeria,Tunisia,1822.0011559128625,1831.4611309725767,1,90.54002494028578,1,1,Friendly
2023-06-20,Saint Kitts and Nevis,French Guiana,1394.6503907377935,1532.7232037442814,0,-138.07281300648788,1,1,Gold Cup qualification
2023-06-20,Vietnam,Syria,1538.0834730216513,1546.0959180277482,1,91.98755499390313,1,0,Friendly
2023-06-20,Guadeloupe,Guyana,1423.8503588556398,1384.1928330699561,0,39.657525785683674,2,0,Gold Cup qualification
2023-06-21,India,Pakistan,1410.9466662721338,1034.7114847843254,1,476.2351814878084,4,0,SAFF Cup
2023-06-21,Kuwait,Nepal,1452.2123230269187,1140.1988985941598,0,312.01342443275894,3,1,SAFF Cup
2023-06-22,Lebanon,Bangladesh,1436.898519955946,1076.0784978124645,0,360.82002214348154,2,0,SAFF Cup
2023-06-22,Maldives,Bhutan,1137.3273662719762,841.1794679601275,0,296.14789831184873,2,0,SAFF Cup
2023-06-24,Pakistan,Kuwait,1031.3042830089933,1458.6170491840494,0,-427.31276617505614,0,4,SAFF Cup
2023-06-24,India,Nepal,1414.353868047466,1133.7941724370291,1,380.55969561043685,2,0,SAFF Cup
2023-06-24,United States,Jamaica,1929.8934811204304,1639.4764296200512,1,390.4170515003791,1,1,Gold Cup
2023-06-25,Trinidad and Tobago,Saint Kitts and Nevis,1547.5186215585672,1402.2049271962153,0,145.31369436235195,3,0,Gold Cup
2023-06-25,Bangladesh,Maldives,1071.067845537747,1144.2503480167686,0,-73.18250247902165,3,1,SAFF Cup
2023-06-25,Bhutan,Lebanon,834.256486215335,1441.9091722306637,0,-607.6526860153286,1,4,SAFF Cup
2023-06-25,Haiti,Qatar,1692.4399336486454,1663.9467894462002,0,28.493144202445137,2,1,Gold Cup
2023-06-25,Mexico,Honduras,1895.7189845061193,1578.7061947670525,0,317.0127897390669,4,0,Gold Cup
2023-06-26,El Salvador,Martinique,1589.301723605729,1553.967354044093,0,35.33436956163587,1,2,Gold Cup
2023-06-26,Costa Rica,Panama,1798.3549503882289,1756.349922690526,0,42.00502769770287,1,2,Gold Cup
2023-06-27,Canada,Guadeloupe,1844.7730977534218,1450.4408471926029,1,494.3322505608189,2,2,Gold Cup
2023-06-27,Guatemala,Cuba,1621.5114531781537,1471.9043616576625,0,149.60709152049117,1,0,Gold Cup
2023-06-27,Nepal,Pakistan,1129.2675880823565,1026.876051532327,0,102.39153655002951,1,0,SAFF Cup
2023-06-27,India,Kuwait,1418.8804524021386,1463.0452806607157,1,55.83517174142298,1,1,SAFF Cup
2023-06-28,Jamaica,Trinidad and Tobago,1659.6978226943756,1573.9675913660435,0,85.73023132833214,4,1,Gold Cup
2023-06-28,United States,Saint Kitts and Nevis,1909.672088046106,1375.755957388739,1,633.9161306573669,6,0,Gold Cup
2023-06-28,Lebanon,Maldives,1443.4511594301737,1117.0799027997903,0,326.3712566303834,1,0,SAFF Cup
2023-06-28,Bhutan,Bangladesh,832.7144990158249,1098.2382907547253,0,-265.5237917389004,1,3,SAFF Cup
2023-06-29,Qatar,Honduras,1640.9924519209874,1565.688982811001,0,75.30346910998628,1,1,Gold Cup
2023-06-29,Haiti,Mexico,1715.3942711738582,1908.7361964621707,0,-193.3419252883125,1,3,Gold Cup
2023-06-30,Székely Land,Chameria,1445.8362831448462,1550.365062486897,1,-4.528779342050711,3,2,CONIFA World Football Cup qualification
2023-06-30,Martinique,Panama,1581.50113670172,1784.35778648781,0,-202.85664978608997,1,2,Gold Cup
2023-06-30,El Salvador,Costa Rica,1561.767940948102,1770.3470865909449,0,-208.57914564284283,0,0,Gold Cup
2023-07-01,Guatemala,Canada,1636.365807947378,1822.5185445666882,0,-186.1527366193102,0,0,Gold Cup
2023-07-01,Kuwait,Bangladesh,1465.435338456944,1106.2580336718634,0,359.17730478508065,1,0,SAFF Cup
2023-07-01,Cuba,Guadeloupe,1457.0500068884382,1472.6954003793364,0,-15.645393490898186,1,4,Gold Cup
2023-07-01,Chameria,Two Sicilies,1530.1043797556918,1457.3219761311132,0,72.78240362457859,3,1,CONIFA World Football Cup qualification
2023-07-01,India,Lebanon,1416.4903946059103,1447.4271557211716,1,69.06323888473867,0,0,SAFF Cup
2023-07-02,Székely Land,Two Sicilies,1466.0969658760514,1433.5161697767514,1,132.58079609929996,7,0,CONIFA World Football Cup qualification
2023-07-02,United States,Trinidad and Tobago,1912.3660115595421,1540.7990778307992,1,471.5669337287429,6,0,Gold Cup
2023-07-02,Jamaica,Saint Kitts and Nevis,1692.86633622962,1373.0620338753029,0,319.8043023543171,5,0,Gold Cup
2023-07-02,Honduras,Haiti,1571.0242197320144,1696.8453893093904,0,-125.82116957737594,2,1,Gold Cup
2023-07-02,Mexico,Qatar,1927.2850783266385,1635.657214999974,0,291.6278633266645,0,1,Gold Cup
2023-07-04,Guadeloupe,Guatemala,1514.4766219852936,1648.610683812524,0,-134.13406182723043,2,3,Gold Cup
2023-07-04,India,Kuwait,1413.5473563988528,1468.8039473490592,1,44.74340904979363,1,1,SAFF Cup
2023-07-04,Costa Rica,Martinique,1756.914817192958,1569.6379206042016,0,187.27689658875647,6,4,Gold Cup
2023-07-04,Panama,El Salvador,1796.2210025853285,1575.2002103460889,0,221.02079223923965,2,2,Gold Cup
2023-07-04,Canada,Cuba,1810.2736687015422,1415.268785282481,0,395.0048834190611,4,2,Gold Cup
2023-07-05,South Africa,Namibia,1676.6268578886913,1523.308378947704,1,253.31847894098723,1,1,COSAFA Cup
2023-07-05,Eswatini,Botswana,1369.8495267368721,1434.2414609855568,0,-64.39193424868472,0,1,COSAFA Cup
2023-07-06,Seychelles,Comoros,1077.8468679423045,1388.253270139314,0,-310.4064021970096,0,3,COSAFA Cup
2023-07-06,Zambia,Malawi,1628.742889562572,1404.82094809498,0,223.92194146759198,0,1,COSAFA Cup
2023-07-07,Mauritius,Lesotho,1163.6291818398604,1301.6519250672761,0,-138.02274322741573,0,2,COSAFA Cup
2023-07-07,Mozambique,Angola,1465.894512659967,1529.2152177101286,0,-63.32070505016168,1,1,COSAFA Cup
2023-07-08,Panama,Qatar,1782.1642092907089,1677.7941283614034,0,104.37008092930546,4,0,Gold Cup
2023-07-08,Mexico,Costa Rica,1885.1481649652092,1775.9554230241613,0,109.19274194104787,2,0,Gold Cup
2023-07-08,South Africa,Botswana,1667.2890569908056,1446.4928367304312,1,320.7962202603744,2,1,COSAFA Cup
2023-07-08,Namibia,Eswatini,1532.6461798455898,1357.5981509919977,0,175.0480288535921,1,2,COSAFA Cup
2023-07-09,Åland Islands,Isle of Wight,1537.079041733445,1622.9462481994992,0,-85.86720646605431,0,2,Island Games
2023-07-09,Zambia,Comoros,1605.2235617224044,1395.784932277156,0,209.43862944524835,2,1,COSAFA Cup
2023-07-09,Menorca,Saint Helena,1609.3065474017071,1425.6440729636543,0,183.66247443805287,5,0,Island Games
2023-07-09,Jersey,Gozo,1785.4077873345702,1435.471991996521,0,349.9357953380493,1,0,Island Games
2023-07-09,Orkney,Greenland,1359.6921597590238,1523.6839628674334,0,-163.9918031084096,2,2,Island Games
2023-07-09,United States,Canada,1918.9662400849443,1817.2721879462035,1,201.69405213874074,2,2,Gold Cup
2023-07-09,Isle of Man,Falkland Islands,1721.6195806352487,1222.6887482533587,0,498.93083238189,3,0,Island Games
2023-07-09,Guernsey,Western Isles,1757.2430241549796,1398.8572165640946,1,458.38580759088495,1,0,Island Games
2023-07-09,Malawi,Seychelles,1428.3402759351475,1070.3152058044625,0,358.025070130685,2,0,COSAFA Cup
2023-07-09,Guatemala,Jamaica,1664.4115265265211,1706.5603337677267,0,-42.14880724120553,0,1,Gold Cup
2023-07-09,Ynys Môn,Shetland,1586.9261948255769,1458.0417543673993,0,128.88444045817755,2,0,Island Games
2023-07-10,Jersey,Menorca,1788.9387896877452,1624.7767111866083,0,164.16207850113688,4,0,Island Games
2023-07-10,Gozo,Saint Helena,1431.940989643346,1410.173909178753,0,21.767080464592937,3,0,Island Games
2023-07-10,Angola,Mauritius,1526.5113143471724,1149.625255311208,0,376.8860590359643,0,1,COSAFA Cup
2023-07-10,Greenland,Frøya,1517.0866781179086,1241.1378423973763,0,275.9488357205323,2,0,Island Games
2023-07-10,Mozambique,Lesotho,1468.5984160229232,1315.6558515959284,0,152.94256442699475,0,1,COSAFA Cup
2023-07-10,Falkland Islands,Ynys Môn,1219.8773051262197,1601.442509381669,0,-381.5652042554493,1,5,Island Games
2023-07-10,Western Isles,Isle of Wight,1396.8565136286616,1639.9959900376123,0,-243.1394764089507,0,1,Island Games
2023-07-10,Shetland,Isle of Man,1443.5254398113073,1724.4310237623877,0,-280.9055839510804,3,2,Island Games
2023-07-10,Guernsey,Åland Islands,1759.2437270904127,1520.0292998953319,1,339.2144271950808,4,1,Island Games
2023-07-11,Seychelles,Zambia,1065.232464217198,1612.1378403453605,0,-546.9053761281625,2,4,COSAFA Cup
2023-07-11,South Africa,Eswatini,1671.3770529030949,1379.5749947662011,1,391.8020581368937,2,1,COSAFA Cup
2023-07-11,Namibia,Botswana,1510.6693360713864,1442.404840818142,0,68.26449525324438,0,0,COSAFA Cup
2023-07-11,Saint Helena,Jersey,1385.566341542737,1804.6827656978903,0,-419.11642415515325,0,5,Island Games
2023-07-11,Menorca,Gozo,1609.0327351764631,1456.548557279362,0,152.48417789710106,0,1,Island Games
2023-07-11,Malawi,Comoros,1433.423017522412,1388.8706536542,0,44.55236386821207,2,0,COSAFA Cup
2023-07-11,Isle of Man,Ynys Môn,1699.399501055483,1607.0713514612999,0,92.32814959418306,1,2,Island Games
2023-07-11,Falkland Islands,Shetland,1214.2484630465888,1468.556962518212,0,-254.30849947162324,1,4,Island Games
2023-07-11,Åland Islands,Western Isles,1513.5055476879909,1390.920236948693,0,122.58531073929794,0,2,Island Games
2023-07-11,Frøya,Orkney,1233.505997032894,1366.2894445085485,0,-132.7834474756546,2,3,Island Games
2023-07-11,Guernsey,Isle of Wight,1765.7674792977537,1645.932266717581,1,219.83521258017277,1,2,Island Games
2023-07-12,Angola,Lesotho,1499.586920920151,1336.8630555145871,0,162.72386540556386,4,2,COSAFA Cup
2023-07-12,Mauritius,Mozambique,1176.5496487382295,1447.3912121042645,0,-270.84156336603496,0,1,COSAFA Cup
2023-07-12,United States,Panama,1905.8901192445342,1815.3667205572733,1,190.52339868726085,1,1,Gold Cup
2023-07-12,Jamaica,Mexico,1728.5422744699954,1911.235882150021,0,-182.6936076800257,0,3,Gold Cup
2023-07-13,Isle of Wight,Jersey,1669.331272251275,1809.6156535420346,0,-140.28438129075948,2,3,Island Games
2023-07-13,Frøya,Saint Helena,1223.9750039542878,1380.6334536985928,0,-156.65844974430502,4,2,Island Games
2023-07-13,Åland Islands,Falkland Islands,1483.3807037057325,1204.3853457852192,0,278.99535792051324,1,1,Island Games
2023-07-13,Western Isles,Menorca,1421.0450809309514,1587.8419414483626,0,-166.79686051741123,2,1,Island Games
2023-07-13,Orkney,Isle of Man,1375.8204375871546,1680.5046292414056,0,-304.684191654251,0,1,Island Games
2023-07-13,Shetland,Greenland,1478.4200797795816,1524.718523482391,0,-46.298443702809436,5,1,Island Games
2023-07-13,Guernsey,Gozo,1742.3684737640594,1477.7393510074626,1,364.62912275659687,1,0,Island Games
2023-07-14,South Africa,Zambia,1674.2236091620016,1613.990070348119,1,160.23353881388266,1,2,COSAFA Cup
2023-07-14,Malawi,Lesotho,1453.0535082666981,1324.1926483425816,0,128.86085992411654,1,1,COSAFA Cup
2023-07-14,Ynys Môn,Jersey,1625.9662232753772,1818.8680905731449,0,-192.9018672977677,2,5,Island Games
2023-07-16,Kernow,Sápmi,1585.501083988792,1497.3444029277032,1,188.15668106108888,2,1,CONIFA World Football Cup qualification
2023-07-16,Mexico,Panama,1933.8900474733373,1827.8491675582322,0,106.04087991510505,1,0,Gold Cup
2023-07-16,South Africa,Malawi,1652.7578150004983,1447.731941201337,1,305.02587379916145,0,0,COSAFA Cup
2023-07-16,Lesotho,Zambia,1329.5142154079429,1635.4558645096222,0,-305.94164910167933,0,1,COSAFA Cup
2023-08-02,Ethiopia,Guyana,1435.6201731376264,1357.602344732993,0,78.01782840463329,2,0,Friendly
2023-08-04,Tamil Eelam,Hmong,1484.0482296655503,1500.0,0,-15.951770334449748,3,0,CONIFA Asia Cup
2023-08-05,Hmong,Tibet,1472.5456328966864,1307.8175212791934,0,164.7281116174929,5,4,CONIFA Asia Cup
2023-08-06,Tibet,Tamil Eelam,1299.4404218213433,1511.502596768864,0,-212.0621749475206,1,3,CONIFA Asia Cup
2023-08-06,Raetia,Ticino,1393.1527643089184,1424.8257106132337,1,68.32705369568475,5,1,Friendly
2023-08-08,Tamil Eelam,Hmong,1521.753972979212,1480.9227323545365,0,40.8312406246755,3,1,CONIFA Asia Cup
2023-08-24,Comoros,Mayotte,1369.2401629099138,1451.7641798411778,0,-82.52401693126399,0,0,Indian Ocean Island Games
2023-08-24,Madagascar,Seychelles,1360.7219195082153,1063.3802342144395,1,397.34168529377575,1,0,Indian Ocean Island Games
2023-08-26,Madagascar,Mauritius,1363.4873705475986,1171.3363280607546,1,292.15104248684406,1,1,Indian Ocean Island Games
2023-08-26,Réunion,Mayotte,1614.505396245194,1448.2668554228835,0,166.2385408223106,0,0,Indian Ocean Island Games
2023-08-27,Bolivia,Panama,1682.3169494608997,1810.251002006256,1,-27.93405254535628,1,2,Friendly
2023-08-28,Tahiti,Cook Islands,1478.7354566329143,1214.1170238323682,1,364.6184328005461,9,1,Friendly
2023-08-28,Comoros,Réunion,1372.737487328208,1607.830098646698,0,-235.09261131848984,1,1,Indian Ocean Island Games
2023-08-28,Mauritius,Seychelles,1181.63043782921,1060.6147831750561,0,121.01565465415388,1,0,Indian Ocean Island Games
2023-08-31,Tahiti,Cook Islands,1483.922578858114,1208.9299016071684,1,374.9926772509457,3,0,Friendly
2023-08-31,Madagascar,Comoros,1353.1932607791432,1381.5775548373213,1,71.61570594182194,4,2,Indian Ocean Island Games
2023-08-31,Réunion,Mauritius,1598.9900311375848,1191.6072850914875,0,407.3827460460973,2,1,Indian Ocean Island Games
2023-09-02,Comoros,Mauritius,1363.6508155957931,1188.9835646330077,0,174.66725096278537,0,2,Indian Ocean Island Games
2023-09-02,Madagascar,Réunion,1371.1200000206713,1601.6137515960645,1,-130.49375157539316,1,0,Indian Ocean Island Games
2023-09-03,Guatemala,Honduras,1642.4295858242524,1604.7017135656652,0,37.72787225858724,0,0,Friendly
2023-09-03,Bangladesh,Afghanistan,1102.8894247797482,1267.848212107957,1,-64.9587873282087,0,0,Friendly
2023-09-04,Mozambique,Benin,1452.6045327817394,1505.6266295212668,1,46.97790326047266,3,2,African Cup of Nations qualification
2023-09-06,Syria,Malaysia,1538.6833547597407,1467.410258769622,0,71.27309599011869,2,2,Friendly
2023-09-06,Oman,Palestine,1695.6308054414403,1567.1241917225848,1,228.50661371885553,2,1,Friendly
2023-09-06,Libya,Equatorial Guinea,1439.3468370440664,1619.137489106165,1,-79.79065206209862,1,1,African Cup of Nations qualification
2023-09-06,Macau,Bhutan,942.7156289195177,824.6947560986868,1,218.02087282083096,0,1,Friendly
2023-09-06,Malta,Gibraltar,1324.590135577966,1176.2561999553204,1,248.33393562264564,1,0,Friendly
2023-09-07,Angola,Madagascar,1512.2573280921565,1391.5030886451734,1,220.7542394469831,0,0,African Cup of Nations qualification
2023-09-07,Algeria,Tanzania,1819.4526348870656,1443.0825081408143,1,476.37012674625134,0,0,African Cup of Nations qualification
2023-09-07,Tunisia,Botswana,1834.0096519983736,1445.3147070836953,1,488.6949449146782,3,0,African Cup of Nations qualification
2023-09-07,France,Republic of Ireland,2176.660891251253,1717.8588030008139,1,558.802088250439,2,0,UEFA Euro qualification
2023-09-07,Netherlands,Greece,2037.8226007901785,1744.1661384549689,1,393.65646233520965,3,0,UEFA Euro qualification
2023-09-07,Czech Republic,Albania,1855.3422907191598,1618.2152218199083,1,337.1270688992515,1,1,UEFA Euro qualification
2023-09-07,Poland,Faroe Islands,1817.6272792246505,1318.0002363002313,1,599.6270429244191,2,0,UEFA Euro qualification
2023-09-07,Serbia,Hungary,1902.7082918246217,1847.955851398427,1,154.75244042619465,1,2,UEFA Euro qualification
2023-09-07,Lithuania,Montenegro,1327.5404316490485,1591.0214545463514,1,-163.48102289730286,2,2,UEFA Euro qualification
2023-09-07,Kazakhstan,Finland,1500.1221246961832,1744.8312511613435,1,-144.70912646516035,0,1,UEFA Euro qualification
2023-09-07,Denmark,San Marino,1897.1357717509832,870.5053556671965,1,1126.6304160837867,4,0,UEFA Euro qualification
2023-09-07,Slovenia,Northern Ireland,1704.157661328586,1561.0521086361684,1,243.10555269241763,4,2,UEFA Euro qualification
2023-09-07,Iraq,India,1720.2659591967276,1411.6262368685432,0,308.63972232818446,2,2,King's Cup
2023-09-07,Thailand,Lebanon,1516.8797900009217,1450.3701939282291,1,166.5095960726926,2,1,King's Cup
2023-09-07,Ghana,Central African Republic,1689.3512421283986,1436.7534596242233,1,352.59778250417526,2,1,African Cup of Nations qualification
2023-09-07,Wales,South Korea,1725.148104117741,1852.8664653977867,1,-27.718361280045656,0,0,Friendly
2023-09-07,Niger,Uganda,1349.8800967449695,1498.051068874055,0,-148.1709721290856,0,2,African Cup of Nations qualification
2023-09-07,Norway,Jordan,1760.8447551176703,1707.1802354788938,1,153.66451963877648,6,0,Friendly
2023-09-07,Trinidad and Tobago,Curaçao,1534.198849305397,1506.9760257109767,1,127.22282359442033,1,0,CONCACAF Nations League
2023-09-07,Panama,Martinique,1819.4487233140924,1550.5973147729983,1,368.8514085410941,3,0,CONCACAF Nations League
2023-09-07,Qatar,Kenya,1644.591617094839,1473.7876004461766,1,270.80401664866235,1,2,Friendly
2023-09-07,Sint Maarten,Saint Lucia,1226.306157169857,1311.0770051176983,0,-84.77084794784128,1,5,CONCACAF Nations League
2023-09-07,Saint Kitts and Nevis,Guadeloupe,1359.3680363371961,1498.6757792712965,1,-39.30774293410036,1,2,CONCACAF Nations League
2023-09-07,Anguilla,Saint Martin,914.2314795420361,1134.7460414828672,1,-120.51456194083107,0,6,CONCACAF Nations League
2023-09-07,United States Virgin Islands,Cayman Islands,969.8266068845738,1086.7473094217494,1,-16.920702537175657,2,2,CONCACAF Nations League
2023-09-07,Colombia,Venezuela,2021.8487423409586,1776.5735202573985,1,345.27522208356027,1,0,FIFA World Cup qualification
2023-09-07,Guatemala,El Salvador,1641.3479385157111,1589.2570036407085,1,152.09093487500263,2,0,CONCACAF Nations League
2023-09-07,Argentina,Ecuador,2208.709058250723,1932.8709187738884,1,375.8381394768346,1,0,FIFA World Cup qualification
2023-09-07,Austria,Moldova,1837.226102688902,1321.9350958347309,1,615.2910068541712,1,1,Friendly
2023-09-07,Bahrain,Kuwait,1625.113468371569,1470.7250668793688,0,154.38840149220027,1,3,Friendly
2023-09-07,Bangladesh,Afghanistan,1104.7376037381848,1266.0000331495203,1,-61.26242941133546,1,1,Friendly
2023-09-07,Bulgaria,Iran,1556.3539485722642,1890.615581644625,1,-234.26163307236084,0,1,Friendly
2023-09-07,Cambodia,Hong Kong,1067.1043395685103,1289.241348346492,1,-122.13700877798169,1,1,Friendly
2023-09-07,Paraguay,Peru,1791.4107110692778,1918.4496327680502,1,-27.038921698772356,0,0,FIFA World Cup qualification
2023-09-08,Burkina Faso,Eswatini,1677.0637419703237,1376.7284385072944,0,300.3353034630293,0,0,African Cup of Nations qualification
2023-09-08,Egypt,Ethiopia,1792.2974677488605,1447.307368296222,1,444.99009945263856,1,0,African Cup of Nations qualification
2023-09-08,Mali,South Sudan,1732.9830687540273,1273.0505776218833,1,559.9324911321439,4,0,African Cup of Nations qualification
2023-09-08,Georgia,Spain,1692.3461290735459,2034.6267478517198,1,-242.2806187781739,1,7,UEFA Euro qualification
2023-09-08,Cyprus,Scotland,1389.4321246370816,1865.5972936602645,1,-376.1651690231829,0,3,UEFA Euro qualification
2023-09-08,Bosnia and Herzegovina,Liechtenstein,1605.2311722312581,1052.821439075932,1,652.4097331553262,2,1,UEFA Euro qualification
2023-09-08,Turkey,Armenia,1785.5995843601745,1557.0302723200205,1,328.56931204015405,1,1,UEFA Euro qualification
2023-09-08,Luxembourg,Iceland,1520.2098208605628,1562.1057394687384,1,58.104081391824366,3,1,UEFA Euro qualification
2023-09-08,Slovakia,Portugal,1694.5475910524792,2065.2785973842806,1,-270.7310063318014,0,1,UEFA Euro qualification
2023-09-08,Singapore,Tajikistan,1302.860474230627,1476.2743709668105,1,-73.41389673618346,0,2,Friendly
2023-09-08,Croatia,Latvia,2050.2989665176897,1394.3088646948192,1,755.9901018228704,5,0,UEFA Euro qualification
2023-09-08,Myanmar,Nepal,1102.5661538621546,1139.9706741607065,1,62.595479701448085,0,0,Friendly
2023-09-08,Brazil,Bolivia,2158.429092266046,1673.1192281530632,1,585.309864112983,5,1,FIFA World Cup qualification
2023-09-08,Costa Rica,Saudi Arabia,1749.8677058393494,1689.6529802150524,0,60.21472562429699,3,1,Friendly
2023-09-08,Grenada,Suriname,1276.929667130718,1477.7991617944438,1,-100.86949466372585,1,1,CONCACAF Nations League
2023-09-08,Jamaica,Honduras,1705.8881091466792,1605.7833608742064,1,200.10474827247276,1,0,CONCACAF Nations League
2023-09-08,Barbados,Montserrat,1233.7108854729913,1282.7149239874884,1,50.9959614855029,2,3,CONCACAF Nations League
2023-09-08,Dominican Republic,Nicaragua,1384.927423858906,1436.8102033552345,1,48.11722050367143,0,2,CONCACAF Nations League
2023-09-08,Haiti,Cuba,1663.1678954757397,1408.2702660378197,0,254.89762943791993,0,0,CONCACAF Nations League
2023-09-08,Belize,Saint Vincent and the Grenadines,1259.5395326845673,1220.5004517627149,1,139.03908092185247,1,2,CONCACAF Nations League
2023-09-08,Uruguay,Chile,1990.6752110612188,1784.7606899061273,1,305.9145211550915,3,1,FIFA World Cup qualification
2023-09-08,Taiwan,Philippines,1122.1441611528,1234.41069781742,1,-12.266536664619935,1,1,Friendly
2023-09-08,Bermuda,French Guiana,1385.814781631565,1525.1686672858596,1,-39.35388565429457,0,0,CONCACAF Nations League
2023-09-08,Indonesia,Turkmenistan,1434.9425292391866,1384.890754784272,1,150.0517744549145,2,0,Friendly
2023-09-09,Romania,Israel,1699.0735489294193,1652.0876968464968,1,146.98585208292252,1,1,UEFA Euro qualification
2023-09-09,Mauritania,Gabon,1506.1236456638828,1539.9673647750371,1,66.15628088884569,2,1,African Cup of Nations qualification
2023-09-09,Kosovo,Switzerland,1536.6536225622515,1932.235554640963,1,-295.5819320787116,2,2,UEFA Euro qualification
2023-09-09,Andorra,Belarus,1179.4186528553557,1481.7347761676408,1,-202.31612331228507,0,0,UEFA Euro qualification
2023-09-09,Estonia,Sweden,1505.9538094007096,1806.5157488007587,1,-200.56193940004914,0,5,UEFA Euro qualification
2023-09-09,Azerbaijan,Belgium,1441.304357895741,2050.55680726963,1,-509.252449373889,0,1,UEFA Euro qualification
2023-09-09,North Macedonia,Italy,1602.1334972379059,2012.5577007811453,1,-310.4242035432394,1,1,UEFA Euro qualification
2023-09-09,Ukraine,England,1878.1849926585141,2088.460882982284,0,-210.27589032377,1,1,UEFA Euro qualification
2023-09-09,Rwanda,Senegal,1376.074016354603,1878.9439744412193,1,-402.8699580866164,1,1,African Cup of Nations qualification
2023-09-09,DR Congo,Sudan,1631.8775183999323,1401.460946696917,1,330.4165717030153,2,0,African Cup of Nations qualification
2023-09-09,Ivory Coast,Lesotho,1741.676462692782,1325.1147931852106,1,516.5616695075714,1,0,African Cup of Nations qualification
2023-09-09,Malawi,Guinea,1458.312691042695,1537.8691238838078,1,20.443567158887163,2,2,African Cup of Nations qualification
2023-09-09,United States,Uzbekistan,1893.4076722435752,1719.4947349598651,1,273.9129372837101,3,0,Friendly
2023-09-09,South Africa,Namibia,1642.1770651591403,1507.759469805833,1,234.4175953533072,0,0,Friendly
2023-09-09,Mexico,Australia,1951.4882130253136,1868.697506741793,0,82.79070628352065,2,2,Friendly
2023-09-09,Germany,Japan,1979.594678643401,1950.6903331843746,1,128.90434545902644,1,4,Friendly
2023-09-09,China,Malaysia,1610.9659401423355,1469.4333634995442,1,241.53257664279135,1,1,Friendly
2023-09-09,British Virgin Islands,Turks and Caicos Islands,917.185085317911,1118.640401822284,1,-101.45531650437306,3,1,CONCACAF Nations League
2023-09-09,Bahamas,Puerto Rico,1142.7235053618049,1314.2312747888927,1,-71.50776942708785,1,6,CONCACAF Nations League
2023-09-09,Antigua and Barbuda,Guyana,1323.003526822132,1345.9151495743974,1,77.08837724773457,1,5,CONCACAF Nations League
2023-09-09,Comoros,Zambia,1330.7048842705692,1639.8552867323544,1,-209.15040246178523,1,1,African Cup of Nations qualification
2023-09-10,Montenegro,Bulgaria,1582.2488053664247,1552.231694426229,1,130.0171109401956,2,1,UEFA Euro qualification
2023-09-10,Lithuania,Serbia,1336.3130808289752,1874.3458623886954,1,-438.0327815597202,1,3,UEFA Euro qualification
2023-09-10,Finland,Denmark,1756.9515883237016,1897.2500130660812,1,-40.298424742379666,0,1,UEFA Euro qualification
2023-09-10,Albania,Poland,1633.1922045600575,1819.470316462975,1,-86.27811190291754,2,0,UEFA Euro qualification
2023-09-10,San Marino,Slovenia,870.3911143520984,1716.0320745065214,1,-745.640960154423,0,4,UEFA Euro qualification
2023-09-10,Lebanon,India,1442.054873089945,1422.2848039626278,0,19.77006912731713,1,0,King's Cup
2023-09-10,Thailand,Iraq,1525.1951108392059,1709.607392102643,1,-84.41228126343708,2,2,King's Cup
2023-09-10,Kazakhstan,Northern Ireland,1488.001787533825,1549.177695458233,1,38.824092075592034,1,0,UEFA Euro qualification
2023-09-10,Faroe Islands,Moldova,1316.1571990619068,1331.3722302179658,1,84.78496884394099,0,1,UEFA Euro qualification
2023-09-10,Greece,Gibraltar,1737.588071097532,1172.3927459870513,1,665.1953251104808,5,0,UEFA Euro qualification
2023-09-10,El Salvador,Trinidad and Tobago,1576.0220557669516,1543.9392041020362,1,132.08285166491532,2,3,CONCACAF Nations League
2023-09-10,Gambia,Congo,1565.744753477071,1385.1454820877298,0,180.5992713893413,2,2,African Cup of Nations qualification
2023-09-10,Togo,Cape Verde,1478.2703468133175,1633.1249546803137,1,-54.854607866996275,3,2,African Cup of Nations qualification
2023-09-10,Nigeria,São Tomé and Príncipe,1715.9300967402016,1178.4858930814428,1,637.4442036587589,6,0,African Cup of Nations qualification
2023-09-10,Hungary,Czech Republic,1876.3182808343533,1840.3653079790106,1,135.95297285534275,1,1,Friendly
2023-09-10,Saint Lucia,Saint Kitts and Nevis,1332.4727889216638,1346.0578841834915,1,86.41490473817225,2,0,CONCACAF Nations League
2023-09-10,Guadeloupe,Sint Maarten,1511.9859314250011,1204.9103733658915,1,407.07555805910965,4,0,CONCACAF Nations League
2023-09-10,Martinique,Curaçao,1544.9874434097017,1497.2356709143376,1,147.7517724953641,1,0,CONCACAF Nations League
2023-09-10,Guatemala,Panama,1654.582886389468,1825.058594677389,1,-70.47570828792095,1,1,CONCACAF Nations League
2023-09-10,Republic of Ireland,Netherlands,1715.54632984564,2044.4006681476153,1,-228.8543383019753,1,2,UEFA Euro qualification
2023-09-11,Armenia,Croatia,1571.7868616617375,2051.316515564761,1,-379.5296539030237,0,1,UEFA Euro qualification
2023-09-11,Latvia,Wales,1393.2913156477478,1725.944214368281,1,-232.65289872053336,0,2,UEFA Euro qualification
2023-09-11,Portugal,Luxembourg,2072.233347421577,1545.2389669592885,1,626.9943804622885,9,0,UEFA Euro qualification
2023-09-11,Slovakia,Liechtenstein,1687.592841015183,1051.907334808835,1,735.685506206348,3,0,UEFA Euro qualification
2023-09-11,Guinea-Bissau,Sierra Leone,1507.9280890001914,1457.6073397672917,1,150.32074923289974,2,1,African Cup of Nations qualification
2023-09-11,Iceland,Bosnia and Herzegovina,1537.0765933700127,1606.145276498355,1,30.9313168716576,1,0,UEFA Euro qualification
2023-09-11,Vietnam,Palestine,1545.4960362896588,1562.8924650786423,1,82.60357121101652,2,0,Friendly
2023-09-11,Myanmar,Nepal,1100.7837545924897,1141.7530734303714,1,59.0306811621183,1,0,Friendly
2023-09-11,Kuwait,Kyrgyzstan,1491.9839141552593,1391.515651845133,0,100.46826231012619,1,3,Friendly
2023-09-11,Hong Kong,Brunei,1285.8639551440776,857.6946550590329,1,528.1693000850447,10,0,Friendly
2023-09-11,Cambodia,Macau,1070.4817327709247,927.1522449983673,1,243.3294877725574,4,0,Friendly
2023-09-11,Cayman Islands,Aruba,1086.0173609894732,1182.0809182807077,1,3.936442708765526,1,2,CONCACAF Nations League
2023-09-11,Saint Martin,Bonaire,1155.9876782497563,1229.9909993481535,0,-74.00332109839724,2,1,CONCACAF Nations League
2023-09-11,Nicaragua,Barbados,1462.4065138002095,1216.5248885845413,1,345.88162521566824,5,1,CONCACAF Nations League
2023-09-11,Dominican Republic,Montserrat,1359.331113413931,1299.9009208759385,1,159.43019253799253,3,0,CONCACAF Nations League
2023-09-12,South Africa,DR Congo,1636.296381964718,1639.6702472352545,1,96.6261347294635,1,0,Friendly
2023-09-12,Singapore,Taiwan,1290.9836626972278,1122.49707383457,1,268.48658886265775,3,1,Friendly
2023-09-12,Senegal,Algeria,1862.526091698937,1801.8737664099672,1,160.6523252889699,0,1,Friendly
2023-09-12,Scotland,England,1872.8004805314301,2077.645773586288,1,-104.84529305485808,1,3,Friendly
2023-09-12,Mexico,Uzbekistan,1949.1494060501932,1713.50086351318,0,235.6485425370131,3,3,Friendly
2023-09-12,Morocco,Burkina Faso,1920.1981004767213,1663.093034233157,0,257.10506624356435,1,0,Friendly
2023-09-12,United Arab Emirates,Costa Rica,1585.885210141647,1762.2937470497652,0,-176.40853690811832,4,1,Friendly
2023-09-12,South Korea,Saudi Arabia,1852.0703551472466,1677.2269390046365,0,174.84341614261007,1,0,Friendly
2023-09-12,Philippines,Afghanistan,1234.05778513565,1264.254808452092,1,69.80297668355797,2,1,Friendly
2023-09-12,United States,Oman,1899.4015436902603,1699.8625320853828,1,299.5390116048775,4,0,Friendly
2023-09-12,Iran,Angola,1894.7378357906603,1501.0223909931526,1,493.71544479750764,4,0,Friendly
2023-09-12,Norway,Georgia,1773.2646526387368,1675.4598781584002,1,197.80477448033662,2,1,UEFA Euro qualification
2023-09-12,Spain,Cyprus,2051.512998766865,1382.228937765916,1,769.2840610009491,6,0,UEFA Euro qualification
2023-09-12,Italy,Ukraine,1998.2956063756749,1889.00010205451,1,209.29550432116457,2,1,UEFA Euro qualification
2023-09-12,Malta,North Macedonia,1328.4535895462352,1616.3955916433763,1,-187.94200209714108,0,2,UEFA Euro qualification
2023-09-12,Belgium,Estonia,2052.5815489065562,1486.780759831288,1,665.8007890752683,5,0,UEFA Euro qualification
2023-09-12,Sweden,Austria,1825.6887983701804,1827.7889683056671,1,97.89983006451325,1,3,UEFA Euro qualification
2023-09-12,Switzerland,Andorra,1918.4062996832245,1189.905537897142,1,828.5007617860824,3,0,UEFA Euro qualification
2023-09-12,Israel,Belarus,1660.0777885530913,1471.2478911258545,1,288.8298974272368,1,0,UEFA Euro qualification
2023-09-12,Romania,Kosovo,1691.0834572228248,1550.48287751999,1,240.6005797028347,2,0,UEFA Euro qualification
2023-09-12,Cameroon,Burundi,1735.605605529871,1448.3965804395257,1,387.2090250903452,3,0,African Cup of Nations qualification
2023-09-12,Kenya,South Sudan,1490.3114326324041,1270.178016466448,1,320.1334161659561,0,1,Friendly
2023-09-12,China,Syria,1604.9529035848957,1536.6602500298186,1,168.2926535550771,0,1,Friendly
2023-09-12,Ghana,Liberia,1693.9959648362144,1410.3778215516656,1,383.61814328454875,3,1,Friendly
2023-09-12,Cuba,Suriname,1417.6497053681535,1473.5626428041794,1,44.08706256397409,1,0,CONCACAF Nations League
2023-09-12,Jamaica,Haiti,1713.0923999810657,1653.788456145406,1,159.30394383565977,2,2,CONCACAF Nations League
2023-09-12,Honduras,Grenada,1598.57907003982,1281.1661861209823,1,417.4128839188377,4,0,CONCACAF Nations League
2023-09-12,Japan,Turkey,1974.4007426540575,1770.8429950184575,0,203.55774763559998,4,2,Friendly
2023-09-12,French Guiana,Belize,1523.476852610881,1238.8379029249652,1,384.6389496859158,0,2,CONCACAF Nations League
2023-09-12,Guyana,Bahamas,1380.1800471009583,1118.8122508580898,1,361.3677962428685,3,2,CONCACAF Nations League
2023-09-12,Puerto Rico,Antigua and Barbuda,1338.1425292926078,1288.7386292955712,0,49.40389999703666,5,0,CONCACAF Nations League
2023-09-12,Turks and Caicos Islands,Dominica,1089.7507283280502,1206.169539443837,1,-16.418811115786866,0,3,CONCACAF Nations League
2023-09-12,Bolivia,Argentina,1670.6241018189016,2212.832121578242,1,-442.20801975934046,0,3,FIFA World Cup qualification
2023-09-12,Saint Vincent and the Grenadines,Bermuda,1241.202081522317,1387.5065963065435,1,-46.30451478422651,4,3,CONCACAF Nations League
2023-09-12,Venezuela,Paraguay,1771.7529273206378,1792.9640617686907,1,78.78886555194708,1,0,FIFA World Cup qualification
2023-09-12,Peru,Brazil,1916.8962820686372,2160.9242186002075,1,-144.02793653157028,0,1,FIFA World Cup qualification
2023-09-12,Chile,Colombia,1775.9606728583801,2026.6693352777193,1,-150.70866241933913,0,0,FIFA World Cup qualification
2023-09-12,Azerbaijan,Jordan,1439.2796162588152,1694.7603379578272,1,-155.48072169901207,2,1,Friendly
2023-09-12,Bahrain,Turkmenistan,1603.8546210956786,1375.9941702042274,0,227.86045089145114,1,1,Friendly
2023-09-12,Ecuador,Uruguay,1928.7478554463694,1999.475228108966,1,29.27262733740349,2,1,FIFA World Cup qualification
2023-09-12,Egypt,Tunisia,1795.163592106871,1837.9728749722883,1,57.190717134582655,1,3,Friendly
2023-09-12,Germany,France,1955.8842691737182,2178.9733644064268,1,-123.08909523270859,2,1,Friendly
2023-09-12,Qatar,Russia,1628.0677849086114,1826.2564842117188,1,-98.18869930310734,1,1,Friendly
2023-10-08,Papua New Guinea,Solomon Islands,1511.375277419333,1539.6869084821824,0,-28.3116310628493,1,3,MSG Prime Minister's Cup
2023-10-08,New Caledonia,Vanuatu,1508.0907843169027,1474.2872808674224,1,133.80350344948033,4,0,MSG Prime Minister's Cup
2023-10-10,China,Vietnam,1590.4554167394263,1556.995464121427,1,133.4599526179993,2,0,Friendly
2023-10-11,Wales,Gibraltar,1738.4021433242783,1170.6915022063768,1,667.7106411179016,4,0,Friendly
2023-10-11,Solomon Islands,Vanuatu,1560.357488875897,1456.4881890509791,0,103.86929982491779,1,0,MSG Prime Minister's Cup
2023-10-11,New Caledonia,Papua New Guinea,1525.889876133346,1490.7046970256185,1,135.18517910772744,3,1,MSG Prime Minister's Cup
2023-10-12,Yemen,Sri Lanka,1238.8356403829205,934.9380520450945,0,303.89758833782594,3,0,FIFA World Cup qualification
2023-10-12,Algeria,Cape Verde,1816.1941047463972,1609.993248284979,1,306.2008564614182,5,1,Friendly
2023-10-12,Bahrain,Kyrgyzstan,1598.0987709852573,1410.736224859444,1,287.3625461258132,2,0,Friendly
2023-10-12,Egypt,Zambia,1777.7165322540357,1629.0861007471317,0,148.63043150690396,1,0,Friendly
2023-10-12,Georgia,Thailand,1665.757188522611,1528.7694281742106,1,236.98776034840034,8,0,Friendly
2023-10-12,Montenegro,Lebanon,1595.095269586371,1456.2022506398569,1,238.89301894651408,3,2,Friendly
2023-10-12,Russia,Cameroon,1823.5032964115971,1742.4082297668579,1,181.0950666447393,1,0,Friendly
2023-10-12,Sweden,Moldova,1787.452292529429,1356.1582169476178,1,531.2940755818113,3,1,Friendly
2023-10-12,Singapore,Guam,1296.255633863237,981.0581352660653,1,415.19749859717183,2,1,FIFA World Cup qualification
2023-10-12,Cyprus,Norway,1381.2265020305938,1782.9673422745261,1,-301.7408402439323,0,4,UEFA Euro qualification
2023-10-12,Latvia,Armenia,1380.8333866917505,1567.741722411918,1,-86.90833572016754,2,0,UEFA Euro qualification
2023-10-12,Croatia,Turkey,2055.3616548145806,1763.746953115632,1,391.61470169894847,0,1,UEFA Euro qualification
2023-10-12,Faroe Islands,Poland,1291.3712123322548,1782.1699166248056,1,-390.79870429255084,0,2,UEFA Euro qualification
2023-10-12,Albania,Czech Republic,1670.4926043982268,1844.090147438765,1,-73.59754304053808,3,0,UEFA Euro qualification
2023-10-12,Andorra,Kosovo,1189.3164557207526,1538.470526286047,1,-249.15407056529443,0,3,UEFA Euro qualification
2023-10-12,Belarus,Romania,1464.8715662395464,1703.0958084567678,0,-238.22424221722144,0,0,UEFA Euro qualification
2023-10-12,Spain,Scotland,2052.5154345021874,1862.1944404965861,1,290.3209940056013,2,0,UEFA Euro qualification
2023-10-12,Nepal,Laos,1133.4359506848773,919.5187873294573,1,313.91716335542003,1,1,FIFA World Cup qualification
2023-10-12,Indonesia,Brunei,1443.8391138192312,855.2988533665534,1,688.5402604526778,6,0,FIFA World Cup qualification
2023-10-12,Maldives,Bangladesh,1113.1039065087923,1106.482828435613,1,106.6210780731792,1,1,FIFA World Cup qualification
2023-10-12,Suriname,Haiti,1460.4558836778122,1660.221535947702,1,-99.76565226988987,1,1,CONCACAF Nations League
2023-10-12,Grenada,Jamaica,1276.499811001891,1706.6593201787696,1,-330.1595091768786,1,4,CONCACAF Nations League
2023-10-12,Cuba,Honduras,1430.7564644945207,1603.2454451589113,0,-172.4889806643905,0,0,CONCACAF Nations League
2023-10-12,Saint Lucia,Guadeloupe,1349.489155702572,1516.913351458763,1,-67.42419575619101,2,1,CONCACAF Nations League
2023-10-12,Bonaire,Anguilla,1211.8434752175656,892.9898427751469,1,418.85363244241864,2,0,CONCACAF Nations League
2023-10-12,Dominica,British Virgin Islands,1231.1799622128835,946.0747588121449,0,285.1052034007387,1,1,CONCACAF Nations League
2023-10-12,Colombia,Uruguay,2018.499919352111,1981.1563200546082,1,137.34359929750258,2,2,FIFA World Cup qualification
2023-10-12,Bolivia,Ecuador,1665.5332999527398,1947.0667635007271,1,-181.53346354798737,1,2,FIFA World Cup qualification
2023-10-12,Sint Maarten,Saint Kitts and Nevis,1199.9829533321297,1329.0415174025834,0,-129.0585640704537,2,3,CONCACAF Nations League
2023-10-12,Brazil,Venezuela,2173.077707110415,1787.2936553963216,1,485.78405171409327,1,1,FIFA World Cup qualification
2023-10-12,Chile,Peru,1784.1300887839884,1904.7427935584299,1,-20.612704774441454,2,0,FIFA World Cup qualification
2023-10-12,Afghanistan,Mongolia,1256.237297089105,1102.5080864919655,0,153.7292105971394,1,0,FIFA World Cup qualification
2023-10-12,Cambodia,Pakistan,1077.8955704723962,1016.1729654539769,1,161.72260501841936,0,0,FIFA World Cup qualification
2023-10-12,Taiwan,Timor-Leste,1117.2251026685608,848.1647405209211,1,369.0603621476397,4,0,FIFA World Cup qualification
2023-10-12,Hong Kong,Bhutan,1288.2597568365572,840.2581400198371,1,548.0016168167201,4,0,FIFA World Cup qualification
2023-10-12,Myanmar,Macau,1109.1008773379838,919.7384072968958,1,289.36247004108793,5,1,FIFA World Cup qualification
2023-10-12,Argentina,Paraguay,2217.9229234444038,1777.423333693007,1,540.4995897513968,1,0,FIFA World Cup qualification
2023-10-13,Nigeria,Saudi Arabia,1718.0429848457272,1671.8735517676764,0,46.169433078050815,2,2,Friendly
2023-10-13,South Africa,Eswatini,1643.5848105726325,1390.6991462444612,1,352.8856643281713,0,0,Friendly
2023-10-13,Vietnam,Uzbekistan,1547.4897775212999,1719.4046755434117,0,-171.91489802211186,0,2,Friendly
2023-10-13,Republic of Ireland,Greece,1707.096225352175,1739.2893148782066,1,67.8069104739684,0,2,UEFA Euro qualification
2023-10-13,Netherlands,France,2052.8507726410803,2165.5717162919286,1,-12.720943650848312,1,2,UEFA Euro qualification
2023-10-13,Portugal,Slovakia,2074.8691527102105,1688.5920136536022,1,486.27713905660835,3,2,UEFA Euro qualification
2023-10-13,Austria,Belgium,1866.0254741464184,2054.2769990546662,1,-88.2515249082478,2,3,UEFA Euro qualification
2023-10-13,Iceland,Luxembourg,1555.300732924564,1542.6031616706548,1,112.69757125390925,1,1,UEFA Euro qualification
2023-10-13,Angola,Mozambique,1498.9563853668699,1469.9166280131242,0,29.0397573537457,1,1,Friendly
2023-10-13,Mali,Uganda,1735.8556299094626,1515.9800496964242,1,319.87558021303835,1,0,Friendly
2023-10-13,Estonia,Azerbaijan,1485.085309683178,1453.478112797769,1,131.60719688540894,0,2,UEFA Euro qualification
2023-10-13,South Korea,Tunisia,1857.4237423842067,1855.4199348251236,1,102.00380755908304,4,0,Friendly
2023-10-13,Liechtenstein,Bosnia and Herzegovina,1050.9081621704158,1587.9211369438037,1,-437.0129747733879,0,2,UEFA Euro qualification
2023-10-13,Iraq,Qatar,1706.0330747676383,1630.820972708733,0,75.2121020589052,0,0,Friendly
2023-10-13,Japan,Canada,1981.4967845568829,1830.3483087866136,1,251.148475770269,4,1,Friendly
2023-10-13,Curaçao,Panama,1488.256004945389,1822.0569698166491,1,-233.80096487126025,1,2,CONCACAF Nations League
2023-10-13,Trinidad and Tobago,Guatemala,1564.381965470238,1657.584511250208,1,6.797454220029977,3,2,CONCACAF Nations League
2023-10-13,Montserrat,Nicaragua,1284.916593422281,1469.1646884185996,0,-184.2480949963185,0,3,CONCACAF Nations League
2023-10-13,Barbados,Dominican Republic,1209.7667139661512,1374.3154408675884,1,-64.54872690143725,0,5,CONCACAF Nations League
2023-10-13,Martinique,El Salvador,1553.9671093786503,1555.5792943987499,1,98.38781497990044,1,0,CONCACAF Nations League
2023-10-13,Belize,Bermuda,1279.4060273842722,1370.5192225396681,1,8.886804844604058,0,1,CONCACAF Nations League
2023-10-13,DR Congo,New Zealand,1632.38181862734,1707.8327493528693,0,-75.45093072552936,1,1,Friendly
2023-10-13,England,Australia,2088.2518136211324,1871.0363137169134,1,317.2154999042191,1,0,Friendly
2023-10-13,Equatorial Guinea,Burkina Faso,1614.6234518836716,1659.384533372071,1,55.23891851160056,0,0,Friendly
2023-10-13,Guinea,Guinea-Bissau,1539.044593911376,1519.7772858958133,0,19.267308015562776,1,0,Friendly
2023-10-13,Saint Vincent and the Grenadines,French Guiana,1258.1894552891924,1482.908728151574,1,-124.71927286238156,1,4,CONCACAF Nations League
2023-10-14,Ukraine,North Macedonia,1879.7752176617855,1631.5846033548214,0,248.1906143069641,2,0,UEFA Euro qualification
2023-10-14,New Caledonia,Solomon Islands,1540.0518463291355,1571.0020818400014,1,69.04976448913408,0,1,MSG Prime Minister's Cup
2023-10-14,Papua New Guinea,Vanuatu,1476.542726829829,1445.8435960868746,0,30.699130742954367,0,1,MSG Prime Minister's Cup
2023-10-14,Denmark,Kazakhstan,1914.940596381962,1505.7761492010684,1,509.1644471808936,3,1,UEFA Euro qualification
2023-10-14,Slovenia,Finland,1717.0437949562518,1739.2610050078208,1,77.78278994843095,3,0,UEFA Euro qualification
2023-10-14,Hungary,Serbia,1872.593441374599,1878.8076599832452,1,93.7857813913538,2,1,UEFA Euro qualification
2023-10-14,Bulgaria,Lithuania,1539.3852302062828,1331.8512832344254,1,307.5339469718574,0,2,UEFA Euro qualification
2023-10-14,Italy,Malta,2007.5204907683994,1313.26457783479,1,794.2559129336091,4,0,UEFA Euro qualification
2023-10-14,United States,Germany,1905.0760448665337,1969.2859172882165,1,35.7901275783172,1,3,Friendly
2023-10-14,Northern Ireland,San Marino,1531.4033337909898,869.3793939023681,1,762.0239398886217,3,0,UEFA Euro qualification
2023-10-14,Niger,Somalia,1331.9511159226004,1022.8971358080396,0,309.0539801145608,3,0,Friendly
2023-10-14,Mexico,Ghana,1943.2455940199616,1696.9662374274092,0,246.2793565925524,2,0,Friendly
2023-10-14,Mauritania,Madagascar,1522.3607517225728,1402.7380257441773,0,119.62272597839547,2,1,Friendly
2023-10-14,Liberia,Libya,1407.4075489604709,1443.86087426656,0,-36.45332530608903,2,3,Friendly
2023-10-14,Ivory Coast,Morocco,1743.6218374474054,1923.9066013378072,1,-80.28476389040179,1,1,Friendly
2023-10-14,Aruba,United States Virgin Islands,1197.2508609021334,970.55655531685,1,326.69430558528336,3,1,CONCACAF Nations League
2023-10-14,Bahamas,Antigua and Barbuda,1115.4811648915172,1262.9759840640481,1,-47.494819172530924,1,4,CONCACAF Nations League
2023-10-14,Puerto Rico,Guyana,1363.9051745241309,1383.5111330675309,1,80.39404145660001,1,3,CONCACAF Nations League
2023-10-14,Sierra Leone,Benin,1445.7581428716699,1488.314534289882,0,-42.556391418212115,1,1,Friendly
2023-10-15,Romania,Andorra,1691.1920170895173,1175.8457991305681,1,615.3462179589492,4,0,UEFA Euro qualification
2023-10-15,Switzerland,Belarus,1918.9953818596139,1476.775357606797,1,542.220024252817,3,3,UEFA Euro qualification
2023-10-15,Poland,Moldova,1787.8928609392756,1354.8124981181927,1,533.0803628210829,1,1,UEFA Euro qualification
2023-10-15,Czech Republic,Faroe Islands,1801.785011481725,1285.6482680177849,1,616.1367434639401,1,0,UEFA Euro qualification
2023-10-15,Turkey,Latvia,1799.9478381659956,1418.184959286962,1,481.76287887903345,4,0,UEFA Euro qualification
2023-10-15,Wales,Croatia,1739.1883782320867,2019.160769764217,1,-179.97239153213036,2,1,UEFA Euro qualification
2023-10-15,Norway,Spain,1794.1948044239682,2062.0111139937244,1,-167.81630956975619,0,1,UEFA Euro qualification
2023-10-15,Sudan,Tanzania,1393.668217861595,1460.6613766179128,0,-66.99315875631783,1,1,Friendly
2023-10-15,Kyrgyzstan,Philippines,1405.9199281993133,1242.075296498637,0,163.84463170067625,0,1,Friendly
2023-10-15,Saint Kitts and Nevis,Sint Maarten,1338.7124905790747,1190.3119801556384,1,248.40051042343634,0,1,CONCACAF Nations League
2023-10-15,Guadeloupe,Saint Lucia,1499.0384149014342,1367.3640922599006,1,231.67432264153354,2,0,CONCACAF Nations League
2023-10-15,Suriname,Grenada,1464.6485082634167,1269.672388920091,1,294.97611934332576,4,0,CONCACAF Nations League
2023-10-15,Haiti,Jamaica,1656.0289113620975,1713.4867422605696,0,-57.45783089847214,2,3,CONCACAF Nations League
2023-10-15,Honduras,Cuba,1596.3554786197005,1437.6464310337315,1,258.7090475859691,4,0,CONCACAF Nations League
2023-10-15,Georgia,Cyprus,1675.426132848578,1369.9990398811517,1,405.42709296742623,4,0,UEFA Euro qualification
2023-10-16,Senegal,Cameroon,1848.205753362507,1737.1947444719979,0,111.01100889050917,1,0,Friendly
2023-10-16,Bosnia and Herzegovina,Portugal,1592.407240303892,2077.16377121503,1,-384.75653091113804,0,5,UEFA Euro qualification
2023-10-16,Iceland,Liechtenstein,1549.0316798786212,1046.4220588103276,1,602.6096210682936,4,0,UEFA Euro qualification
2023-10-16,Belgium,Sweden,2069.303342751806,1788.7980113588542,1,380.50533139295203,1,1,UEFA Euro qualification
2023-10-16,Azerbaijan,Austria,1494.3279539757687,1850.9991304492785,1,-256.67117647350983,0,1,UEFA Euro qualification
2023-10-16,Greece,Netherlands,1775.0710135690395,2033.582721973925,1,-158.51170840488544,0,1,UEFA Euro qualification
2023-10-16,Luxembourg,Slovakia,1548.8722147165977,1686.2973951487825,1,-37.42518043218479,0,1,UEFA Euro qualification
2023-10-16,Mozambique,Nigeria,1470.750518429668,1716.7218889123624,0,-245.97137048269428,2,3,Friendly
2023-10-16,Gibraltar,Republic of Ireland,1169.9052672985683,1671.3145266613421,0,-501.4092593627738,0,4,UEFA Euro qualification
2023-10-16,Kenya,Russia,1473.0457570239876,1828.7167817064571,0,-355.6710246824696,2,2,Friendly
2023-10-16,Botswana,Eswatini,1441.3514841097806,1398.3801844113495,1,142.97129969843104,2,1,Friendly
2023-10-16,Algeria,Egypt,1821.6863839727757,1783.6817817991857,0,38.00460217359,1,1,Friendly
2023-10-16,Turks and Caicos Islands,British Virgin Islands,1064.7403055590037,956.2056931909419,1,208.53461236806174,2,2,CONCACAF Nations League
2023-10-16,Saint Martin,Anguilla,1174.1352023803443,889.2850371017568,0,284.8501652785875,8,0,CONCACAF Nations League
2023-10-16,French Guiana,Saint Vincent and the Grenadines,1500.1206622260231,1240.9775212147433,0,259.1431410112798,3,2,CONCACAF Nations League
2023-10-16,Nicaragua,Montserrat,1482.667242535866,1271.4140393050145,1,311.25320323085157,3,0,CONCACAF Nations League
2023-10-16,Dominican Republic,Barbados,1398.8051094652365,1185.2770453685032,1,313.52806409673326,5,2,CONCACAF Nations League
2023-10-16,China,Uzbekistan,1599.9611033395533,1727.534279685715,1,-27.573176346161745,1,2,Friendly
2023-10-17,Mexico,Germany,1949.096275859284,1985.8256588177887,0,-36.72938295850463,2,2,Friendly
2023-10-17,Mali,Saudi Arabia,1738.5934596958896,1673.1946477010413,0,65.3988119948483,3,1,Friendly
2023-10-17,Libya,Niger,1452.815496403798,1337.0057993228982,0,115.80969708089992,1,1,Friendly
2023-10-17,South Korea,Vietnam,1870.821813561867,1539.3601733789965,1,431.4616401828705,6,0,Friendly
2023-10-17,Estonia,Thailand,1444.2354685051782,1519.1004838482436,1,25.13498465693465,1,1,Friendly
2023-10-17,Guinea,Gabon,1548.4906039951459,1523.7302587163472,0,24.760345278798695,1,1,Friendly
2023-10-17,France,Scotland,2184.839766959084,1852.698761005049,1,432.1410059540351,4,1,Friendly
2023-10-17,Somalia,Sierra Leone,1017.8424524077418,1446.976925194675,0,-429.1344727869332,0,2,Friendly
2023-10-17,Cape Verde,Comoros,1604.5009690586005,1341.474070255792,1,363.02689880280855,1,2,Friendly
2023-10-17,Ivory Coast,South Africa,1745.8923489287808,1635.9037724057441,1,209.98857652303673,1,1,Friendly
2023-10-17,Sudan,Chad,1395.5728888918466,1301.4933554412667,0,94.0795334505799,1,0,Friendly
2023-10-17,Zambia,Uganda,1623.1208512019816,1513.2422199099972,0,109.87863129198445,3,0,Friendly
2023-10-17,United Arab Emirates,Lebanon,1611.5784656090045,1452.166562075762,1,259.4119035332426,2,1,Friendly
2023-10-17,United States,Ghana,1888.5363033369615,1691.1155555880866,1,297.4207477488749,4,0,Friendly
2023-10-17,Burkina Faso,Mauritania,1660.9611748334669,1529.0476266191313,0,131.9135482143356,2,1,Friendly
2023-10-17,Morocco,Liberia,1921.6360898564317,1398.4529268232327,1,623.183163033199,3,0,African Cup of Nations qualification
2023-10-17,England,Italy,2091.026029484887,2008.2877737651397,1,182.73825571974749,3,1,UEFA Euro qualification
2023-10-17,Malta,Ukraine,1312.4972948380498,1891.3732966641871,1,-478.8760018261373,1,3,UEFA Euro qualification
2023-10-17,Serbia,Montenegro,1864.0789875480318,1599.1309581504659,1,364.94802939756596,3,1,UEFA Euro qualification
2023-10-17,Lithuania,Hungary,1383.1210392128785,1887.3221138098124,1,-404.20107459693395,2,2,UEFA Euro qualification
2023-10-17,Finland,Kazakhstan,1711.9683571753342,1502.7375757474847,1,309.2307814278495,1,2,UEFA Euro qualification
2023-10-17,Northern Ireland,Slovenia,1532.2636684584866,1744.3364427887384,1,-112.07277433025183,0,1,UEFA Euro qualification
2023-10-17,San Marino,Denmark,868.5190592348712,1917.9791698355457,1,-949.4601106006745,1,2,UEFA Euro qualification
2023-10-17,Syria,Kuwait,1551.157736875288,1472.7633411409483,0,78.3943957343397,1,2,Friendly
2023-10-17,Benin,Madagascar,1487.0957519668768,1396.0511508476188,0,91.044601119258,1,2,Friendly
2023-10-17,North Macedonia,Armenia,1619.9865243524198,1530.3901498167065,1,189.59637453571327,3,1,Friendly
2023-10-17,Australia,New Zealand,1868.2620978531588,1705.6946039652346,0,162.56749388792423,2,0,Soccer Ashes
2023-10-17,Bahrain,Philippines,1602.915067645388,1256.4700691637308,1,446.4449984816572,1,0,Friendly
2023-10-17,El Salvador,Martinique,1544.717019739945,1564.8293840374552,1,79.88763570248989,0,0,CONCACAF Nations League
2023-10-17,Panama,Guatemala,1828.2533787175462,1642.8779435008173,1,285.3754352167289,3,0,CONCACAF Nations League
2023-10-17,Curaçao,Trinidad and Tobago,1482.0595960444919,1579.0885332196285,1,2.9710628248633384,5,3,CONCACAF Nations League
2023-10-17,Bermuda,Belize,1385.9028130955514,1264.022436828389,1,221.88037626716255,1,1,CONCACAF Nations League
2023-10-17,Antigua and Barbuda,Bahamas,1285.6597673175459,1092.7973816380195,1,292.86238567952637,2,2,CONCACAF Nations League
2023-10-17,Guyana,Puerto Rico,1411.1264954320604,1336.2898121596013,0,74.83668327245914,3,1,CONCACAF Nations League
2023-10-17,Cayman Islands,United States Virgin Islands,1070.8474183680476,964.6021751727648,1,206.2452431952828,2,1,CONCACAF Nations League
2023-10-17,Venezuela,Chile,1804.9928896668316,1815.907847474756,1,89.08504219207566,3,0,FIFA World Cup qualification
2023-10-17,Ecuador,Colombia,1957.4742914745173,2010.9813991459773,1,46.492892328540165,0,0,FIFA World Cup qualification
2023-10-17,Paraguay,Bolivia,1775.7176994495633,1655.1257719789496,1,220.59192747061365,1,0,FIFA World Cup qualification
2023-10-17,Peru,Argentina,1872.9650348676623,2219.6285576878477,1,-246.66352282018534,0,2,FIFA World Cup qualification
2023-10-17,Uruguay,Brazil,1988.6748402607418,2155.378472839905,1,-66.70363257916324,2,0,FIFA World Cup qualification
2023-10-17,Bangladesh,Maldives,1112.4347520699555,1107.15198287445,1,105.28276919550558,2,1,FIFA World Cup qualification
2023-10-17,Bhutan,Hong Kong,837.1897149175953,1291.3281819387992,1,-354.13846702120384,2,0,FIFA World Cup qualification
2023-10-17,Brunei,Indonesia,853.7143395364116,1445.4236276493732,1,-491.70928811296164,0,6,FIFA World Cup qualification
2023-10-17,Guam,Singapore,977.7008099845152,1299.612959144787,1,-221.91214916027184,0,1,FIFA World Cup qualification
2023-10-17,Laos,Nepal,933.8789976872893,1119.0757403270454,1,-85.19674263975617,0,1,FIFA World Cup qualification
2023-10-17,Macau,Myanmar,907.8135759545531,1121.0257086803265,1,-113.21213272577336,0,0,FIFA World Cup qualification
2023-10-17,Mongolia,Afghanistan,1090.8218518476858,1267.9235317333846,1,-77.10167988569879,0,1,FIFA World Cup qualification
2023-10-17,Pakistan,Cambodia,1024.8636858667248,1069.2048500596484,1,55.65883580707646,1,0,FIFA World Cup qualification
2023-10-17,Sri Lanka,Yemen,924.5692300675015,1249.2044623605134,1,-224.635232293012,1,1,FIFA World Cup qualification
2023-10-17,Taiwan,Timor-Leste,1125.2305990949878,840.1592440944942,1,385.07135500049367,3,0,FIFA World Cup qualification
2023-10-17,Albania,Bulgaria,1712.7977403552668,1488.1154742278297,1,324.68226612743706,2,0,Friendly
2023-10-17,Angola,DR Congo,1498.122494950326,1634.5199640149747,0,-136.3974690646487,0,0,Friendly
2023-10-23,United Arab Emirates,Kuwait,1615.2470193625145,1484.9821850482508,1,230.26483431426368,1,0,Friendly
2023-11-11,Guatemala,Jamaica,1634.3681764169912,1726.0284585057286,0,-91.6602820887374,0,0,Friendly
2023-11-12,Kosovo,Israel,1551.9411828762316,1666.4541134393994,1,-14.512930563167856,1,0,UEFA Euro qualification
2023-11-15,Ethiopia,Sierra Leone,1444.4412439382115,1449.315932508805,0,-4.874688570593435,0,0,FIFA World Cup qualification
2023-11-15,DR Congo,Mauritania,1630.7841112232445,1522.6719020801643,1,208.11220914308024,2,0,FIFA World Cup qualification
2023-11-15,Rwanda,Zimbabwe,1392.4918990968852,1440.3626163796089,1,52.12928271727628,0,0,FIFA World Cup qualification
2023-11-15,Equatorial Guinea,Namibia,1613.0468104222757,1513.6401530002554,1,199.40665742202032,0,3,FIFA World Cup qualification
2023-11-15,Belgium,Serbia,2053.3281059466785,1870.620076223082,1,282.7080297235966,1,0,Friendly
2023-11-15,Israel,Switzerland,1645.6191675660534,1900.6849174921533,0,-255.0657499260999,1,1,UEFA Euro qualification
2023-11-16,Yemen,Bahrain,1237.8175756423664,1604.3370276990058,0,-366.51945205663947,0,2,FIFA World Cup qualification
2023-11-16,Lebanon,Palestine,1448.498008322252,1551.3930372468742,0,-102.89502892462224,0,0,FIFA World Cup qualification
2023-11-16,Australia,Bangladesh,1880.9407005545709,1126.5531250580032,1,854.3875754965677,7,0,FIFA World Cup qualification
2023-11-16,Egypt,Djibouti,1784.771300168631,1084.3331515978296,1,800.4381485708013,6,0,FIFA World Cup qualification
2023-11-16,Sudan,Togo,1402.929359336267,1501.4020532086522,0,-98.47269387238521,1,1,FIFA World Cup qualification
2023-11-16,Nigeria,Lesotho,1720.6279130261864,1323.1694184305873,1,497.4584945955992,1,1,FIFA World Cup qualification
2023-11-16,Cape Verde,Angola,1586.7029087818653,1501.8583477420561,1,184.84456103980915,0,0,FIFA World Cup qualification
2023-11-16,Burundi,Gambia,1441.5939562025387,1556.1937405771514,0,-114.59978437461268,3,2,FIFA World Cup qualification
2023-11-16,Gabon,Kenya,1524.441714690416,1480.7594639846757,1,143.68225070574022,2,1,FIFA World Cup qualification
2023-11-16,Botswana,Mozambique,1447.4539904112614,1466.844494315844,1,80.6094960954174,2,3,FIFA World Cup qualification
2023-11-16,Cyprus,Spain,1363.3720408154936,2073.0380278854946,1,-609.6659870700009,1,3,UEFA Euro qualification
2023-11-16,Norway,Faroe Islands,1783.1678905321978,1284.527850892633,1,598.6400396395647,2,0,Friendly
2023-11-16,United Arab Emirates,Nepal,1619.4450769284504,1134.2674137059653,1,585.1776632224851,4,0,FIFA World Cup qualification
2023-11-16,Georgia,Scotland,1682.053131914236,1850.0131481395401,1,-67.96001622530412,2,2,UEFA Euro qualification
2023-11-16,Estonia,Austria,1443.5132849503627,1858.4312342135784,1,-314.91794926321563,0,2,UEFA Euro qualification
2023-11-16,Azerbaijan,Sweden,1486.8958502114688,1804.7732481639816,1,-217.87739795251287,3,0,UEFA Euro qualification
2023-11-16,Bulgaria,Hungary,1484.1058242462211,1870.8793195370213,1,-286.77349529080016,2,2,UEFA Euro qualification
2023-11-16,Montenegro,Lithuania,1592.5898694754158,1399.5638334856696,1,293.0260359897461,2,0,UEFA Euro qualification
2023-11-16,Liechtenstein,Portugal,1044.156294018269,2085.0378547405617,1,-940.8815607222928,0,2,UEFA Euro qualification
2023-11-16,Luxembourg,Bosnia and Herzegovina,1531.0182872309229,1584.53315677836,1,46.48513045256277,4,1,UEFA Euro qualification
2023-11-16,Slovakia,Iceland,1704.1513226344573,1551.2974446706799,1,252.85387796377745,4,2,UEFA Euro qualification
2023-11-16,Curaçao,El Salvador,1504.3671940945599,1541.3275182506666,1,63.03967584389329,1,1,Friendly
2023-11-16,Saudi Arabia,Pakistan,1660.985260320664,1041.6868359402943,1,719.2984243803699,4,0,FIFA World Cup qualification
2023-11-16,Algeria,Somalia,1820.5968656033306,1015.5034450936117,1,905.0934205097188,3,1,FIFA World Cup qualification
2023-11-16,Philippines,Vietnam,1255.048109110113,1536.0872777887832,1,-181.0391686786702,0,2,FIFA World Cup qualification
2023-11-16,Sint Maarten,Guadeloupe,1214.5185908900175,1508.4236349345106,0,-293.905044044493,0,2,CONCACAF Nations League
2023-11-16,Saint Kitts and Nevis,Saint Lucia,1314.5058798446955,1357.9788722268243,1,56.52700761787128,0,0,CONCACAF Nations League
2023-11-16,United States Virgin Islands,Aruba,957.5896039067303,1203.2052410462186,1,-145.6156371394884,1,4,CONCACAF Nations League
2023-11-16,British Virgin Islands,Dominica,964.2636871145148,1221.0490278340865,1,-156.78534071957165,1,2,CONCACAF Nations League
2023-11-16,Costa Rica,Panama,1736.6004915824076,1836.7631458013723,1,-0.1626542189646898,0,3,CONCACAF Nations League
2023-11-16,United States,Trinidad and Tobago,1894.2697774041915,1556.7809351695605,1,437.48884223463097,3,0,CONCACAF Nations League
2023-11-16,Bolivia,Peru,1646.3543123791649,1861.2844874149675,1,-114.93017503580268,2,0,FIFA World Cup qualification
2023-11-16,Venezuela,Ecuador,1831.210264090845,1954.8138070222537,1,-23.60354293140881,0,0,FIFA World Cup qualification
2023-11-16,Colombia,Brazil,2013.6418835982408,2119.6885563358915,1,-6.046672737650624,2,1,FIFA World Cup qualification
2023-11-16,Argentina,Uruguay,2231.309105140542,2024.3647567647554,1,306.94434837578683,0,2,FIFA World Cup qualification
2023-11-16,Chile,Paraguay,1789.6904730507426,1784.489159049348,1,105.20131400139462,0,0,FIFA World Cup qualification
2023-11-16,Tajikistan,Jordan,1488.1511825002096,1680.5618414188734,1,-92.41065891866378,1,1,FIFA World Cup qualification
2023-11-16,Qatar,Afghanistan,1632.9525573497297,1283.5566531206346,1,449.3959042290951,8,1,FIFA World Cup qualification
2023-11-16,Kuwait,India,1480.784127482315,1408.137426412716,1,172.64670106959898,0,1,FIFA World Cup qualification
2023-11-16,Japan,Myanmar,1988.169887379087,1114.7299578024995,1,973.4399295765875,5,0,FIFA World Cup qualification
2023-11-16,Syria,North Korea,1538.9388929679856,1506.0399996687822,0,32.89889329920334,1,0,FIFA World Cup qualification
2023-11-16,Thailand,China,1519.822667403059,1590.7530611785048,1,29.069606224554263,1,2,FIFA World Cup qualification
2023-11-16,South Korea,Singapore,1874.0947091520802,1308.3324863301825,1,665.7622228218977,5,0,FIFA World Cup qualification
2023-11-16,Oman,Taiwan,1694.1880309091093,1132.1091730995931,1,662.0788578095162,3,0,FIFA World Cup qualification
2023-11-16,Malaysia,Kyrgyzstan,1475.446400056984,1391.5251555342195,1,183.92124452276448,4,3,FIFA World Cup qualification
2023-11-16,Iran,Hong Kong,1896.803841416943,1238.240836318836,1,758.5630050981069,4,0,FIFA World Cup qualification
2023-11-16,Turkmenistan,Uzbekistan,1381.7500203146487,1736.7423218467636,1,-254.99230153211488,1,3,FIFA World Cup qualification
2023-11-16,Iraq,Indonesia,1703.9014901266416,1450.1579379712439,1,353.74355215539777,5,1,FIFA World Cup qualification
2023-11-17,Mali,Chad,1750.8028470762667,1294.1368849968462,1,556.6659620794205,3,1,FIFA World Cup qualification
2023-11-17,Greece,New Zealand,1763.611200335086,1693.0160012638225,1,170.59519907126355,2,0,Friendly
2023-11-17,England,Malta,2106.5573556083787,1308.9145029201422,1,897.6428526882364,2,0,UEFA Euro qualification
2023-11-17,Italy,North Macedonia,1992.7564476416483,1627.5271413791415,1,465.2293062625067,5,2,UEFA Euro qualification
2023-11-17,Moldova,Albania,1373.0357466334635,1716.8073903368754,1,-243.77164370341188,1,1,UEFA Euro qualification
2023-11-17,Solomon Islands,Samoa,1588.9445607005812,1172.438624787038,1,516.5059359135432,1,0,Pacific Games
2023-11-17,Finland,Northern Ireland,1677.7401097931308,1518.5002708169927,1,259.2398389761381,4,0,UEFA Euro qualification
2023-11-17,Denmark,Slovenia,1918.147660748789,1758.0998404302322,1,260.04782031855666,2,1,UEFA Euro qualification
2023-11-17,Kazakhstan,San Marino,1536.965823129688,868.3505683216281,1,768.61525480806,3,1,UEFA Euro qualification
2023-11-17,Papua New Guinea,Tuvalu,1460.220777331971,1196.7936754829934,0,263.4271018489776,3,0,Pacific Games
2023-11-17,Ghana,Madagascar,1685.3820815208567,1408.6132464550162,1,376.76883506584045,1,0,FIFA World Cup qualification
2023-11-17,Poland,Czech Republic,1769.6696124240048,1802.9054286068767,1,66.76418381712801,1,1,UEFA Euro qualification
2023-11-17,Comoros,Central African Republic,1359.2721305325272,1432.1087369164075,1,27.16339361611972,4,2,FIFA World Cup qualification
2023-11-17,Liberia,Malawi,1396.568038747496,1457.1372210151267,1,39.430817732369405,0,1,FIFA World Cup qualification
2023-11-17,Bermuda,Saint Vincent and the Grenadines,1377.4433938953903,1235.467735252342,1,241.9756586430483,3,1,CONCACAF Nations League
2023-11-17,Guinea,Uganda,1547.7791480210772,1501.0992809876755,0,46.679867033401706,2,1,FIFA World Cup qualification
2023-11-17,Ivory Coast,Seychelles,1740.4906482487636,1050.6379359127786,1,789.852712335985,9,0,FIFA World Cup qualification
2023-11-17,Zambia,Congo,1635.2637901243033,1394.6964949876494,1,340.5672951366539,4,2,FIFA World Cup qualification
2023-11-17,Cameroon,Mauritius,1730.2854309561117,1221.9294959582317,1,608.35593499788,3,0,FIFA World Cup qualification
2023-11-17,Eswatini,Libya,1392.2776781098687,1449.6004248947127,0,-57.32274678484396,0,1,FIFA World Cup qualification
2023-11-17,Burkina Faso,Guinea-Bissau,1667.336899372434,1510.3312758120435,0,157.0056235603904,1,1,FIFA World Cup qualification
2023-11-17,Honduras,Mexico,1606.707417923956,1950.1495118151718,1,-243.4420938912158,2,0,CONCACAF Nations League
2023-11-17,Belize,French Guiana,1272.48185602855,1505.6304481884245,1,-133.1485921598744,1,0,CONCACAF Nations League
2023-11-17,Tunisia,São Tomé and Príncipe,1842.0218636474633,1176.3730049759172,1,765.6488586715461,4,0,FIFA World Cup qualification
2023-11-17,Barbados,Nicaragua,1177.8605679040334,1490.167512568608,1,-212.30694466457453,0,4,CONCACAF Nations League
2023-11-17,Montserrat,Dominican Republic,1263.9137692722727,1406.2215869297063,1,-42.30781765743359,2,1,CONCACAF Nations League
2023-11-18,Latvia,Croatia,1413.7759398115256,1989.6376373595574,1,-475.86169754803177,0,2,UEFA Euro qualification
2023-11-18,Belarus,Andorra,1495.0858219742574,1173.735704929056,0,321.3501170452014,1,0,UEFA Euro qualification
2023-11-18,Switzerland,Kosovo,1888.1731063441123,1572.7761287495775,1,415.39697759453475,1,1,UEFA Euro qualification
2023-11-18,Armenia,Wales,1522.8495327899848,1768.7115106367464,1,-145.86197784676165,1,1,UEFA Euro qualification
2023-11-18,New Caledonia,Tonga,1522.1093674685558,1077.6297638640394,0,444.47960360451634,7,0,Pacific Games
2023-11-18,Fiji,Northern Mariana Islands,1505.9669100012516,939.6031061856905,0,566.363803815561,10,0,Pacific Games
2023-11-18,Israel,Romania,1658.1309787140945,1693.3021112910294,0,-35.17113257693495,1,2,UEFA Euro qualification
2023-11-18,Netherlands,Republic of Ireland,2045.0425352078782,1675.276985572737,1,469.76554963514127,1,0,UEFA Euro qualification
2023-11-18,Jamaica,Canada,1723.4498129543247,1823.6752059644095,1,-0.225393010084872,1,2,CONCACAF Nations League
2023-11-18,Germany,Turkey,1984.772422861901,1804.356857641432,1,280.4155652204688,2,3,Friendly
2023-11-18,Niger,Tanzania,1340.2208708319836,1458.7567055876611,0,-118.53583475567757,0,1,FIFA World Cup qualification
2023-11-18,South Africa,Benin,1641.3054730857614,1474.5336563594794,1,266.77181672628194,2,1,FIFA World Cup qualification
2023-11-18,Senegal,South Sudan,1855.1150668783932,1287.4436920748647,1,667.6713748035286,4,0,FIFA World Cup qualification
2023-11-18,Anguilla,Bonaire,877.7067773060187,1215.5482808909558,1,-237.84150358493707,0,3,CONCACAF Nations League
2023-11-18,Antigua and Barbuda,Puerto Rico,1275.3494333070757,1318.562664728411,1,56.786768578664805,2,3,CONCACAF Nations League
2023-11-18,France,Gibraltar,2187.5253798245926,1165.9428083871735,1,1121.5825714374191,14,0,UEFA Euro qualification
2023-11-19,Liechtenstein,Luxembourg,1043.890820306423,1561.3632075220041,1,-417.4723872155812,0,1,UEFA Euro qualification
2023-11-19,Bosnia and Herzegovina,Slovakia,1554.1882364872788,1715.5003116268429,1,-61.31207513956406,1,2,UEFA Euro qualification
2023-11-19,Portugal,Iceland,2085.3033284524076,1539.9484556782943,1,645.3548727741133,2,0,UEFA Euro qualification
2023-11-19,Serbia,Bulgaria,1867.3363344543764,1497.665795051939,1,469.67053940243727,2,2,UEFA Euro qualification
2023-11-19,Hungary,Montenegro,1857.3193487313033,1601.9617493241215,1,355.35759940718185,3,1,UEFA Euro qualification
2023-11-19,Sweden,Estonia,1750.3113866159601,1435.095378557419,1,415.2160080585411,2,0,UEFA Euro qualification
2023-11-19,Belgium,Azerbaijan,2056.611847715384,1541.3577117594903,1,615.2541359558938,5,0,UEFA Euro qualification
2023-11-19,Scotland,Norway,1846.1501969437884,1784.0944976212738,1,162.05569932251456,3,3,UEFA Euro qualification
2023-11-19,Spain,Georgia,2074.780582774851,1685.9160831099878,1,488.8644996648634,3,1,UEFA Euro qualification
2023-11-19,Mozambique,Algeria,1491.4032429298818,1820.9227416960553,1,-229.51949876617346,0,2,FIFA World Cup qualification
2023-11-19,Burundi,Gabon,1467.9615806145875,1536.6120461617322,0,-68.65046554714468,1,2,FIFA World Cup qualification
2023-11-19,Zimbabwe,Nigeria,1443.3411019857465,1702.7872127458397,0,-259.44611076009323,1,1,FIFA World Cup qualification
2023-11-19,Sudan,DR Congo,1408.4508403866769,1644.6940879796368,0,-236.24324759295996,1,0,FIFA World Cup qualification
2023-11-19,Sierra Leone,Egypt,1449.0353412895456,1785.610785307243,0,-336.57544401769746,0,2,FIFA World Cup qualification
2023-11-19,Saint Lucia,Sint Maarten,1360.3980313838645,1207.5196395886217,1,252.8783917952428,1,2,CONCACAF Nations League
2023-11-19,Guadeloupe,Saint Kitts and Nevis,1515.4225862359065,1312.0867206876553,1,303.33586554825115,5,0,CONCACAF Nations League
2023-11-19,Cyprus,Lithuania,1361.6294859261372,1390.191953636964,1,71.4375322891733,1,0,Friendly
2023-11-20,Russia,Cuba,1821.003074745769,1427.294491729476,1,493.708583016293,8,0,Friendly
2023-11-20,Ukraine,Italy,1894.9560885820947,1997.2560164092406,0,-102.2999278271459,0,0,UEFA Euro qualification
2023-11-20,Albania,Faroe Islands,1704.6993475756572,1283.601243803557,1,521.0981037721001,0,0,UEFA Euro qualification
2023-11-20,Czech Republic,Moldova,1806.702066388867,1385.1437893946818,1,521.5582769941852,3,0,UEFA Euro qualification
2023-11-20,Samoa,American Samoa,1170.9791483237132,1084.3284654910306,0,86.6506828326826,10,0,Pacific Games
2023-11-20,San Marino,Finland,867.6402694510491,1691.5083165974424,1,-723.8680471463933,1,2,UEFA Euro qualification
2023-11-20,Tuvalu,Vanuatu,1187.3441466529491,1462.1655455847326,0,-274.8213989317835,0,6,Pacific Games
2023-11-20,Curaçao,El Salvador,1502.5724188316372,1543.1222935135893,1,59.45012531804787,1,1,Friendly
2023-11-20,Northern Ireland,Denmark,1504.7320640126811,1925.4628618039492,1,-320.73079779126806,2,0,UEFA Euro qualification
2023-11-20,Chad,Madagascar,1291.7969167090744,1404.5099535125487,0,-112.71303680347432,0,3,FIFA World Cup qualification
2023-11-20,Slovenia,Kazakhstan,1750.784639375072,1537.676122000267,1,313.10851737480493,2,1,UEFA Euro qualification
2023-11-20,Liberia,Equatorial Guinea,1374.3079137264106,1559.9082055138203,1,-85.60029178740979,3,0,FIFA World Cup qualification
2023-11-20,Mali,Central African Republic,1753.1428153640386,1404.4494456039379,1,448.6933697601007,1,1,FIFA World Cup qualification
2023-11-20,Montserrat,Barbados,1280.7313694579805,1165.0602844730297,1,215.67108498495077,4,2,CONCACAF Nations League
2023-11-20,Aruba,Cayman Islands,1219.0553842202287,1077.859989634082,1,241.19539458614668,5,1,CONCACAF Nations League
2023-11-20,Dominica,Turks and Caicos Islands,1229.7049599482161,1056.6823116354308,0,173.02264831278535,2,0,CONCACAF Nations League
2023-11-20,Panama,Costa Rica,1863.0008566948045,1710.3627806889754,1,252.63807600582913,3,1,CONCACAF Nations League
2023-11-20,North Macedonia,England,1623.0275726115492,2106.897431281578,1,-383.86985867002886,1,1,UEFA Euro qualification
2023-11-20,Djibouti,Guinea-Bissau,1083.4936664592174,1518.800442457577,0,-435.3067759983596,0,1,FIFA World Cup qualification
2023-11-20,Gambia,Ivory Coast,1529.8261161651026,1741.5396791254245,0,-211.71356296032195,0,2,FIFA World Cup qualification
2023-11-20,Seychelles,Kenya,1049.5889050361177,1468.5891325133593,0,-419.00022747724165,0,5,FIFA World Cup qualification
2023-11-20,Trinidad and Tobago,United States,1552.865531920456,1898.185180653296,1,-245.31964873283982,2,1,CONCACAF Nations League
2023-11-21,Bangladesh,Lebanon,1125.8998296580733,1454.2538208069936,1,-228.3539911489204,1,1,FIFA World Cup qualification
2023-11-21,Ethiopia,Burkina Faso,1444.7218351574709,1658.8677327269004,0,-214.1458975694295,0,3,FIFA World Cup qualification
2023-11-21,South Sudan,Mauritania,1285.8708742403423,1508.761925323772,0,-222.8910510834296,0,0,FIFA World Cup qualification
2023-11-21,Togo,Senegal,1495.8805721582423,1856.6878847129155,1,-260.8073125546732,0,0,FIFA World Cup qualification
2023-11-21,Lesotho,Benin,1341.010118710934,1467.4469853844423,0,-126.43686667350835,0,0,FIFA World Cup qualification
2023-11-21,Rwanda,South Africa,1389.5134134907476,1648.3921440607985,1,-158.87873057005095,2,0,FIFA World Cup qualification
2023-11-21,Eswatini,Cape Verde,1375.547822087871,1576.9643526919103,0,-201.41653060403928,0,2,FIFA World Cup qualification
2023-11-21,Libya,Cameroon,1466.3302809167103,1732.3333506361544,1,-166.00306971944406,1,1,FIFA World Cup qualification
2023-11-21,Niger,Zambia,1326.7913647407822,1642.6688074433148,0,-315.87744270253256,2,1,FIFA World Cup qualification
2023-11-21,Tanzania,Morocco,1472.1862116788625,1923.5209779321683,1,-351.3347662533058,0,2,FIFA World Cup qualification
2023-11-21,Botswana,Guinea,1422.8952417972237,1565.1080916557983,1,-42.2128498585746,1,0,FIFA World Cup qualification
2023-11-21,Malawi,Tunisia,1479.3973460362122,1842.9248446008253,1,-263.5274985646131,0,1,FIFA World Cup qualification
2023-11-21,São Tomé and Príncipe,Namibia,1175.4700240225552,1566.7787579087108,0,-391.30873388615555,0,2,FIFA World Cup qualification
2023-11-21,Comoros,Ghana,1386.9314218449967,1689.4853744633242,1,-202.55395261832746,1,0,FIFA World Cup qualification
2023-11-21,Austria,Germany,1866.849140606522,1968.0925443156227,1,-1.2434037091006758,2,0,Friendly
2023-11-21,Poland,Latvia,1765.8729746420145,1410.1342439505404,1,455.7387306914741,2,0,Friendly
2023-11-21,Republic of Ireland,New Zealand,1672.7679179455417,1684.841295776488,1,87.92662216905364,1,1,Friendly
2023-11-21,Gibraltar,Netherlands,1165.7468011752628,2047.5516028350735,0,-881.8048016598107,0,6,UEFA Euro qualification
2023-11-21,Greece,France,1771.7859058224205,2187.721387036503,1,-315.93548121408253,2,2,UEFA Euro qualification
2023-11-21,Wales,Turkey,1760.7758588555607,1821.0367361877104,1,39.739122667850324,1,1,UEFA Euro qualification
2023-11-21,Croatia,Armenia,1993.2793332205426,1530.7851845711705,1,562.4941486493724,1,0,UEFA Euro qualification
2023-11-21,Andorra,Israel,1168.3000374440926,1640.1487042452902,1,-371.8486668011976,0,2,UEFA Euro qualification
2023-11-21,Kosovo,Belarus,1589.422333397117,1500.521489459221,1,188.90084393789607,0,1,UEFA Euro qualification
2023-11-21,Romania,Switzerland,1711.2843857598336,1871.5269016965728,1,-60.24251593673921,1,0,UEFA Euro qualification
2023-11-21,Tonga,Cook Islands,1072.7799677658486,1205.306442458533,0,-132.52647469268436,1,2,Pacific Games
2023-11-21,Fiji,Tahiti,1508.8775284209137,1487.5460380067495,0,21.331490414164136,0,0,Pacific Games
2023-11-21,Palestine,Australia,1545.6372247621325,1881.5939959545008,0,-335.95677119236825,0,1,FIFA World Cup qualification
2023-11-21,Nepal,Yemen,1131.7704510752599,1231.3290198665368,1,0.4414312087230883,0,2,FIFA World Cup qualification
2023-11-21,Somalia,Uganda,1015.1775690008872,1483.7703373529544,0,-468.5927683520672,0,1,FIFA World Cup qualification
2023-11-21,Jordan,Saudi Arabia,1675.364249885182,1662.1600460310392,1,113.20420385414286,0,2,FIFA World Cup qualification
2023-11-21,Bahrain,United Arab Emirates,1610.8255834748354,1621.9420395591558,1,88.88354391567964,0,2,FIFA World Cup qualification
2023-11-21,Nicaragua,Dominican Republic,1502.9677959996116,1389.4039867439985,1,213.56380925561302,0,0,CONCACAF Nations League
2023-11-21,French Guiana,Bermuda,1485.1477775830358,1386.3957564134728,0,98.75202116956302,3,0,CONCACAF Nations League
2023-11-21,Saint Vincent and the Grenadines,Belize,1226.5153727342595,1292.9645266339387,1,33.55084610032077,3,0,CONCACAF Nations League
2023-11-21,Guyana,Antigua and Barbuda,1428.8536428632508,1257.919352387356,0,170.93429047589484,6,0,CONCACAF Nations League
2023-11-21,Puerto Rico,Bahamas,1335.9927456481307,1103.1077156484896,1,332.8850299996411,6,1,CONCACAF Nations League
2023-11-21,Bonaire,Saint Martin,1226.1932402753505,1185.7134621760824,1,140.47977809926806,0,4,CONCACAF Nations League
2023-11-21,Canada,Jamaica,1838.6654749673044,1708.4595439514299,1,230.2059310158745,2,3,CONCACAF Nations League
2023-11-21,Mexico,Honduras,1914.0414911975727,1642.815438541555,1,371.2260526560176,2,0,CONCACAF Nations League
2023-11-21,Ecuador,Chile,1953.4571643604054,1783.8131297545933,1,269.64403460581207,1,0,FIFA World Cup qualification
2023-11-21,Paraguay,Colombia,1790.3665023454973,2033.989922922487,1,-143.6234205769897,0,1,FIFA World Cup qualification
2023-11-21,Uruguay,Bolivia,2075.6091631529453,1685.931377644057,1,489.6777855088883,3,0,FIFA World Cup qualification
2023-11-21,Peru,Venezuela,1821.7074221500754,1832.5669067526933,1,89.14051539738216,1,1,FIFA World Cup qualification
2023-11-21,Mauritius,Angola,1219.881576278189,1511.596903832011,1,-191.71532755382214,0,0,FIFA World Cup qualification
2023-11-21,India,Qatar,1437.331210529523,1639.2511429539352,1,-101.91993242441208,0,3,FIFA World Cup qualification
2023-11-21,Afghanistan,Kuwait,1277.258067516429,1451.5903433655078,0,-174.33227584907877,0,4,FIFA World Cup qualification
2023-11-21,Myanmar,North Korea,1114.436265295583,1487.9281722548092,1,-273.49190695922607,1,6,FIFA World Cup qualification
2023-11-21,Syria,Japan,1557.0507203819586,1988.4635798860033,0,-431.4128595040447,0,5,FIFA World Cup qualification
2023-11-21,China,South Korea,1612.4225482903137,1875.7905277610382,1,-163.36797947072455,0,3,FIFA World Cup qualification
2023-11-21,Singapore,Thailand,1306.6366677212245,1498.1531802912502,1,-91.51651257002572,1,3,FIFA World Cup qualification
2023-11-21,Taiwan,Malaysia,1130.594221962462,1485.7484448978432,1,-255.1542229353813,0,1,FIFA World Cup qualification
2023-11-21,Kyrgyzstan,Oman,1381.2231106933602,1695.7029820462405,1,-214.4798713528803,1,0,FIFA World Cup qualification
2023-11-21,Uzbekistan,Iran,1747.97846563446,1897.7439447426752,1,-49.76547910821523,2,2,FIFA World Cup qualification
2023-11-21,Hong Kong,Turkmenistan,1237.3007329931038,1370.5138765269523,1,-33.21314353384855,2,2,FIFA World Cup qualification
2023-11-21,Philippines,Indonesia,1239.4039321337982,1441.4997246260966,1,-102.09579249229841,1,1,FIFA World Cup qualification
2023-11-21,Vietnam,Iraq,1551.731454765098,1712.559703471789,1,-60.82824870669083,0,1,FIFA World Cup qualification
2023-11-21,Brazil,Argentina,2099.3405170116453,2180.0646987523523,1,19.27581825929292,0,1,FIFA World Cup qualification
2023-11-21,Pakistan,Tajikistan,1040.5120502299192,1493.348774033901,1,-352.83672380398184,1,6,FIFA World Cup qualification
2023-11-23,Solomon Islands,American Samoa,1590.404037163906,1054.5749531178765,1,635.8290840460295,11,0,Pacific Games
2023-11-23,Vanuatu,Papua New Guinea,1473.0357200866374,1469.6703061620153,0,3.3654139246220893,1,1,Pacific Games
2023-11-24,Cook Islands,New Caledonia,1214.8470577187502,1526.9591635667466,0,-312.1121058479964,0,8,Pacific Games
2023-11-24,Northern Mariana Islands,Tahiti,936.6924877660284,1488.4658370148586,0,-551.7733492488302,0,5,Pacific Games
2023-11-27,Tahiti,Samoa,1490.8699671308555,1200.7326606968672,0,290.1373064339882,2,1,Pacific Games
2023-11-27,Cook Islands,Papua New Guinea,1204.7111809667178,1469.8155982167057,0,-265.1044172499878,0,3,Pacific Games
2023-11-27,Northern Mariana Islands,American Samoa,934.2883576500317,1052.5055338223724,0,-118.21717617234071,4,0,Pacific Games
2023-11-27,Tonga,Tuvalu,1063.2393525056314,1176.4739721510443,0,-113.23461964541298,0,4,Pacific Games
2023-11-28,New Caledonia,Vanuatu,1537.095040318779,1472.890428031947,0,64.20461228683189,1,0,Pacific Games
2023-11-28,Solomon Islands,Fiji,1592.47345645941,1507.9577294128046,1,184.51572704660543,2,0,Pacific Games
2023-11-30,American Samoa,Tonga,1015.1637951183236,1043.9693920882098,0,-28.80559696988621,2,6,Pacific Games
2023-11-30,Northern Mariana Islands,Tuvalu,971.6300963540805,1195.7439325684659,0,-224.1138362143854,1,4,Pacific Games
2023-11-30,Samoa,Cook Islands,1195.9805936252553,1195.3362379117718,0,0.6443557134834919,3,0,Pacific Games
2023-11-30,Tahiti,Papua New Guinea,1495.6220342024674,1479.1905412716517,0,16.431492930815693,2,0,Pacific Games
2023-12-01,Vanuatu,Fiji,1460.6312357289466,1496.397351272331,0,-35.76611554338433,2,4,Pacific Games
2023-12-02,Solomon Islands,New Caledonia,1604.0338345998837,1549.3542326217794,1,154.6796019781043,2,2,Pacific Games
2023-12-16,Mexico,Colombia,1918.7915610807795,2046.163122100503,0,-127.37156101972346,2,3,Friendly
2024-01-01,China,Hong Kong,1592.7654862540264,1239.2068325078033,0,353.5586537462232,1,2,Friendly
2024-01-01,Japan,Thailand,1994.6259214555635,1520.4288334692344,1,574.197087986329,5,0,Friendly
2024-01-02,Indonesia,Libya,1435.786137248468,1475.2198040603714,0,-39.43366681190332,0,4,Friendly
2024-01-04,Tajikistan,Hong Kong,1502.6269318487282,1256.895800964896,0,245.7311308838323,2,1,Friendly
2024-01-04,Saudi Arabia,Lebanon,1701.6030555507225,1442.7231379905882,0,258.87991756013434,1,0,Friendly
2024-01-05,Indonesia,Libya,1419.1551562478837,1491.8507850609558,0,-72.69562881307206,1,2,Friendly
2024-01-05,Iran,Burkina Faso,1894.898645649053,1674.6670976806492,1,320.2315479684037,2,1,Friendly
2024-01-05,Kyrgyzstan,Syria,1412.208334340634,1550.8883788123985,0,-138.6800444717644,1,1,Friendly
2024-01-05,Qatar,Jordan,1664.2686373683994,1635.9212403654988,1,128.3473970029006,1,2,Friendly
2024-01-05,Togo,Algeria,1508.591467991602,1833.559660629474,1,-224.96819263787188,0,3,Friendly
2024-01-06,Ivory Coast,Sierra Leone,1755.229373188859,1441.4798697362721,1,413.74950345258685,5,1,Friendly
2024-01-06,Tunisia,Mauritania,1850.1210742795345,1497.4430897020363,1,452.67798457749814,0,0,Friendly
2024-01-06,Mali,Guinea-Bissau,1735.9527337560899,1521.81846956316,1,314.1342641929298,6,2,Friendly
2024-01-06,United Arab Emirates,Oman,1659.4536987544764,1664.7177583989667,1,94.73594035550968,0,1,Friendly
2024-01-06,Bahrain,Australia,1573.3139242795148,1886.646677526409,0,-313.3327532468941,0,2,Friendly
2024-01-06,Iraq,South Korea,1729.093491548039,1895.4475897973255,0,-166.35409824928638,0,1,Friendly
2024-01-06,DR Congo,Angola,1612.864184731112,1501.5595266638643,0,111.3046580672476,0,0,Friendly
2024-01-06,Mozambique,Lesotho,1478.7663239964631,1347.9832669219836,0,130.78305707447953,2,0,Friendly
2024-01-07,Uzbekistan,Palestine,1750.8237647280823,1540.5845431902244,0,210.23922153785793,1,0,Friendly
2024-01-07,Egypt,Tanzania,1793.1662568605166,1465.1742301499257,1,427.99202671059084,2,0,Friendly
2024-01-08,Ghana,Namibia,1658.9885664681262,1572.486520547789,1,186.5020459203372,0,0,Friendly
2024-01-08,Syria,Malaysia,1547.0961366080592,1493.2335345093704,0,53.86260209868874,2,2,Friendly
2024-01-08,Senegal,Niger,1843.9769888795558,1361.2060218506924,1,582.7709670288634,1,0,Friendly
2024-01-08,Nigeria,Guinea,1690.1231405679484,1542.6900114370442,0,147.43312913090426,0,2,Friendly
2024-01-08,Botswana,Mozambique,1445.3133220159777,1488.372356925535,0,-43.05903490955734,1,1,Friendly
2024-01-09,Japan,Jordan,1996.041453785742,1649.45602640299,0,346.5854273827522,6,1,Friendly
2024-01-09,Kyrgyzstan,Vietnam,1416.0005765449735,1535.197666688848,0,-119.19709014387445,2,1,Friendly
2024-01-09,Zambia,Cameroon,1608.2541503334046,1723.4438274924933,0,-115.18967715908866,1,1,Friendly
2024-01-09,Equatorial Guinea,Djibouti,1516.4553415944051,1080.4756393536343,1,535.9797022407708,1,1,Friendly
2024-01-09,Saudi Arabia,Palestine,1705.2807919178456,1535.9913510531096,0,169.28944086473598,0,0,Friendly
2024-01-09,Burundi,Algeria,1451.862779793648,1841.0848063754597,0,-389.22202658181163,0,4,Friendly
2024-01-09,Indonesia,Iran,1411.2174962346926,1897.6316368877276,0,-486.414140653035,0,5,Friendly
2024-01-10,Saudi Arabia,Hong Kong,1700.7604479893282,1252.985428230328,0,447.7750197590003,2,0,Friendly
2024-01-10,Bahrain,Angola,1569.0718438398662,1504.657855697737,0,64.41398814212926,0,3,Friendly
2024-01-10,Tunisia,Cape Verde,1841.496365083399,1591.2904223546898,1,350.20594272870926,2,0,Friendly
2024-01-10,South Africa,Lesotho,1605.5559628486874,1338.3772339929117,1,367.1787288557757,0,0,Friendly
2024-01-10,DR Congo,Burkina Faso,1609.7658556972392,1671.9341064419746,0,-62.16825074473536,1,2,Friendly
2024-01-11,Morocco,Sierra Leone,1930.532959461105,1438.3082604156311,0,492.2246990454739,3,1,Friendly
2024-01-12,Qatar,Lebanon,1650.7338513309082,1439.045401623465,1,311.68844970744317,3,0,AFC Asian Cup
2024-01-12,Kuwait,Libya,1471.708832716402,1499.788445074147,0,-28.079612357744963,1,3,Friendly
2024-01-12,Sweden,Estonia,1755.3468830172812,1430.059882156098,0,325.2870008611833,2,1,Friendly
2024-01-13,China,Tajikistan,1575.0765177969338,1506.5373045832962,0,68.5392132136376,0,0,AFC Asian Cup
2024-01-13,Australia,India,1890.8887579660575,1412.313716115059,0,478.57504185099856,2,0,AFC Asian Cup
2024-01-13,Uzbekistan,Syria,1755.416956865197,1545.5581479428524,0,209.85880892234468,0,0,AFC Asian Cup
2024-01-13,Ivory Coast,Guinea-Bissau,1758.4009825095,1516.5368402903227,1,341.8641422191772,2,0,African Cup of Nations
2024-01-13,Guatemala,Iceland,1636.9468219683952,1538.5218202990545,0,98.42500166934065,0,1,Friendly
2024-01-14,Ghana,Cape Verde,1654.0829778856105,1587.7642618647492,0,66.3187160208613,1,2,African Cup of Nations
2024-01-14,Egypt,Mozambique,1795.519486643002,1487.1393247832443,0,308.38016185975766,2,2,African Cup of Nations
2024-01-14,Nigeria,Equatorial Guinea,1669.1143516684463,1507.3296562358107,0,161.78469543263554,1,1,African Cup of Nations
2024-01-14,Iran,Palestine,1899.9245501601913,1540.511694981627,0,359.4128551785643,4,1,AFC Asian Cup
2024-01-14,United Arab Emirates,Hong Kong,1646.792605365903,1250.8676076327959,0,395.92499773310715,3,1,AFC Asian Cup
2024-01-14,Japan,Vietnam,2000.8301621391001,1521.895452048606,0,478.93471009049404,4,2,AFC Asian Cup
2024-01-15,Indonesia,Iraq,1408.924582962229,1723.546356870423,0,-314.6217739081942,1,3,AFC Asian Cup
2024-01-15,South Korea,Bahrain,1900.9947244749414,1548.3640420200759,0,352.63068245486556,3,1,AFC Asian Cup
2024-01-15,Malaysia,Jordan,1494.7715231745772,1644.6673180496318,0,-149.89579487505466,0,4,AFC Asian Cup
2024-01-15,Senegal,Gambia,1844.6518211681184,1516.1364221016681,0,328.5153990664503,3,0,African Cup of Nations
2024-01-15,Cameroon,Guinea,1720.2447661158399,1563.6988003365464,0,156.5459657792935,1,1,African Cup of Nations
2024-01-15,Algeria,Angola,1844.6911218571877,1525.3656575175273,0,319.32546433966036,1,1,African Cup of Nations
2024-01-16,Mali,South Africa,1741.2343630289272,1597.7115050697705,0,143.52285795915668,2,0,African Cup of Nations
2024-01-16,Tunisia,Namibia,1845.0225255733396,1577.3921091303048,0,267.63041644303485,0,1,African Cup of Nations
2024-01-16,Burkina Faso,Mauritania,1680.1636157565251,1506.0677988981718,0,174.09581685835337,1,0,African Cup of Nations
2024-01-16,Saudi Arabia,Oman,1702.8782685868603,1677.37885178754,0,25.499416799320215,2,1,AFC Asian Cup
2024-01-16,Thailand,Kyrgyzstan,1519.0133011390558,1429.3027911852153,0,89.71050995384053,2,0,AFC Asian Cup
2024-01-17,Lebanon,China,1426.5717727904996,1570.2077199659434,0,-143.6359471754438,0,0,AFC Asian Cup
2024-01-17,Qatar,Tajikistan,1663.2074801638737,1511.4061024142866,1,251.80137774958712,1,0,AFC Asian Cup
2024-01-17,Morocco,Tanzania,1932.199217243121,1462.8210003674403,0,469.37821687568066,3,0,African Cup of Nations
2024-01-17,DR Congo,Zambia,1601.5363463826886,1611.453211710058,0,-9.91686532736935,1,1,African Cup of Nations
2024-01-17,Honduras,Iceland,1638.0653686583482,1551.2812927065638,0,86.78407595178442,0,2,Friendly
2024-01-18,Egypt,Ghana,1777.7644597723063,1624.3680870461628,0,153.39637272614345,2,2,African Cup of Nations
2024-01-18,Ivory Coast,Nigeria,1767.596852007983,1658.2473272797442,1,209.34952472823875,0,1,African Cup of Nations
2024-01-18,Equatorial Guinea,Guinea-Bissau,1518.1966806245127,1507.3409707918397,0,10.855709832673028,4,2,African Cup of Nations
2024-01-18,India,Uzbekistan,1407.8279251282447,1741.9193194898614,0,-334.0913943616167,0,3,AFC Asian Cup
2024-01-18,Syria,Australia,1559.055785318188,1895.3745489528717,0,-336.3187636346836,0,1,AFC Asian Cup
2024-01-18,Palestine,United Arab Emirates,1530.6984058142161,1653.7575875303303,0,-123.05918171611415,1,1,AFC Asian Cup
2024-01-19,Hong Kong,Iran,1243.9026254683686,1909.7378393276022,0,-665.8352138592336,0,1,AFC Asian Cup
2024-01-19,Iraq,Japan,1734.0841722359057,2005.3072291106748,0,-271.2230568747691,2,1,AFC Asian Cup
2024-01-19,Vietnam,Indonesia,1517.4183850770314,1398.3867675967463,0,119.03161748028515,0,1,AFC Asian Cup
2024-01-19,Cape Verde,Mozambique,1617.4791527041968,1504.89435165394,0,112.58480105025683,3,0,African Cup of Nations
2024-01-19,Senegal,Cameroon,1856.1248753953735,1709.6854671298934,0,146.4394082654801,3,1,African Cup of Nations
2024-01-19,Guinea,Gambia,1574.2580993224929,1504.663367874413,0,69.59473144807976,1,0,African Cup of Nations
2024-01-19,Kuwait,Uganda,1457.9184944175768,1486.2953283010377,0,-28.376833883460904,0,2,Friendly
2024-01-20,United States,Slovenia,1874.0619249932377,1756.4470180923681,1,217.61490690086953,0,1,Friendly
2024-01-20,Tunisia,Mali,1803.8448962126731,1764.0683043496767,0,39.77659186299638,1,1,African Cup of Nations
2024-01-20,Mauritania,Angola,1492.6421092513815,1543.5023537737575,0,-50.86024452237598,2,3,African Cup of Nations
2024-01-20,Bahrain,Malaysia,1539.6566446648603,1466.9521330027696,0,72.70451166209068,1,0,AFC Asian Cup
2024-01-20,Jordan,South Korea,1672.4867082214394,1909.702121830157,0,-237.21541360871765,2,2,AFC Asian Cup
2024-01-20,Algeria,Burkina Faso,1826.5544256009575,1693.5893054033154,0,132.96512019764214,2,2,African Cup of Nations
2024-01-21,Oman,Thailand,1654.2103949238542,1547.0401155993452,0,107.17027932450901,0,0,AFC Asian Cup
2024-01-21,Kyrgyzstan,Saudi Arabia,1401.2759767249258,1726.046725450546,0,-324.77074872562025,0,2,AFC Asian Cup
2024-01-21,South Africa,Namibia,1574.877563749021,1618.5697384909713,0,-43.69217474195034,4,0,African Cup of Nations
2024-01-21,Morocco,DR Congo,1937.6992839509892,1602.249728482289,0,335.4495554687003,1,1,African Cup of Nations
2024-01-21,Zambia,Tanzania,1610.7398296104577,1457.3209336595721,0,153.4188959508856,1,1,African Cup of Nations
2024-01-22,Ivory Coast,Equatorial Guinea,1729.125198904712,1554.5253651009052,1,274.59983380380686,0,4,African Cup of Nations
2024-01-22,Mozambique,Ghana,1474.8450987875506,1634.7404746588966,0,-159.895375871346,2,2,African Cup of Nations
2024-01-22,Cape Verde,Egypt,1647.5284055705863,1767.3920721595725,0,-119.86366658898623,2,2,African Cup of Nations
2024-01-22,Guinea-Bissau,Nigeria,1471.0122863154472,1696.7189803830152,0,-225.70669406756792,0,1,African Cup of Nations
2024-01-22,Tajikistan,Lebanon,1501.902062432138,1436.356037127633,0,65.54602530450506,2,1,AFC Asian Cup
2024-01-22,Qatar,China,1672.7115201460222,1560.42345562881,1,212.2880645172122,1,0,AFC Asian Cup
2024-01-23,Australia,Uzbekistan,1901.678911373368,1753.0761693857498,0,148.60274198761817,1,1,AFC Asian Cup
2024-01-23,Syria,India,1552.7514228976918,1396.6710752323563,0,156.08034766533547,1,0,AFC Asian Cup
2024-01-23,Hong Kong,Palestine,1242.8431746428068,1539.2006226587464,0,-296.35744801593955,0,3,AFC Asian Cup
2024-01-23,Iran,United Arab Emirates,1910.7972901531639,1645.2553706858,0,265.54191946736387,2,1,AFC Asian Cup
2024-01-23,Gambia,Cameroon,1484.605192236682,1687.1172916560245,0,-202.51209941934258,2,3,African Cup of Nations
2024-01-23,Guinea,Senegal,1594.316274960224,1878.6930508692424,0,-284.3767759090183,0,2,African Cup of Nations
2024-01-23,Angola,Burkina Faso,1564.8685843868564,1702.7156494203318,0,-137.84706503347547,2,0,African Cup of Nations
2024-01-23,Mauritania,Algeria,1471.2758786382826,1817.428081583941,0,-346.1522029456585,1,0,African Cup of Nations
2024-01-24,Tanzania,DR Congo,1467.6946629320864,1620.9177474963778,0,-153.2230845642914,0,0,African Cup of Nations
2024-01-24,South Africa,Tunisia,1627.6165055923998,1800.99517999147,0,-173.37867439907018,0,0,African Cup of Nations
2024-01-24,Zambia,Morocco,1600.3661003379434,1919.0312649369002,0,-318.66516459895684,0,1,African Cup of Nations
2024-01-24,Japan,Indonesia,1963.980342866598,1431.631694196446,0,532.348648670152,3,1,AFC Asian Cup
2024-01-24,Iraq,Vietnam,1775.4110584799826,1484.1734584773317,0,291.2376000026509,3,2,AFC Asian Cup
2024-01-24,Namibia,Mali,1565.8307966475927,1766.91802057088,0,-201.08722392328718,0,0,African Cup of Nations
2024-01-25,Jordan,Bahrain,1687.3194907834763,1559.5001827142733,0,127.81930806920309,0,1,AFC Asian Cup
2024-01-25,South Korea,Malaysia,1894.86933926812,1447.1085949533567,0,447.7607443147633,3,3,AFC Asian Cup
2024-01-25,Kyrgyzstan,Oman,1391.2562742915554,1646.7344890101306,0,-255.47821471857515,1,1,AFC Asian Cup
2024-01-25,Saudi Arabia,Thailand,1736.0664278839165,1554.5160215130688,0,181.55040637084767,0,0,AFC Asian Cup
2024-01-27,Angola,Namibia,1616.512445766525,1578.8751693537113,0,37.63727641281366,3,0,African Cup of Nations
2024-01-27,Nigeria,Cameroon,1707.4333571107225,1698.9984638176688,0,8.43489329305362,2,0,African Cup of Nations
2024-01-28,Australia,Indonesia,1891.593703360517,1428.2868505156093,0,463.3068528449078,4,0,AFC Asian Cup
2024-01-28,Tajikistan,United Arab Emirates,1522.2408159881238,1636.3453093392939,0,-114.10449335117005,1,1,AFC Asian Cup
2024-01-28,Egypt,DR Congo,1759.0938289333762,1610.555684697982,0,148.53814423539416,1,1,African Cup of Nations
2024-01-28,Equatorial Guinea,Guinea,1632.2728952720665,1582.1007925685503,0,50.1721027035162,0,1,African Cup of Nations
2024-01-29,Cape Verde,Mauritania,1655.8266487967826,1515.276840014002,0,140.5498087827807,1,0,African Cup of Nations
2024-01-29,Ivory Coast,Senegal,1651.3776687335508,1890.908533260916,1,-139.53086452736534,1,1,African Cup of Nations
2024-01-29,Iraq,Jordan,1783.2890433101065,1653.5157947196426,0,129.77324859046394,2,3,AFC Asian Cup
2024-01-29,Qatar,Palestine,1684.0905050868994,1552.6482419409263,1,231.44226314597313,2,1,AFC Asian Cup
2024-01-30,Saudi Arabia,South Korea,1724.0748991871496,1873.3993098541655,0,-149.32441066701585,1,1,AFC Asian Cup
2024-01-30,Uzbekistan,Thailand,1763.1613773986007,1566.5075502098357,0,196.65382718876504,2,1,AFC Asian Cup
2024-01-30,Mali,Burkina Faso,1753.8736478647613,1651.0717880406633,0,102.80185982409807,2,1,African Cup of Nations
2024-01-30,Morocco,South Africa,1925.9171061730065,1639.150235343997,0,286.76687082900935,0,2,African Cup of Nations
2024-01-31,Bahrain,Japan,1593.303878778107,1967.3251865474347,0,-374.0213077693277,1,3,AFC Asian Cup
2024-01-31,Iran,Syria,1919.70735149967,1567.2196663679085,0,352.4876851317615,1,1,AFC Asian Cup
2024-02-02,Nigeria,Angola,1744.0231268920197,1655.5415137059554,0,88.48161318606435,1,0,African Cup of Nations
2024-02-02,DR Congo,Guinea,1620.637000674139,1610.6860783893515,0,9.950922284787566,3,1,African Cup of Nations
2024-02-02,Tajikistan,Jordan,1530.1683055381957,1687.4424081720285,0,-157.27410263383285,0,1,AFC Asian Cup
2024-02-02,Australia,South Korea,1897.6826157144571,1863.2706607800924,0,34.41195493436476,1,2,AFC Asian Cup
2024-02-03,Iran,Japan,1900.5165080215795,1975.1287501185964,0,-74.61224209701686,2,1,AFC Asian Cup
2024-02-03,Qatar,Uzbekistan,1694.5295565402093,1775.3507067682444,1,19.178849771964906,1,1,AFC Asian Cup
2024-02-03,Cape Verde,South Africa,1671.2310870302422,1702.0747942710104,0,-30.843707240768254,0,0,African Cup of Nations
2024-02-03,Ivory Coast,Mali,1660.9106426164533,1771.6850315359652,1,-10.774388919511921,2,1,African Cup of Nations
2024-02-03,Costa Rica,El Salvador,1701.8424618971464,1544.81689904843,1,257.0255628487164,2,0,Friendly
2024-02-06,Jordan,South Korea,1701.8401005888898,1890.738734633311,0,-188.89863404442121,2,0,AFC Asian Cup
2024-02-07,Nigeria,South Africa,1762.7905267771962,1699.8612231716381,0,62.92930360555806,1,1,African Cup of Nations
2024-02-07,Qatar,Iran,1693.150927386539,1930.8042522969276,1,-137.65332491038862,3,2,AFC Asian Cup
2024-02-07,Ivory Coast,DR Congo,1686.6856737883954,1657.0632546355496,1,129.62241915284585,1,0,African Cup of Nations
2024-02-10,Qatar,Jordan,1727.5682082340784,1757.9318157866333,1,69.63639244744513,3,1,AFC Asian Cup
2024-02-10,South Africa,DR Congo,1704.3404747965976,1640.9803972805908,0,63.36007751600687,0,0,African Cup of Nations
2024-02-11,Ivory Coast,Nigeria,1702.7685311433543,1758.3112751522367,1,44.45725599111756,2,1,African Cup of Nations
2024-03-01,Trinidad and Tobago,Jamaica,1576.9887875805143,1732.160770435196,1,-55.17198285468157,0,1,Friendly
2024-03-03,Trinidad and Tobago,Jamaica,1568.5635503122664,1740.5860077034438,1,-72.02245739117734,0,0,Friendly
2024-03-14,Kazakhstan,Turkmenistan,1532.0137432829708,1368.6077770122529,0,163.40596627071795,2,0,Friendly
2024-03-18,Solomon Islands,Fiji,1597.7646076670142,1516.5892776280625,1,181.17533003895164,2,1,Friendly
2024-03-20,Djibouti,Liberia,1089.6013247122287,1417.7607776458258,0,-328.1594529335971,0,2,African Cup of Nations qualification
2024-03-20,Bonaire,El Salvador,1187.278067508179,1539.2520736811655,0,-351.9740061729865,1,1,Friendly
2024-03-20,San Marino,Saint Kitts and Nevis,867.0297352836454,1303.1746497573279,1,-336.14491447368243,1,3,Friendly
2024-03-20,Somalia,Eswatini,1012.6525780528038,1361.2217524250916,0,-348.56917437228776,0,3,African Cup of Nations qualification
2024-03-20,Tonga,Samoa,1069.7678998797119,1222.1819103044006,1,-52.41401042468874,1,4,Oceania Nations Cup qualification
2024-03-21,United Arab Emirates,Yemen,1628.417819789222,1261.3671360805563,1,467.0506837086657,2,1,FIFA World Cup qualification
2024-03-21,Bahrain,Nepal,1585.5003152069453,1101.7323348612404,1,583.7679803457049,5,0,FIFA World Cup qualification
2024-03-21,Saudi Arabia,Tajikistan,1734.2035482612227,1515.7706131213345,1,318.4329351398883,1,0,FIFA World Cup qualification
2024-03-21,Hong Kong,Uzbekistan,1229.395555360627,1776.7293359219148,1,-447.33378056128777,0,2,FIFA World Cup qualification
2024-03-21,Iraq,Philippines,1749.3624298577206,1245.1175195114267,1,604.2449103462939,1,0,FIFA World Cup qualification
2024-03-21,Indonesia,Vietnam,1422.1979381616693,1476.2954736472077,1,45.9024645144616,1,0,FIFA World Cup qualification
2024-03-21,Australia,Lebanon,1870.2145418612386,1416.0172835716473,1,554.1972582895912,2,0,FIFA World Cup qualification
2024-03-21,Pakistan,Jordan,1031.233892415092,1727.8488731485786,1,-596.6149807334866,0,3,FIFA World Cup qualification
2024-03-21,Palestine,Bangladesh,1542.2091904876163,1137.4305124744787,0,404.77867801313755,5,0,FIFA World Cup qualification
2024-03-21,Venezuela,Italy,1837.5885420414536,1991.5316388982847,0,-153.94309685683106,1,2,Friendly
2024-03-21,Cyprus,Latvia,1369.6018424876077,1408.1048992816097,1,61.49694320599792,1,1,Friendly
2024-03-21,Ecuador,Guatemala,1960.447938257575,1624.1873495608859,0,336.2605886966892,2,0,Friendly
2024-03-21,Ethiopia,Lesotho,1428.922470203722,1346.2216917718285,1,182.70077843189347,1,2,Friendly
2024-03-21,Malta,Slovenia,1308.5744272469428,1772.0023286711453,1,-363.42790142420245,2,2,Friendly
2024-03-21,Montenegro,Belarus,1595.091902280012,1530.4371668411704,0,64.6547354388415,2,0,Friendly
2024-03-21,Portugal,Sweden,2086.729963831647,1758.0119315800637,1,428.7180322515835,5,2,Friendly
2024-03-21,Solomon Islands,Fiji,1602.9763122683974,1511.3775730266793,1,191.59873924171802,0,2,Friendly
2024-03-21,Belize,Puerto Rico,1269.2415627823711,1343.6896303702028,1,25.5519324121683,1,1,Friendly
2024-03-21,Iran,Turkmenistan,1896.3869714493883,1360.1846466526588,1,636.2023247967295,5,0,FIFA World Cup qualification
2024-03-21,Guinea,Vanuatu,1574.2598244279409,1440.439309373215,0,133.82051505472577,6,0,FIFA Series
2024-03-21,Taiwan,Kyrgyzstan,1123.1091323509347,1406.9140886722357,1,-183.804956321301,0,2,FIFA World Cup qualification
2024-03-21,South Africa,Andorra,1699.8312282282998,1161.9868855211716,0,537.8443427071281,1,1,FIFA Series
2024-03-21,Oman,Malaysia,1631.0766746294503,1468.5786243673112,1,262.49805026213903,2,0,FIFA World Cup qualification
2024-03-21,Panama,Mexico,1871.5211754866334,1912.3017453077462,0,-40.78056982111275,0,3,CONCACAF Nations League
2024-03-21,United States,Jamaica,1858.5066144144605,1738.5422264554732,1,219.96438795898734,3,1,CONCACAF Nations League
2024-03-21,Gibraltar,Lithuania,1165.2193242547935,1382.2195970754935,0,-217.00027282070005,0,1,UEFA Nations League
2024-03-21,Poland,Estonia,1767.9023193109451,1427.3948335933155,1,440.5074857176296,5,1,UEFA Euro qualification
2024-03-21,Wales,Finland,1758.4982147795217,1692.118850764846,1,166.37936401467573,4,1,UEFA Euro qualification
2024-03-21,Israel,Iceland,1646.4618561682112,1569.9520359924145,0,76.50982017579668,1,4,UEFA Euro qualification
2024-03-21,Cape Verde,Guyana,1673.4446581296145,1446.2002345020933,0,227.2444236275212,1,0,FIFA Series
2024-03-21,Georgia,Luxembourg,1682.522161410229,1564.6804765416518,1,217.8416848685772,2,0,UEFA Euro qualification
2024-03-21,Greece,Kazakhstan,1786.2021682203715,1540.436873642565,1,345.76529457780657,5,0,UEFA Euro qualification
2024-03-21,Qatar,Kuwait,1757.651150872133,1444.1409038678432,1,413.5102470042898,3,0,FIFA World Cup qualification
2024-03-21,Afghanistan,India,1257.1395781655349,1382.2028317621396,0,-125.06325359660468,0,0,FIFA World Cup qualification
2024-03-21,Myanmar,Syria,1100.7084475646686,1586.410509845999,1,-385.7020622813304,1,1,FIFA World Cup qualification
2024-03-21,Japan,North Korea,1944.8410058432482,1501.6559899857236,1,543.1850158575246,1,0,FIFA World Cup qualification
2024-03-21,South Korea,Thailand,1834.6470194355675,1554.318220840192,1,380.3287985953755,1,1,FIFA World Cup qualification
2024-03-21,Singapore,China,1284.3610145432403,1549.0444706879327,1,-164.6834561446924,2,2,FIFA World Cup qualification
2024-03-21,Bosnia and Herzegovina,Ukraine,1537.6814566065752,1900.6804660930507,1,-262.9990094864754,1,2,UEFA Euro qualification
2024-03-22,Mauritania,Mali,1499.8724017805423,1745.910000364023,0,-246.03759858348076,0,2,Friendly
2024-03-22,Morocco,Angola,1862.9925472459931,1636.774113820779,1,326.21843342521424,1,0,Friendly
2024-03-22,Netherlands,Scotland,2048.079079755543,1837.4439291127035,1,310.63515064283933,4,0,Friendly
2024-03-22,Niger,Togo,1360.5311895621298,1501.0663222456162,0,-140.53513268348638,1,2,Friendly
2024-03-22,Nigeria,Ghana,1736.4928862824972,1623.9839709531925,0,112.50891532930473,2,1,Friendly
2024-03-22,North Macedonia,Moldova,1639.0723765148828,1381.8313412955742,0,257.2410352193085,1,1,Friendly
2024-03-22,Senegal,Gabon,1881.3755593780136,1552.7108469826717,0,328.6647123953419,3,0,Friendly
2024-03-22,Peru,Nicaragua,1816.6857868613151,1494.756536206718,1,421.9292506545971,2,0,Friendly
2024-03-22,Romania,Northern Ireland,1734.7178834249762,1556.5534123064408,1,278.1644711185354,1,1,Friendly
2024-03-22,Spain,Colombia,2078.17450447461,2052.6529378735363,0,25.521566601073573,0,1,Friendly
2024-03-22,Chad,Mauritius,1267.7691644153629,1229.9189534463358,0,37.8502109690271,1,0,African Cup of Nations qualification
2024-03-22,Liechtenstein,Faroe Islands,1040.5735512867752,1301.7036338110236,0,-261.13008252424834,0,4,Friendly
2024-03-22,Norway,Czech Republic,1792.8007654523587,1810.0145144879746,1,82.78625096438418,1,2,Friendly
2024-03-22,Hungary,Turkey,1864.1891957754128,1823.3143802637494,1,140.87481551166343,1,0,Friendly
2024-03-22,São Tomé and Príncipe,South Sudan,1169.762261383477,1297.189709862078,0,-127.42744847860104,1,1,African Cup of Nations qualification
2024-03-22,Burkina Faso,Libya,1633.2604043694594,1513.578783372972,0,119.68162099648725,1,2,Friendly
2024-03-22,Comoros,Uganda,1417.4282298401947,1500.0729188507712,0,-82.64468901057649,4,0,Friendly
2024-03-22,Algeria,Bolivia,1773.4271202082218,1681.989254837099,1,191.43786537112283,3,2,FIFA Series
2024-03-22,Azerbaijan,Mongolia,1539.1057848307767,1075.1887304604359,1,563.9170543703408,1,0,FIFA Series
2024-03-22,Bulgaria,Tanzania,1515.1554409283854,1478.0567257304822,0,37.098715197903175,1,0,FIFA Series
2024-03-22,Egypt,New Zealand,1749.0125129572193,1687.3193487604347,1,161.69316419678466,1,0,FIFA Series
2024-03-22,Brunei,Bermuda,848.9800292145409,1367.4121916427166,0,-518.4321624281757,0,2,FIFA Series
2024-03-22,Equatorial Guinea,Cambodia,1603.6876094512654,1052.381699986079,0,551.3059094651865,2,0,FIFA Series
2024-03-22,Sri Lanka,Papua New Guinea,935.9561167856484,1457.7538554851992,1,-421.7977386995508,0,0,FIFA Series
2024-03-22,Anguilla,Turks and Caicos Islands,867.061817921624,1044.5445108901488,1,-77.48269296852482,0,0,FIFA World Cup qualification
2024-03-22,United States Virgin Islands,British Virgin Islands,941.7394607327202,955.6077550003852,1,86.13170573233492,1,1,FIFA World Cup qualification
2024-03-22,Albania,Chile,1686.5969575681906,1776.8223558574236,0,-90.225398289233,0,3,Friendly
2024-03-22,Argentina,El Salvador,2201.1731669696655,1531.5818158995005,0,669.591351070165,3,0,Friendly
2024-03-22,Armenia,Kosovo,1529.2747308616724,1559.5066560151672,1,69.76807484650521,0,1,Friendly
2024-03-22,Central African Republic,Bhutan,1421.6395272118866,890.2770605375583,0,531.3624666743283,6,0,FIFA Series
2024-03-23,Ivory Coast,Benin,1724.5869200130937,1460.4738371733927,0,264.11308283970106,2,2,Friendly
2024-03-23,Samoa,Cook Islands,1251.9415171374817,1169.1349212326265,0,82.80659590485516,1,0,Oceania Nations Cup qualification
2024-03-23,Slovakia,Austria,1732.0070915075464,1881.9028224306862,1,-49.89573092313981,0,2,Friendly
2024-03-23,Republic of Ireland,Belgium,1670.2898649615952,2058.8637746440977,1,-288.5739096825025,0,0,Friendly
2024-03-23,France,Germany,2173.305124638552,1953.0388624914585,1,320.2662621470936,0,2,Friendly
2024-03-23,Dominican Republic,Aruba,1397.6152465368918,1230.2861551091926,1,267.32909142769927,2,0,Friendly
2024-03-23,Denmark,Switzerland,1873.6415135101895,1848.0934040314303,1,125.54810947875922,0,0,Friendly
2024-03-23,Costa Rica,Honduras,1707.407287264411,1619.3946253724976,0,88.01266189191347,3,1,Copa América qualification
2024-03-23,Canada,Trinidad and Tobago,1814.9642484835383,1570.607331560237,0,244.35691692330124,2,0,Copa América qualification
2024-03-23,Tunisia,Croatia,1789.4614502398726,1994.7897869300407,0,-205.32833669016804,0,0,FIFA Series
2024-03-23,England,Brazil,2090.8526273782445,2078.232048794332,1,112.62057858391245,0,1,Friendly
2024-03-24,Ethiopia,Lesotho,1414.1004067329666,1361.043755242584,1,153.0566514903826,2,1,Friendly
2024-03-24,Jamaica,Panama,1728.6464762087192,1848.3382211762084,0,-119.69174496748929,1,0,CONCACAF Nations League
2024-03-24,United States,Mexico,1868.4023646612145,1935.4846996181711,1,32.91766504304337,2,0,CONCACAF Nations League
2024-03-24,Belize,Puerto Rico,1268.50744213642,1344.423751016154,1,24.08369112026594,3,0,Friendly
2024-03-24,Ecuador,Italy,1964.2316628599765,1997.3696651436205,0,-33.13800228364403,0,2,Friendly
2024-03-24,Guatemala,Venezuela,1620.4036249584844,1831.7505157961177,0,-211.34689083763328,0,0,Friendly
2024-03-24,San Marino,Saint Kitts and Nevis,863.2438084158218,1306.9605766251514,1,-343.71676820932953,0,0,Friendly
2024-03-24,Suriname,Martinique,1473.3517426706876,1568.2188855267336,0,-94.86714285604603,1,1,Friendly
2024-03-25,Cyprus,Serbia,1367.8500742999433,1849.84668857793,1,-381.99661427798674,0,1,Friendly
2024-03-25,Gabon,Congo,1548.1250515106385,1387.291477668638,0,160.83357384200053,1,1,Friendly
2024-03-25,Comoros,Angola,1440.5560431385643,1634.121426174538,0,-193.5653830359738,0,0,Friendly
2024-03-25,Sweden,Albania,1755.2770519936507,1673.5420477867324,1,181.73500420691835,1,0,Friendly
2024-03-25,Montenegro,North Macedonia,1607.3323144786723,1632.778513536272,0,-25.446199057599642,1,0,Friendly
2024-03-25,Sri Lanka,Bhutan,948.5243877420046,887.4184831499979,1,161.1059045920067,2,0,FIFA Series
2024-03-25,Tanzania,Mongolia,1464.6523463648805,1074.0647850500027,0,390.5875613148778,3,0,FIFA Series
2024-03-25,Bermuda,Guinea,1369.5784279489303,1594.430778178805,0,-224.85235022987467,1,5,FIFA Series
2024-03-25,Cape Verde,Equatorial Guinea,1679.8286859331215,1605.4953701759528,0,74.33331575716875,1,0,FIFA Series
2024-03-25,Azerbaijan,Bulgaria,1540.2297302412098,1528.559820293987,1,111.66990994722278,1,1,FIFA Series
2024-03-25,Bolivia,Andorra,1674.5083222967266,1175.6888094268004,0,498.81951286992626,1,0,FIFA Series
2024-03-25,Central African Republic,Papua New Guinea,1424.498104599447,1445.185584528843,0,-20.687479929395977,4,0,FIFA Series
2024-03-26,Malta,Belarus,1316.377006708631,1518.19675464251,1,-101.81974793387917,0,0,Friendly
2024-03-26,Latvia,Liechtenstein,1409.856667469274,1033.7503930926555,0,376.10627437661856,1,1,Friendly
2024-03-26,Ivory Coast,Uruguay,1718.1750987712646,2079.551285959903,0,-361.37618718863837,2,1,Friendly
2024-03-26,Hungary,Kosovo,1870.3429975823653,1571.4881795590018,1,398.8548180233636,2,0,Friendly
2024-03-26,Germany,Netherlands,1978.94008284227,2053.4527735726133,1,25.487309269656635,2,1,Friendly
2024-03-26,England,Belgium,2077.7200992908784,2052.055888191121,1,125.66421109975727,2,2,Friendly
2024-03-26,El Salvador,Honduras,1530.855734382141,1596.8357569507252,0,-65.98002256858422,1,1,Friendly
2024-03-26,Denmark,Faroe Islands,1870.1774302881188,1308.5267920051433,1,661.6506382829755,2,0,Friendly
2024-03-26,Czech Republic,Armenia,1822.353200242783,1517.2932073178379,1,405.05999292494516,2,1,Friendly
2024-03-26,Colombia,Romania,2063.3861892258788,1728.074041478926,0,335.31214774695286,3,2,Friendly
2024-03-26,France,Chile,2147.4039042877407,1789.877265638882,1,457.5266386488588,3,2,Friendly
2024-03-26,Morocco,Mauritania,1865.645234892234,1494.0151628539484,1,471.63007203828556,0,0,Friendly
2024-03-26,Peru,Dominican Republic,1819.115824737364,1402.9162348530508,1,516.1995898843131,4,1,Friendly
2024-03-26,Norway,Slovakia,1780.4620796975503,1719.1465751423173,1,161.31550455523302,1,1,Friendly
2024-03-26,Republic of Ireland,Switzerland,1677.097751414572,1851.557487253501,1,-74.45973583892896,0,1,Friendly
2024-03-26,Scotland,Northern Ireland,1832.0702352956332,1563.1972542524911,1,368.8729810431421,0,1,Friendly
2024-03-26,Slovenia,Portugal,1764.1997492094572,2089.4648434180604,1,-225.26509420860316,2,0,Friendly
2024-03-26,Spain,Brazil,2067.4412531222674,2091.364576881698,1,76.07667624056921,3,3,Friendly
2024-03-26,Finland,Estonia,1672.7059198847717,1421.8906848149336,1,350.8152350698381,2,1,Friendly
2024-03-26,Liberia,Djibouti,1425.6420316644176,1081.720070693637,1,443.9219609707807,0,0,African Cup of Nations qualification
2024-03-26,Eswatini,Somalia,1369.5181167979424,1004.356213679953,0,365.16190311798937,2,2,African Cup of Nations qualification
2024-03-26,Mauritius,Chad,1212.0892077872113,1285.5989100744873,1,26.490297712723986,1,2,African Cup of Nations qualification
2024-03-26,South Sudan,São Tomé and Príncipe,1290.1665208232514,1176.7854504223035,0,113.38107040094792,0,0,African Cup of Nations qualification
2024-03-26,Tonga,Cook Islands,1040.0082930466308,1153.8133998205803,1,-13.805106773949547,0,1,Oceania Nations Cup qualification
2024-03-26,Austria,Turkey,1894.7633387959154,1817.1605784567969,1,177.6027603391185,6,1,Friendly
2024-03-26,Nicaragua,Cuba,1492.3264983306692,1424.677453594639,1,167.6490447360302,0,1,Friendly
2024-03-26,Argentina,Costa Rica,2201.899248487025,1729.9661556861834,0,471.9330928008417,3,1,Friendly
2024-03-26,Senegal,Benin,1885.9613548500467,1466.8856584152218,0,419.075696434825,1,0,Friendly
2024-03-26,British Virgin Islands,United States Virgin Islands,960.466758671579,936.8804570615264,1,123.58630161005271,0,0,FIFA World Cup qualification
2024-03-26,Algeria,South Africa,1780.9080527485942,1686.129304322671,1,194.77874842592314,3,3,FIFA Series
2024-03-26,Egypt,Croatia,1757.4955037440816,1986.8307594104713,1,-129.33525566638968,2,4,FIFA Series
2024-03-26,New Zealand,Tunisia,1678.8363579735724,1797.420477759442,0,-118.58411978586969,0,0,FIFA Series
2024-03-26,Cambodia,Guyana,1050.5739392613916,1439.8162066985863,0,-389.24226743719464,1,4,FIFA Series
2024-03-26,Brunei,Vanuatu,846.8137929083272,1420.268355622351,0,-573.4545627140238,3,2,FIFA Series
2024-03-26,Lithuania,Gibraltar,1388.904995756482,1158.533925573805,1,330.37107018267716,1,0,UEFA Nations League
2024-03-26,Wales,Poland,1777.911145659596,1773.406468089327,1,104.504677570269,0,0,UEFA Euro qualification
2024-03-26,Ukraine,Iceland,1907.8946672287427,1612.537272133659,0,295.3573950950838,2,1,UEFA Euro qualification
2024-03-26,Turks and Caicos Islands,Anguilla,1040.1567500393257,871.4495787724471,1,268.7071712668786,1,1,FIFA World Cup qualification
2024-03-26,Georgia,Greece,1695.8426961650655,1795.8194589292098,1,0.023237235855731342,0,0,UEFA Euro qualification
2024-03-26,India,Afghanistan,1375.2992384992197,1264.0431714284548,1,211.25606707076486,1,2,FIFA World Cup qualification
2024-03-26,Kuwait,Qatar,1438.2130979163112,1763.578956823665,1,-225.36585890735387,1,2,FIFA World Cup qualification
2024-03-26,Syria,Myanmar,1570.328273974663,1116.7906834360047,0,453.5375905386584,7,0,FIFA World Cup qualification
2024-03-26,Thailand,South Korea,1570.2897777000308,1818.6754625757287,1,-148.38568487569796,0,3,FIFA World Cup qualification
2024-03-26,China,Singapore,1540.2160062018152,1293.189479029358,1,347.02652717245724,4,1,FIFA World Cup qualification
2024-03-26,Kyrgyzstan,Taiwan,1422.3748373811934,1107.648383641977,1,414.72645373921637,5,1,FIFA World Cup qualification
2024-03-26,Malaysia,Oman,1457.7317212725782,1641.9235777241834,1,-84.19185645160519,0,2,FIFA World Cup qualification
2024-03-26,Uzbekistan,Hong Kong,1780.9749869794668,1225.149904303075,1,655.825082676392,3,0,FIFA World Cup qualification
2024-03-26,Turkmenistan,Iran,1358.1821361060572,1898.3894819959899,1,-440.20734588993264,0,1,FIFA World Cup qualification
2024-03-26,Philippines,Iraq,1243.9200946451908,1750.5598547239565,1,-406.6397600787657,0,5,FIFA World Cup qualification
2024-03-26,Vietnam,Indonesia,1458.9225642539789,1439.5708475548981,1,119.35171669908073,0,3,FIFA World Cup qualification
2024-03-26,Tajikistan,Saudi Arabia,1510.2555871123302,1739.718574270227,1,-129.4629871578968,1,1,FIFA World Cup qualification
2024-03-26,Jordan,Pakistan,1730.0355156998082,1029.0472498638624,1,800.9882658359459,7,0,FIFA World Cup qualification
2024-03-26,Bahrain,Nepal,1588.1847149054267,1099.047935162759,1,589.1367797426678,3,0,FIFA World Cup qualification
2024-03-26,Yemen,United Arab Emirates,1258.8210641839316,1630.9638916858466,0,-372.142827501915,0,3,FIFA World Cup qualification
2024-03-26,Bangladesh,Palestine,1130.337623014977,1549.302079947118,1,-318.96445693214105,0,1,FIFA World Cup qualification
2024-03-26,Australia,Lebanon,1872.586676771889,1413.645148660997,1,558.941528110892,5,0,FIFA World Cup qualification
2024-04-06,Northern Mariana Islands,Guam,960.2987385547842,968.9812827991199,1,91.31745575566435,2,2,Marianas Cup
2024-04-07,Northern Mariana Islands,Guam,956.4445905624923,972.8354307914118,1,83.6091597710805,2,1,Marianas Cup
2024-04-14,Trinidad and Tobago,Guyana,1558.8013773679745,1444.8645167014922,1,213.9368606664823,2,1,Friendly
2024-04-16,Trinidad and Tobago,Guyana,1563.3196889057604,1440.3462051637064,1,222.973483742054,2,0,Friendly
2024-04-26,Grenada,Saint Vincent and the Grenadines,1260.96915451282,1250.238336585827,1,110.73081792699304,0,3,Friendly
2024-04-26,Guatemala,Nicaragua,1625.8329551689294,1477.843801308397,0,147.9891538605325,1,1,Friendly
2024-05-21,Galicia,Panama,1535.137722457574,1828.3658809918206,1,-193.22815853424663,0,2,Friendly
2024-05-21,Basque Country,Uruguay,1789.7813466119912,2061.771914584014,1,-171.99056797202297,1,1,Friendly
2024-05-31,Bolivia,Mexico,1676.115835856069,1915.1100985981157,0,-238.99426274204666,0,1,Friendly
2024-05-31,Costa Rica,Uruguay,1728.1062423896115,2057.189929803807,1,-229.08368741419554,0,0,Friendly
2024-06-01,Greenland,Turkmenistan,1492.8676804991983,1355.2418869720932,0,137.6257935271051,0,5,Friendly
2024-06-02,Indonesia,Tanzania,1486.142474951102,1469.6654312056005,1,116.47704374550153,0,0,Friendly
2024-06-03,Albania,Liechtenstein,1668.34274895295,1041.6917136838088,0,626.6510352691412,3,0,Friendly
2024-06-03,Croatia,North Macedonia,2001.3215666111964,1622.0474198073425,1,479.2741468038539,3,0,Friendly
2024-06-03,England,Bosnia and Herzegovina,2074.2530757325476,1530.4672554708832,1,643.7858202616644,3,0,Friendly
2024-06-03,Germany,Ukraine,1988.2078122009411,1914.0721607776964,1,174.13565142324478,0,0,Friendly
2024-06-03,Gibraltar,Scotland,1154.6366730537936,1814.2070921306452,0,-659.5704190768515,0,2,Friendly
2024-06-04,Switzerland,Estonia,1859.446583045789,1419.5471773203515,1,539.8994057254376,4,0,Friendly
2024-06-04,Slovenia,Armenia,1787.758273805739,1515.522600137037,1,372.235673668702,2,1,Friendly
2024-06-04,Romania,Bulgaria,1725.5394988825892,1533.2215646030045,1,292.31793427958473,0,0,Friendly
2024-06-04,Austria,Serbia,1905.3460284697712,1851.8435862648757,1,153.5024422048955,2,1,Friendly
2024-06-04,Portugal,Finland,2065.9063188217783,1675.0494273793538,1,490.8568914424245,4,2,Friendly
2024-06-04,Italy,Turkey,2010.9433052159932,1806.577888782941,1,304.3654164330519,0,0,Friendly
2024-06-04,Republic of Ireland,Hungary,1669.208655622284,1873.086658737734,1,-103.87800311545016,2,1,Friendly
2024-06-05,Tunisia,Equatorial Guinea,1792.4907477716192,1593.6565112971539,1,298.83423647446534,1,0,FIFA World Cup qualification
2024-06-05,Guatemala,Dominica,1621.8136689392945,1241.8427606934981,1,479.9709082457964,6,0,FIFA World Cup qualification
2024-06-05,Nicaragua,Montserrat,1481.8630875380318,1290.8192242600114,1,291.04386327802035,4,1,FIFA World Cup qualification
2024-06-05,Curaçao,Barbados,1500.8778132967964,1154.9724296709987,1,445.90538362579764,4,1,FIFA World Cup qualification
2024-06-05,Trinidad and Tobago,Grenada,1569.8281434920232,1238.0732211800155,1,431.7549223120077,2,2,FIFA World Cup qualification
2024-06-05,Suriname,Saint Vincent and the Grenadines,1476.0163446016356,1273.1342699186316,1,302.882074683004,4,1,FIFA World Cup qualification
2024-06-05,Antigua and Barbuda,Bermuda,1240.5727607485135,1357.4781116902957,1,-16.905350941782217,1,1,FIFA World Cup qualification
2024-06-05,Central African Republic,Chad,1454.2957851071865,1307.1208661207686,0,147.17491898641788,1,0,FIFA World Cup qualification
2024-06-05,Namibia,Liberia,1539.8461014142808,1408.524559372293,0,131.32154204198787,1,1,FIFA World Cup qualification
2024-06-05,Norway,Kosovo,1776.1262291444634,1568.744518403633,1,307.3817107408304,3,0,Friendly
2024-06-05,Sierra Leone,Djibouti,1436.6420026336152,1098.8375429857615,0,337.8044596478537,2,1,FIFA World Cup qualification
2024-06-05,Belgium,Montenegro,2055.522911749452,1618.0634082076017,1,537.4595035418502,2,0,Friendly
2024-06-05,Denmark,Sweden,1870.8282627285557,1760.4763508274332,1,210.35191190112255,2,1,Friendly
2024-06-05,France,Luxembourg,2148.7438762042657,1551.3599417868154,1,697.3839344174503,3,0,Friendly
2024-06-05,Togo,South Sudan,1507.2284577273147,1283.8620100980895,1,323.36644762922515,1,1,FIFA World Cup qualification
2024-06-05,San Marino,Slovakia,870.8144298212354,1723.4824256954041,0,-852.6679958741687,0,4,Friendly
2024-06-05,Spain,Andorra,2065.285927340944,1174.081295867458,1,991.204631473486,5,0,Friendly
2024-06-05,Mexico,Uruguay,1919.1439100662785,2051.410584030671,0,-132.26667396439257,0,4,Friendly
2024-06-06,Uzbekistan,Turkmenistan,1782.5442244604833,1382.774351657746,1,499.7698728027374,3,1,FIFA World Cup qualification
2024-06-06,Hong Kong,Iran,1223.5806668220584,1901.3297311299539,1,-577.7490643078954,2,4,FIFA World Cup qualification
2024-06-06,Indonesia,Iraq,1482.9101917589142,1757.5837979504008,1,-174.67360619148667,0,2,FIFA World Cup qualification
2024-06-06,Vietnam,Philippines,1412.350936857775,1236.8961514187465,1,275.45478543902846,3,2,FIFA World Cup qualification
2024-06-06,Jordan,Tajikistan,1730.9215996380826,1517.3812898971423,1,313.5403097409403,3,0,FIFA World Cup qualification
2024-06-06,Pakistan,Saudi Arabia,1028.161165925588,1732.592871485415,1,-604.4317055598269,0,3,FIFA World Cup qualification
2024-06-06,Nepal,United Arab Emirates,1096.7682390995524,1638.318083417554,0,-541.5498443180015,0,4,FIFA World Cup qualification
2024-06-06,Bangladesh,Australia,1124.8371285909004,1875.6675956766794,1,-650.830467085779,0,2,FIFA World Cup qualification
2024-06-06,Palestine,Lebanon,1554.8025743711946,1410.5642297562065,0,144.23834461498814,0,0,FIFA World Cup qualification
2024-06-06,Kyrgyzstan,Malaysia,1428.685476445568,1434.8624009372609,1,93.82307550830706,1,1,FIFA World Cup qualification
2024-06-06,Costa Rica,Saint Kitts and Nevis,1733.8855881627474,1299.3899552197379,1,534.4956329430095,4,0,FIFA World Cup qualification
2024-06-06,Haiti,Saint Lucia,1643.4871951169384,1336.0718766245516,0,307.41531849238686,2,1,FIFA World Cup qualification
2024-06-06,Panama,Guyana,1835.7890916384927,1433.8377505774436,1,501.9513410610491,2,0,FIFA World Cup qualification
2024-06-06,Jamaica,Dominican Republic,1748.618816393107,1401.2106534174231,1,447.4081629756838,1,0,FIFA World Cup qualification
2024-06-06,El Salvador,Puerto Rico,1532.732287344381,1328.1348844028998,1,304.59740294148105,0,0,FIFA World Cup qualification
2024-06-06,Bahrain,Yemen,1590.4644109686333,1251.4668724522244,1,438.9975385164089,0,0,FIFA World Cup qualification
2024-06-06,Honduras,Cuba,1594.9592039884853,1439.1601506169113,1,255.79905337157402,3,1,FIFA World Cup qualification
2024-06-06,Taiwan,Oman,1101.3377445776025,1664.7928980595007,1,-463.45515348189815,0,3,FIFA World Cup qualification
2024-06-06,China,Thailand,1548.5775324692138,1549.3907568068646,1,99.18677566234919,1,1,FIFA World Cup qualification
2024-06-06,Gibraltar,Wales,1153.9781723343388,1772.070462440165,0,-618.0922901058264,0,0,Friendly
2024-06-06,Netherlands,Canada,2044.185044213942,1826.7702026758009,1,317.4148415381412,4,0,Friendly
2024-06-06,Guinea-Bissau,Ethiopia,1460.29790958774,1419.9595497719572,1,140.33835981578272,0,0,FIFA World Cup qualification
2024-06-06,Singapore,South Korea,1284.8279527619593,1839.5744834688949,1,-454.7465307069356,0,7,FIFA World Cup qualification
2024-06-06,Mauritania,Sudan,1502.773190331397,1440.2807436352018,1,162.4924466961952,0,2,FIFA World Cup qualification
2024-06-06,Senegal,DR Congo,1887.6060046400905,1645.4896438488886,1,342.11636079120194,1,1,FIFA World Cup qualification
2024-06-06,Benin,Rwanda,1465.241008625178,1432.3495947028587,0,32.891413922319316,1,0,FIFA World Cup qualification
2024-06-06,Egypt,Burkina Faso,1743.0046965433564,1619.9457702874267,1,223.0589262559297,2,1,FIFA World Cup qualification
2024-06-06,Algeria,Guinea,1773.281512082986,1606.5310944374396,1,266.75041764554635,1,2,FIFA World Cup qualification
2024-06-06,Malawi,São Tomé and Príncipe,1472.201116357503,1183.0899611474654,1,389.1111552100376,3,1,FIFA World Cup qualification
2024-06-06,Mali,Ghana,1751.767239290617,1617.113600196025,1,234.6536390945921,1,2,FIFA World Cup qualification
2024-06-06,Afghanistan,Qatar,1294.8981442497275,1772.1636791968742,0,-477.26553494714676,0,0,FIFA World Cup qualification
2024-06-06,India,Kuwait,1344.444265677947,1429.628375543102,1,14.815890134844949,0,0,FIFA World Cup qualification
2024-06-06,Myanmar,Japan,1110.6303322072624,1946.5215754504816,1,-735.8912432432192,0,5,FIFA World Cup qualification
2024-06-06,North Korea,Syria,1499.9754203784903,1576.4886252034053,0,-76.51320482491496,1,0,FIFA World Cup qualification
2024-06-06,Libya,Mauritius,1526.8934174550047,1190.56725174093,1,436.3261657140747,2,1,FIFA World Cup qualification
2024-06-07,Nigeria,South Africa,1743.3632570396649,1693.7558449882793,1,149.6074120513856,1,1,FIFA World Cup qualification
2024-06-07,Angola,Eswatini,1629.0630071840326,1353.8740614386454,1,375.1889457453872,1,0,FIFA World Cup qualification
2024-06-07,Morocco,Zambia,1856.8872074147853,1593.4802591018372,1,363.4069483129481,2,1,FIFA World Cup qualification
2024-06-07,Madagascar,Comoros,1428.5377058062602,1445.6144621290698,0,-17.076756322809615,2,1,FIFA World Cup qualification
2024-06-07,Mozambique,Somalia,1485.6016024932546,1020.0002690392502,1,565.6013334540045,2,1,FIFA World Cup qualification
2024-06-07,Uganda,Botswana,1476.9451055524016,1446.5463541582685,1,130.39875139413311,1,0,FIFA World Cup qualification
2024-06-07,Zimbabwe,Lesotho,1456.0051741636378,1355.1846122035934,0,100.82056196004442,0,2,FIFA World Cup qualification
2024-06-07,Ivory Coast,Gabon,1735.9544701471532,1543.8004711017334,1,292.1539990454198,1,0,FIFA World Cup qualification
2024-06-07,Scotland,Finland,1814.8655928501,1673.3707351687626,1,241.4948576813374,2,2,Friendly
2024-06-07,Kenya,Burundi,1475.1703551004794,1448.2564643119201,0,26.91389078855923,1,1,FIFA World Cup qualification
2024-06-07,Poland,Ukraine,1779.247151308758,1918.7027856507011,1,-39.455634341943096,3,1,Friendly
2024-06-07,Peru,Paraguay,1820.8214061729916,1778.1933031674814,1,142.62810300551018,0,0,Friendly
2024-06-07,Germany,Greece,1983.5771873279364,1795.8207965720298,1,287.7563907559065,2,1,Friendly
2024-06-07,England,Iceland,2075.0926492541394,1606.3597785847053,1,568.7328706694341,0,1,Friendly
2024-06-07,Czech Republic,Malta,1824.123807423584,1319.2265019706588,0,504.89730545292514,7,1,Friendly
2024-06-07,Romania,Liechtenstein,1718.674218671614,1040.7674048880551,1,777.9068137835588,0,0,Friendly
2024-06-07,Cambodia,Mongolia,1045.5256292584857,1069.0517002092827,1,76.47392904920298,2,0,Friendly
2024-06-07,Belarus,Russia,1515.3472593804822,1823.620112880606,1,-208.2728535001238,0,4,Friendly
2024-06-07,Armenia,Kazakhstan,1513.4224073208256,1530.8195829337267,1,82.60282438709896,2,1,Friendly
2024-06-07,Albania,Azerbaijan,1669.2670577487036,1535.5679859321924,0,133.69907181651115,3,1,Friendly
2024-06-08,United States,Colombia,1888.77696568127,2065.9207318222157,1,-77.14376614094567,1,5,Friendly
2024-06-08,Cameroon,Cape Verde,1662.4086940363716,1691.6675448119204,1,70.74114922445119,4,1,FIFA World Cup qualification
2024-06-08,Gambia,Seychelles,1472.7240200750375,1043.0076824489977,0,429.71633762603983,5,1,FIFA World Cup qualification
2024-06-08,Cayman Islands,Antigua and Barbuda,1066.6292187451181,1241.5451437068386,1,-74.91592496172052,1,0,FIFA World Cup qualification
2024-06-08,Anguilla,Suriname,884.4276379539223,1486.4369081066052,1,-502.0092701526829,0,4,FIFA World Cup qualification
2024-06-08,Aruba,Curaçao,1224.9851667930336,1505.8690529774317,1,-180.88388618439808,0,2,FIFA World Cup qualification
2024-06-08,Belize,Nicaragua,1284.7963087496742,1492.9026324100628,1,-108.10632366038863,0,4,FIFA World Cup qualification
2024-06-08,British Virgin Islands,Guatemala,953.638165128622,1626.8592938553963,1,-573.2211287267744,0,3,FIFA World Cup qualification
2024-06-08,Switzerland,Austria,1861.0509124977198,1911.1945463450986,1,49.85636615262115,1,1,Friendly
2024-06-08,Bahamas,Trinidad and Tobago,1095.4108309264175,1552.9037192321384,0,-457.49288830572095,1,7,FIFA World Cup qualification
2024-06-08,Sweden,Serbia,1755.8854535893852,1845.9950683895484,1,9.890385199836828,0,3,Friendly
2024-06-08,Slovenia,Bulgaria,1789.8584666219504,1540.0868448139797,1,349.77162180797063,1,1,Friendly
2024-06-08,Latvia,Lithuania,1401.9153468781208,1392.8022482764934,1,109.11309860162737,0,2,Baltic Cup
2024-06-08,Portugal,Croatia,2067.5850110323695,2003.4070291338737,1,164.17798189849577,1,2,Friendly
2024-06-08,Moldova,Cyprus,1388.125204274185,1365.8531766129977,1,122.2720276611874,3,2,Friendly
2024-06-08,Mexico,Brazil,1907.205974316126,2093.5199026630216,0,-186.31392834689564,2,3,Friendly
2024-06-08,Hungary,Israel,1860.1828246674934,1603.8766200269667,1,356.30620464052663,3,0,Friendly
2024-06-08,Denmark,Norway,1875.4191599666037,1781.2226862028328,1,194.19647376377088,3,1,Friendly
2024-06-08,Belgium,Luxembourg,2056.8237418463327,1550.7393043284435,1,606.0844375178892,3,0,Friendly
2024-06-08,Estonia,Faroe Islands,1417.9428478684208,1307.8759595647064,1,210.06688830371445,4,1,Baltic Cup
2024-06-08,Spain,Northern Ireland,2065.418546456312,1581.0603974174792,1,584.3581490388328,5,1,Friendly
2024-06-08,Brunei,Sri Lanka,875.747757715759,961.2797488085298,1,14.468008907229205,1,0,Friendly
2024-06-09,Grenada,Costa Rica,1254.9976454399002,1737.1911579847954,1,-382.19351254489516,0,3,FIFA World Cup qualification
2024-06-09,Barbados,Haiti,1149.9811899903634,1649.3107547930215,1,-399.32956480265807,1,3,FIFA World Cup qualification
2024-06-09,Bermuda,Honduras,1356.5057287319705,1606.153000188197,1,-149.64727145622646,1,6,FIFA World Cup qualification
2024-06-09,Dominica,Jamaica,1236.7971357773963,1751.44812446182,1,-414.65098868442374,2,3,FIFA World Cup qualification
2024-06-09,Saint Vincent and the Grenadines,El Salvador,1262.713706413662,1518.6370240983067,0,-255.92331768464464,1,3,FIFA World Cup qualification
2024-06-09,Montserrat,Panama,1279.7796793879804,1838.9497026445451,0,-559.1700232565647,1,3,FIFA World Cup qualification
2024-06-09,São Tomé and Príncipe,Liberia,1177.3165270358056,1415.7434897691642,0,-238.42696273335855,0,1,FIFA World Cup qualification
2024-06-09,Namibia,Tunisia,1532.6271710174096,1798.5644189482405,0,-265.93724793083084,0,0,FIFA World Cup qualification
2024-06-09,Mauritania,Senegal,1459.6832398190527,1872.5042241524582,1,-312.8209843334055,0,1,FIFA World Cup qualification
2024-06-09,DR Congo,Togo,1660.591424336521,1492.609837429381,1,267.9815869071399,1,0,FIFA World Cup qualification
2024-06-09,Djibouti,Ethiopia,1093.831627761814,1427.625617952947,0,-333.79399019113316,1,1,FIFA World Cup qualification
2024-06-09,Slovakia,Wales,1723.7573201306054,1762.6245738190848,1,61.13274631152058,4,0,Friendly
2024-06-09,Montenegro,Georgia,1616.7625781107206,1695.8413585222454,1,20.921219588475196,1,3,Friendly
2024-06-09,Italy,Bosnia and Herzegovina,2003.8990358226577,1529.6276819492916,1,574.2713538733658,1,0,Friendly
2024-06-09,France,Canada,2149.364513662638,1821.5736867604062,1,427.79082690223163,0,0,Friendly
2024-06-09,Argentina,Ecuador,2203.759161783597,1950.6580227876038,0,253.1011389959931,1,0,Friendly
2024-06-10,Ghana,Central African Republic,1648.8838518219056,1466.2965488833922,1,282.5873029385134,4,3,FIFA World Cup qualification
2024-06-10,Equatorial Guinea,Malawi,1587.5828401205326,1477.9745504691628,1,209.6082896513699,1,0,FIFA World Cup qualification
2024-06-10,Guinea,Mozambique,1639.443705135429,1487.0862736669974,0,152.3574314684315,0,1,FIFA World Cup qualification
2024-06-10,Uganda,Algeria,1489.7724188656955,1740.3689013849967,1,-150.59648251930116,1,2,FIFA World Cup qualification
2024-06-10,Benin,Nigeria,1483.3532627500956,1735.246725442628,0,-251.89346269253247,2,1,FIFA World Cup qualification
2024-06-10,Somalia,Botswana,1018.5155978655073,1433.7190408449746,0,-415.20344297946735,1,3,FIFA World Cup qualification
2024-06-10,Guinea-Bissau,Egypt,1452.63184140675,1751.6792942244626,1,-199.0474528177126,1,1,FIFA World Cup qualification
2024-06-10,Poland,Turkey,1795.9433028027288,1813.6221581762766,1,82.32114462645222,2,1,Friendly
2024-06-10,Netherlands,Iceland,2049.381560129337,1625.630221110303,1,523.7513390190338,4,0,Friendly
2024-06-10,Czech Republic,North Macedonia,1826.3268793508823,1619.9619572846652,1,306.3649220662171,2,1,Friendly
2024-06-10,Burkina Faso,Sierra Leone,1611.2711726063205,1441.6479178575628,0,169.62325474875774,2,2,FIFA World Cup qualification
2024-06-11,Indonesia,Philippines,1466.8385306645046,1230.0962526891392,1,336.74227797536537,2,0,FIFA World Cup qualification
2024-06-11,Japan,Syria,1947.6621547216637,1552.154018866654,1,495.50813585500964,5,0,FIFA World Cup qualification
2024-06-11,North Korea,Myanmar,1524.3100267152415,1109.4897529360803,0,414.8202737791612,4,1,FIFA World Cup qualification
2024-06-11,Qatar,India,1754.5731131608445,1343.591911082549,1,510.9812020782956,2,1,FIFA World Cup qualification
2024-06-11,Thailand,Singapore,1554.9501891619927,1278.707418559942,1,376.24277060205077,3,1,FIFA World Cup qualification
2024-06-11,South Korea,China,1845.6950176709122,1543.0181001140857,1,402.67691755682654,1,0,FIFA World Cup qualification
2024-06-11,Oman,Kyrgyzstan,1669.335658182606,1423.4121512491474,1,345.9235069334586,1,1,FIFA World Cup qualification
2024-06-11,Malaysia,Taiwan,1440.1357261336814,1096.7949844544971,1,443.34074167918425,3,1,FIFA World Cup qualification
2024-06-11,Turkmenistan,Hong Kong,1379.5759299719111,1221.4988511298222,1,258.0770788420889,0,0,FIFA World Cup qualification
2024-06-11,Iran,Uzbekistan,1903.41154682219,1785.742646146318,1,217.668900675872,0,0,FIFA World Cup qualification
2024-06-11,Iraq,Vietnam,1773.6554590448104,1419.1508355873823,1,454.5046234574281,3,1,FIFA World Cup qualification
2024-06-11,Saint Lucia,Aruba,1330.2483169484685,1209.3306497540148,0,120.91766719445377,2,2,FIFA World Cup qualification
2024-06-11,Saudi Arabia,Jordan,1734.6861803163686,1740.8096376786075,1,93.87654263776108,1,2,FIFA World Cup qualification
2024-06-11,United Arab Emirates,Bahrain,1641.4976884687171,1573.4236879060434,1,168.07400056267375,1,1,FIFA World Cup qualification
2024-06-11,Yemen,Nepal,1268.5075955148143,1093.5886340483892,0,174.91896146642512,2,2,FIFA World Cup qualification
2024-06-11,Puerto Rico,Anguilla,1342.230147648974,880.4781220591782,1,561.7520255897958,8,0,FIFA World Cup qualification
2024-06-11,Australia,Palestine,1877.050985360406,1546.9458175349027,1,430.10516782550326,5,0,FIFA World Cup qualification
2024-06-11,Cuba,Cayman Islands,1427.9663544171997,1090.876110411166,1,437.0902440060336,3,0,FIFA World Cup qualification
2024-06-11,Saint Kitts and Nevis,Bahamas,1296.0843853976899,1089.7149179064954,1,306.3694674911944,1,0,FIFA World Cup qualification
2024-06-11,Guyana,Belize,1430.677139571391,1258.6020896116872,0,172.07504995970385,3,1,FIFA World Cup qualification
2024-06-11,Dominican Republic,British Virgin Islands,1398.38134534871,951.1475239651303,1,547.2338213835798,4,0,FIFA World Cup qualification
2024-06-11,Kuwait,Afghanistan,1430.4807301385001,1312.4887102857572,1,217.99201985274294,1,0,FIFA World Cup qualification
2024-06-11,Tajikistan,Pakistan,1507.4932518566175,1026.0678570946343,1,581.4253947619832,3,0,FIFA World Cup qualification
2024-06-11,Chad,Comoros,1295.1201023445628,1424.6322358443247,0,-129.51213349976183,0,2,FIFA World Cup qualification
2024-06-11,Lebanon,Bangladesh,1418.4209865924984,1123.4537389071738,0,294.96724768532454,4,0,FIFA World Cup qualification
2024-06-11,Seychelles,Burundi,1037.178197746546,1449.8026608701653,0,-412.6244631236193,1,3,FIFA World Cup qualification
2024-06-11,Latvia,Faroe Islands,1372.5726575510296,1295.8096136676147,1,176.76304388341487,1,0,Baltic Cup
2024-06-11,Lithuania,Estonia,1422.1449376035846,1430.0091937655125,1,92.13574383807213,1,1,Baltic Cup
2024-06-11,Brunei,Sri Lanka,885.3315754818381,951.6959310424508,1,33.635644439387306,1,0,Friendly
2024-06-11,Andorra,Northern Ireland,1173.9486767520898,1579.806209920563,0,-405.8575331684733,0,2,Friendly
2024-06-11,Azerbaijan,Kazakhstan,1526.0712356007073,1523.153277387901,0,2.9179582128062975,3,2,Friendly
2024-06-11,Chile,Paraguay,1788.537293722357,1782.0824161599144,1,106.45487756244256,3,0,Friendly
2024-06-11,Greece,Malta,1792.6160382703736,1317.0234300433603,0,475.5926082270132,2,0,Friendly
2024-06-11,Israel,Belarus,1599.8885458707089,1506.659698034673,0,93.22884783603581,4,0,Friendly
2024-06-11,Moldova,Ukraine,1394.7443686533534,1902.0066341567303,1,-407.26226550337697,0,4,Friendly
2024-06-11,Mongolia,Cambodia,1057.3010388998503,1057.276290567918,1,100.02474833193219,2,1,Friendly
2024-06-11,Portugal,Republic of Ireland,2053.182500144272,1682.1124896925246,1,471.0700104517475,3,0,Friendly
2024-06-11,Madagascar,Mali,1449.5199320910053,1719.9969876647363,0,-270.4770555737309,0,0,FIFA World Cup qualification
2024-06-11,South Sudan,Sudan,1298.4806303960231,1483.3706941475461,1,-84.89006375152303,0,3,FIFA World Cup qualification
2024-06-11,Lesotho,Rwanda,1393.6537618806049,1414.237340577941,0,-20.58357869733618,0,1,FIFA World Cup qualification
2024-06-11,South Africa,Zimbabwe,1701.872376585316,1417.5360244866263,1,384.33635209868976,3,1,FIFA World Cup qualification
2024-06-11,Cape Verde,Libya,1663.6970014803444,1529.8951115097022,1,233.80188997064215,1,0,FIFA World Cup qualification
2024-06-11,Mauritius,Eswatini,1187.5655576862325,1349.7371576820044,1,-62.171599995771885,2,1,FIFA World Cup qualification
2024-06-11,Angola,Cameroon,1633.1999109406736,1690.3792373679476,1,42.82067357272604,1,1,FIFA World Cup qualification
2024-06-11,Zambia,Tanzania,1589.0849461569544,1472.8977143977884,1,216.18723175916602,0,1,FIFA World Cup qualification
2024-06-11,Morocco,Congo,1861.282520359668,1391.6160580775431,1,569.6664622821249,6,0,FIFA World Cup qualification
2024-06-11,Kenya,Ivory Coast,1473.6241585422342,1742.2289004194377,0,-268.6047418772034,0,0,FIFA World Cup qualification
2024-06-11,Gabon,Gambia,1537.526040829449,1478.5535047774893,1,158.97253605195965,3,2,FIFA World Cup qualification
2024-06-11,San Marino,Cyprus,870.5395353860342,1359.2340122338294,1,-388.69447684779516,1,4,Friendly
2024-06-12,Ecuador,Bolivia,1946.879390567234,1672.0820243879061,0,274.7973661793278,3,1,Friendly
2024-06-12,United States,Brazil,1874.1230773053155,2098.618426652758,1,-124.49534934744247,1,1,Friendly
2024-06-14,Argentina,Guatemala,2207.537794003967,1629.3499350188881,0,578.187858985079,4,1,Friendly
2024-06-14,El Salvador,Peru,1529.8243084251233,1816.9322931805586,0,-287.1079847554354,0,1,Friendly
2024-06-14,Germany,Scotland,1986.7819456295927,1808.853249446649,1,277.9286961829439,5,1,UEFA Euro
2024-06-15,Hungary,Switzerland,1864.1708988237513,1859.625700051755,0,4.5451987719961835,1,3,UEFA Euro
2024-06-15,Spain,Croatia,2066.672733953228,2017.8095400219709,0,48.86319393125723,3,0,UEFA Euro
2024-06-15,Italy,Albania,2004.6065101771032,1678.7638080801887,0,325.84270209691454,2,1,UEFA Euro
2024-06-15,Colombia,Bolivia,2080.57462019817,1666.9660611134486,0,413.6085590847215,3,0,Friendly
2024-06-15,Vanuatu,Solomon Islands,1391.334390814919,1580.4520457434608,1,-89.1176549285417,1,0,Oceania Nations Cup
2024-06-16,Slovenia,Denmark,1782.2144317260968,1882.8112754326205,0,-100.59684370652371,1,1,UEFA Euro
2024-06-16,Ecuador,Honduras,1951.9953538416914,1629.9161039726555,0,322.07924986903595,2,1,Friendly
2024-06-16,Serbia,England,1863.99310316358,2055.8222067285415,0,-191.82910356496154,0,1,UEFA Euro
2024-06-16,Poland,Netherlands,1803.6172756534984,2051.1348654216636,0,-247.51758976816518,1,2,UEFA Euro
2024-06-16,Panama,Paraguay,1841.2574713399947,1769.7827182895244,1,171.47475305047033,0,1,Friendly
2024-06-16,Tahiti,Samoa,1517.0587199889198,1267.263038549528,0,249.79568143939196,2,0,Oceania Nations Cup
2024-06-16,Fiji,Papua New Guinea,1533.901839551616,1415.3879040211036,1,218.5139355305123,5,1,Oceania Nations Cup
2024-06-17,Belgium,Slovakia,2057.860779371199,1739.241809687905,0,318.6189696832939,0,1,UEFA Euro
2024-06-17,Romania,Ukraine,1708.8987923335649,1905.2883609701382,0,-196.38956863657336,3,0,UEFA Euro
2024-06-17,Austria,France,1912.6197587910633,2140.935008813555,0,-228.3152500224919,0,1,UEFA Euro
2024-06-18,Turkey,Georgia,1805.948185325507,1711.7435100478817,0,94.20467527762526,3,1,UEFA Euro
2024-06-18,Portugal,Czech Republic,2055.362533361614,1829.253734443514,0,226.1087989181001,2,1,UEFA Euro
2024-06-18,New Zealand,Solomon Islands,1683.7660879613952,1549.176542900352,0,134.58954506104328,3,0,Oceania Nations Cup
2024-06-19,Germany,Hungary,2002.5317134222169,1826.180346795477,1,276.35136662673995,2,0,UEFA Euro
2024-06-19,Scotland,Switzerland,1793.1034816540248,1897.6162520800294,0,-104.51277042600464,1,1,UEFA Euro
2024-06-19,Croatia,Albania,1980.172272334325,1672.11963790028,0,308.0526344340451,2,2,UEFA Euro
2024-06-19,Papua New Guinea,Tahiti,1394.6371629060698,1531.44856699933,0,-136.8114040932603,1,1,Oceania Nations Cup
2024-06-19,Fiji,Samoa,1554.6525806666498,1252.8731915391177,1,401.7793891275321,9,1,Oceania Nations Cup
2024-06-20,Spain,Italy,2104.310001640874,2011.250680357012,0,93.05932128386189,1,0,UEFA Euro
2024-06-20,Slovenia,Serbia,1789.257238876861,1851.5459484200383,0,-62.28870954317722,1,1,UEFA Euro
2024-06-20,Denmark,England,1875.7684682818563,2068.2693614720833,0,-192.5008931902271,1,1,UEFA Euro
2024-06-20,Argentina,Canada,2208.7492289591487,1830.003191609489,0,378.7460373496597,2,0,Copa América
2024-06-21,Peru,Chile,1820.1471093256375,1800.836991592747,0,19.310117732890603,0,0,Copa América
2024-06-21,Vanuatu,New Zealand,1422.6098936580279,1711.3679969142845,1,-188.75810325625662,0,4,Oceania Nations Cup
2024-06-21,Slovakia,Ukraine,1782.3543893918002,1839.1442353719156,0,-56.78984598011539,1,2,UEFA Euro
2024-06-21,Poland,Austria,1793.9219672572883,1902.031251134663,0,-108.10928387737476,1,3,UEFA Euro
2024-06-21,Netherlands,France,2060.8301738178734,2151.5235164699557,0,-90.69334265208226,0,0,UEFA Euro
2024-06-22,Belgium,Romania,2014.7481996673039,1775.0429179317875,0,239.70528173551634,2,0,UEFA Euro
2024-06-22,Georgia,Czech Republic,1684.1693077981574,1818.5588309573332,0,-134.38952315917572,1,1,UEFA Euro
2024-06-22,Turkey,Portugal,1833.5223875752313,2066.057436847795,0,-232.5350492725638,0,3,UEFA Euro
2024-06-22,Samoa,Papua New Guinea,1242.1778418321144,1404.0024115162728,0,-161.8245696841584,1,2,Oceania Nations Cup
2024-06-22,Fiji,Tahiti,1565.347930373653,1522.083318389127,1,143.26461198452603,1,0,Oceania Nations Cup
2024-06-22,Ecuador,Venezuela,1954.7033454432747,1826.3211855856728,0,128.3821598576019,1,2,Copa América
2024-06-22,Mexico,Jamaica,1902.1074503263894,1754.8151379370706,0,147.2923123893188,1,0,Copa América
2024-06-23,United States,Bolivia,1877.560467784864,1664.003693094091,1,313.55677469077295,2,0,Copa América
2024-06-23,Uruguay,Panama,2063.3485197808236,1826.687223953635,0,236.6612958271885,3,1,Copa América
2024-06-23,Germany,Switzerland,2015.2269994490773,1890.3148653947976,1,224.91213405427948,1,1,UEFA Euro
2024-06-23,Scotland,Hungary,1800.4048683392566,1813.4850607686164,0,-13.08019242935984,0,1,UEFA Euro
2024-06-24,Albania,Spain,1689.8629765595424,2122.7695106804063,0,-432.90653412086385,0,1,UEFA Euro
2024-06-24,Croatia,Italy,1962.4289336750626,1992.7911713174794,0,-30.362237642416858,1,1,UEFA Euro
2024-06-24,Colombia,Paraguay,2083.536988217528,1784.352965675884,0,299.1840225416438,2,1,Copa América
2024-06-24,Brazil,Costa Rica,2095.1810361732096,1744.1731723136,0,351.00786385960964,0,0,Copa América
2024-06-25,England,Slovenia,2055.6803993592366,1793.6918610809132,0,261.9885382783234,0,0,UEFA Euro
2024-06-25,Denmark,Serbia,1888.3574303947032,1847.111326215986,0,41.24610417871713,0,0,UEFA Euro
2024-06-25,Netherlands,Austria,2067.2117907877237,1928.2251798077987,0,138.986610979925,2,3,UEFA Euro
2024-06-25,France,Poland,2145.1418995001054,1767.7280385841527,0,377.4138609159527,1,1,UEFA Euro
2024-06-25,Peru,Canada,1818.7590636031773,1822.3877468397868,0,-3.628683236609504,0,1,Copa América
2024-06-25,Chile,Argentina,1802.2250373152071,2216.364673728851,0,-414.13963641364376,0,1,Copa América
2024-06-26,Ecuador,Jamaica,1920.8641915797893,1739.8212781086502,0,181.04291347113917,3,1,Copa América
2024-06-26,Czech Republic,Turkey,1809.3437849497093,1815.3448066667104,0,-6.001021717001095,1,2,UEFA Euro
2024-06-26,Venezuela,Mexico,1860.160339449158,1917.1013101548099,0,-56.94097070565181,1,0,Copa América
2024-06-26,Ukraine,Belgium,1860.0938848809662,2029.825627066091,0,-169.73174218512486,0,0,UEFA Euro
2024-06-26,Slovakia,Romania,1761.4047398827495,1759.9654905330003,0,1.4392493497491614,1,1,UEFA Euro
2024-06-26,Georgia,Portugal,1693.3843538057813,2084.2350177563158,0,-390.85066395053445,2,0,UEFA Euro
2024-06-27,Vanuatu,Fiji,1398.9602350925263,1580.58630252796,1,-81.6260674354337,2,1,Oceania Nations Cup
2024-06-27,New Zealand,Tahiti,1735.017655479786,1506.84494623482,0,228.17270924496597,5,0,Oceania Nations Cup
2024-06-27,United States,Panama,1888.15393199821,1811.3976066536052,1,176.75632534460487,1,2,Copa América
2024-06-27,Uruguay,Bolivia,2078.6381370808535,1653.4102288807449,0,425.2279082001087,5,0,Copa América
2024-06-28,Colombia,Costa Rica,2091.1161205636913,1763.3201364633937,0,327.7959841002976,3,0,Copa América
2024-06-28,Paraguay,Brazil,1776.7738333297202,2076.034072023416,0,-299.26023869369556,1,4,Copa América
2024-06-29,Switzerland,Italy,1904.561933720072,1990.6119773293558,0,-86.05004360928388,2,0,UEFA Euro
2024-06-29,Germany,Denmark,2000.979931123803,1885.4033990997852,1,215.57653202401775,2,0,UEFA Euro
2024-06-29,Argentina,Peru,2220.584800477469,1794.0201588574712,0,426.5646416199977,2,0,Copa América
2024-06-29,Canada,Chile,1847.126651585493,1798.0049105665892,0,49.121741018903776,0,0,Copa América
2024-06-30,Jamaica,Venezuela,1720.2663685211824,1889.2212780569325,0,-168.95490953575018,0,3,Copa América
2024-06-30,Mexico,Ecuador,1888.0403715470354,1940.4191011672572,0,-52.37872962022175,0,0,Copa América
2024-06-30,Vanuatu,New Zealand,1429.7279721825585,1756.2083706215817,1,-226.48039843902325,0,3,Oceania Nations Cup
2024-06-30,Tahiti,Fiji,1485.6542310930245,1549.8185654379279,0,-64.16433434490341,2,1,Oceania Nations Cup
2024-06-30,England,Slovakia,2039.7412243305976,1761.301178159573,0,278.4400461710245,2,1,UEFA Euro
2024-06-30,Spain,Georgia,2126.590520034083,1761.2326087826066,0,365.3579112514765,4,1,UEFA Euro
2024-07-01,France,Belgium,2125.253949782553,2018.4994588810043,0,106.75449090154848,1,0,UEFA Euro
2024-07-01,Portugal,Slovenia,2016.3867627794905,1809.6310361095523,0,206.7557266699382,0,0,UEFA Euro
2024-07-01,United States,Uruguay,1851.4297506199628,2086.5980320134063,1,-135.16828139344352,0,1,Copa América
2024-07-01,Bolivia,Panama,1645.450333948192,1848.1217880318525,0,-202.67145408366036,1,3,Copa América
2024-07-02,Romania,Netherlands,1760.0690522561767,2032.7123047266493,0,-272.6432524704726,0,3,UEFA Euro
2024-07-02,Austria,Turkey,1962.724665868873,1839.9130413791331,0,122.81162448973987,1,2,UEFA Euro
2024-07-02,Brazil,Colombia,2089.2926173080273,2102.630521127163,0,-13.33790381913559,1,1,Copa América
2024-07-02,Costa Rica,Paraguay,1751.8057358999222,1763.5152880451087,0,-11.709552145186535,2,1,Copa América
2024-07-04,Argentina,Ecuador,2226.512577126106,1936.678444975611,0,289.83413215049495,1,1,Copa América
2024-07-05,Venezuela,Canada,1913.2283053876652,1843.6154228124049,0,69.6128825752603,1,1,Copa América
2024-07-05,Germany,Spain,2017.800123266052,2136.109572681315,1,-18.309449415263316,1,2,UEFA Euro
2024-07-05,Portugal,France,2003.0480853802817,2142.805296609073,0,-139.75721122879145,0,0,UEFA Euro
2024-07-06,Uruguay,Brazil,2102.3346033837934,2090.2518854391737,0,12.082717944619617,0,0,Copa América
2024-07-06,Colombia,Panama,2101.6712529960164,1865.9310857587193,0,235.7401672372971,5,0,Copa América
2024-07-06,England,Switzerland,2048.120548826019,1951.1642712869398,0,96.95627753907911,1,1,UEFA Euro
2024-07-06,Netherlands,Turkey,2047.7879670460932,1873.3995015109754,0,174.3884655351178,2,1,UEFA Euro
2024-07-09,Spain,France,2159.793320149938,2133.25840742129,0,26.534912728648123,2,1,UEFA Euro
2024-07-09,Argentina,Canada,2209.4443286397504,1848.5585022057965,0,360.885826433954,2,0,Copa América
2024-07-10,Netherlands,England,2061.1971189750675,2041.3196170021693,0,19.877501972898244,1,2,UEFA Euro
2024-07-10,Uruguay,Colombia,2101.465532271284,2122.1436042569894,0,-20.67807198570563,0,1,Copa América
2024-07-13,Canada,Uruguay,1840.210225822025,2077.951684826648,0,-237.74145900462304,2,2,Copa América
2024-07-14,Spain,England,2182.8876834053335,2067.7483597213263,0,115.1393236840072,2,1,UEFA Euro
2024-07-14,Argentina,Colombia,2217.792605023522,2145.657451701625,0,72.13515332189672,1,0,Copa América
2024-07-27,Jordan,North Korea,1766.0858266047815,1530.1970438331607,1,335.88878277162075,0,0,Friendly
2024-07-27,Guatemala,El Salvador,1628.1385000637065,1526.6094922800444,0,101.52900778366211,0,1,Friendly
2024-08-29,Jordan,North Korea,1758.6130313633255,1537.6698390746167,1,320.9431922887088,2,1,Friendly
2024-09-01,Guatemala,Uruguay,1615.296695343679,2063.0943968879765,0,-447.7977015442975,1,1,Friendly
2024-09-02,Fiji,Solomon Islands,1520.2533541372077,1521.5746339474626,1,98.67872018974504,1,0,Tri-Nations Series
2024-09-02,Fiji,Hong Kong,1531.1040277635475,1234.1155953949838,1,396.98843236856374,1,1,Tri-Nations Series
2024-09-03,India,Mauritius,1341.5862134169001,1211.10672581167,1,230.47948760523013,0,0,Intercontinental Cup
2024-09-04,Cayman Islands,British Virgin Islands,1085.644476666681,948.066065500978,1,237.57841116570296,1,0,CONCACAF Nations League
2024-09-04,Turks and Caicos Islands,Anguilla,1027.1786908578506,876.8760189632969,1,250.30267189455367,0,2,CONCACAF Nations League
2024-09-04,United States Virgin Islands,Bahamas,943.7090506044834,1083.8613384709981,1,-40.152287866514826,3,3,CONCACAF Nations League
2024-09-04,Tanzania,Ethiopia,1503.951385351626,1412.7335153546262,1,191.21786999699975,0,0,African Cup of Nations qualification
2024-09-04,Sudan,Niger,1509.9852372915793,1354.3690540804314,0,155.61618321114793,1,0,African Cup of Nations qualification
2024-09-04,Comoros,Gambia,1443.939976900936,1467.1153697039679,0,-23.175392803031855,1,1,African Cup of Nations qualification
2024-09-04,Malaysia,Philippines,1444.472960835515,1222.5471212143248,1,321.92583962119033,2,1,Merdeka Tournament
2024-09-04,Lebanon,Tajikistan,1430.025800075878,1509.8729063128392,0,-79.84710623696128,1,0,Merdeka Tournament
2024-09-04,Gibraltar,Andorra,1163.424060955419,1171.3038588425156,1,92.12020211290337,1,0,Friendly
2024-09-04,Libya,Rwanda,1521.633267884658,1433.0538388698653,1,188.5794290147926,1,1,African Cup of Nations qualification
2024-09-05,Serbia,Spain,1850.065357510904,2199.893282537769,1,-249.82792502686516,0,0,UEFA Nations League
2024-09-05,Azerbaijan,Sweden,1535.98725198678,1737.8874188153536,1,-101.90016682857367,1,3,UEFA Nations League
2024-09-05,Estonia,Slovakia,1433.8963177075632,1752.9218536641515,1,-219.02553595658833,0,1,UEFA Nations League
2024-09-05,Northern Ireland,Luxembourg,1582.4510278301373,1549.702266803577,1,132.74876102656026,2,0,UEFA Nations League
2024-09-05,Belarus,Bulgaria,1492.8235877896093,1547.7308797098333,0,-54.907291920224,0,0,UEFA Nations League
2024-09-05,San Marino,Liechtenstein,867.1643909795147,1050.5428312261042,1,-83.37844024658955,1,0,UEFA Nations League
2024-09-05,Bolivia,Venezuela,1627.6410362213253,1908.2852259942736,1,-180.64418977294827,4,0,FIFA World Cup qualification
2024-09-05,Argentina,Chile,2237.6753820163926,1801.5161393396772,1,536.1592426767154,3,0,FIFA World Cup qualification
2024-09-05,Iran,Kyrgyzstan,1892.2987769338804,1438.607357525216,1,553.6914194086644,1,0,FIFA World Cup qualification
2024-09-05,Uzbekistan,North Korea,1796.8554160346278,1534.9464993949803,1,361.9089166396475,1,0,FIFA World Cup qualification
2024-09-05,Iraq,Oman,1777.7411139738088,1654.1404519065375,1,223.6006620672713,1,0,FIFA World Cup qualification
2024-09-05,South Korea,Palestine,1849.2807606696574,1540.7405245291516,1,408.54023614050584,0,0,FIFA World Cup qualification
2024-09-05,Jordan,Kuwait,1761.336371042962,1439.3551091871789,1,421.98126185578303,1,1,FIFA World Cup qualification
2024-09-05,Japan,China,1952.0268527793883,1539.4323571153404,1,512.5944956640478,7,0,FIFA World Cup qualification
2024-09-05,Australia,Bahrain,1883.2562783661572,1582.4086180337263,1,400.8476603324309,0,1,FIFA World Cup qualification
2024-09-05,Saudi Arabia,Indonesia,1709.4099913901946,1474.387662139319,1,335.0223292508756,1,1,FIFA World Cup qualification
2024-09-05,Qatar,United Arab Emirates,1756.5788108264933,1632.5127583410342,1,224.06605248545907,1,3,FIFA World Cup qualification
2024-09-05,Denmark,Switzerland,1868.5832069575363,1957.9652031107894,1,10.618003846746888,2,0,UEFA Nations League
2024-09-05,Guyana,Suriname,1446.9254226165274,1490.3864240013493,1,56.538998615178116,1,3,CONCACAF Nations League
2024-09-05,Portugal,Croatia,2012.5949745680648,1964.6081276631862,1,147.98684690487835,2,1,UEFA Nations League
2024-09-05,Hong Kong,Solomon Islands,1246.3450349953166,1510.7239603211228,0,-264.3789253258062,3,0,Tri-Nations Series
2024-09-05,Scotland,Poland,1776.3456194239434,1787.6159883017056,1,88.72963112223783,2,3,UEFA Nations League
2024-09-05,Vietnam,Russia,1415.065180658384,1832.3076742264152,1,-317.24249356803125,0,3,Friendly
2024-09-05,Sri Lanka,Cambodia,942.6610294962749,1050.0782469678234,1,-7.417217471548611,0,0,AFC Asian Cup qualification
2024-09-05,Timor-Leste,Mongolia,833.2806700898889,1064.499082499945,0,-231.2184124100561,4,1,AFC Asian Cup qualification
2024-09-05,Tunisia,Madagascar,1785.6791471784452,1462.556778890248,1,423.1223682881971,1,0,African Cup of Nations qualification
2024-09-05,Central African Republic,Lesotho,1459.725249694058,1374.8372635886806,0,84.88798610537742,3,1,African Cup of Nations qualification
2024-09-05,Algeria,Equatorial Guinea,1752.2048663238115,1596.7949515401524,1,255.40991478365913,2,0,African Cup of Nations qualification
2024-09-05,Bhutan,Bangladesh,874.6631220834727,1111.8489254237943,1,-137.18580334032163,0,1,Friendly
2024-09-05,Guinea-Bissau,Eswatini,1462.9816264475783,1326.195989556567,1,236.78563689101134,1,0,African Cup of Nations qualification
2024-09-05,Congo,South Sudan,1388.531454337963,1271.86608725199,1,216.665367085973,1,0,African Cup of Nations qualification
2024-09-05,Malawi,Burundi,1468.762439049543,1454.9074015317237,1,113.85503751781926,2,3,African Cup of Nations qualification
2024-09-05,Costa Rica,Guadeloupe,1777.6479870324047,1524.334657166234,1,353.31332986617076,3,0,CONCACAF Nations League
2024-09-05,Guatemala,Martinique,1623.8849862668583,1565.5542835957856,1,158.3307026710727,3,1,CONCACAF Nations League
2024-09-05,Montserrat,El Salvador,1277.4719106925309,1539.451297000072,0,-261.97938630754106,1,4,CONCACAF Nations League
2024-09-05,Bonaire,Saint Vincent and the Grenadines,1194.948325289844,1251.5264220868455,1,43.421903202998465,1,1,CONCACAF Nations League
2024-09-05,Ghana,Angola,1655.4551510112399,1630.7473603661751,1,124.70779064506473,0,1,African Cup of Nations qualification
2024-09-06,Puerto Rico,Haiti,1345.8322507448552,1654.784467685168,1,-208.95221694031284,1,4,CONCACAF Nations League
2024-09-06,Belgium,Israel,2000.9481120544838,1613.7246561157726,0,387.22345593871114,3,1,UEFA Nations League
2024-09-06,France,Italy,2110.1640441658947,1944.009639762488,1,266.1544044034067,1,3,UEFA Nations League
2024-09-06,Kazakhstan,Norway,1513.2372610018283,1773.830570736816,1,-160.59330973498777,0,0,UEFA Nations League
2024-09-06,Slovenia,Austria,1822.969713508761,1929.2382057370307,1,-6.268492228269679,1,1,UEFA Nations League
2024-09-06,Iceland,Montenegro,1623.8769158179762,1600.8604265850843,1,123.0164892328919,2,0,UEFA Nations League
2024-09-06,Samoa,American Samoa,1228.047193162651,989.3652873268215,1,338.6819058358294,2,0,FIFA World Cup qualification
2024-09-06,Kosovo,Romania,1563.6480613452636,1744.993389936733,1,-81.3453285914693,0,3,UEFA Nations League
2024-09-06,Cook Islands,Tonga,1173.0191319503551,1020.802560916856,0,152.21657103349912,1,3,FIFA World Cup qualification
2024-09-06,Peru,Colombia,1788.092382208834,2125.7746747087544,1,-237.68229249992055,1,1,FIFA World Cup qualification
2024-09-06,Uruguay,Paraguay,2054.506105964797,1737.6730369126262,1,416.8330690521707,0,0,FIFA World Cup qualification
2024-09-06,Brazil,Ecuador,2091.1209565516833,1953.7466934619665,1,237.3742630897168,1,0,FIFA World Cup qualification
2024-09-06,Sint Maarten,Aruba,1231.8457943479345,1216.0231782054534,0,15.822616142481138,2,0,CONCACAF Nations League
2024-09-06,Wales,Turkey,1747.1400842617852,1859.9903495820008,1,-12.850265320215613,0,0,UEFA Nations League
2024-09-06,Grenada,Saint Martin,1248.0156311110957,1224.628634943254,1,123.38699616784174,2,0,CONCACAF Nations League
2024-09-06,Lithuania,Cyprus,1418.2578136615339,1362.609156640349,1,155.64865702118482,0,1,UEFA Nations League
2024-09-06,Honduras,Trinidad and Tobago,1627.2081123710723,1558.5996322520605,1,168.6084801190118,4,0,CONCACAF Nations League
2024-09-06,Syria,Mauritius,1547.7893208089295,1219.8157849691459,0,327.9735358397836,2,0,Intercontinental Cup
2024-09-06,Brunei,Macau,894.366477028014,914.1093268323801,1,80.25715019563381,3,0,AFC Asian Cup qualification
2024-09-06,Morocco,Gabon,1864.3671240992483,1548.9641759029703,1,415.402948196278,4,1,African Cup of Nations qualification
2024-09-06,Togo,Liberia,1485.5636832995376,1423.8321654264566,1,161.73151787308097,1,1,African Cup of Nations qualification
2024-09-06,Saint Lucia,Curaçao,1323.5557884970299,1521.5235700164505,0,-197.96778151942067,2,1,CONCACAF Nations League
2024-09-06,Sierra Leone,Chad,1450.703888467301,1275.8123612879515,0,174.89152717934962,0,0,African Cup of Nations qualification
2024-09-06,Ivory Coast,Zambia,1729.2542554117817,1558.0312752031168,1,271.2229802086649,2,0,African Cup of Nations qualification
2024-09-06,Egypt,Cape Verde,1741.3295091836344,1671.9588451053887,1,169.37066407824568,3,0,African Cup of Nations qualification
2024-09-06,Mali,Mozambique,1706.9601408654935,1515.334611083219,1,291.6255297822745,1,1,African Cup of Nations qualification
2024-09-06,Kenya,Zimbabwe,1486.5988035498901,1411.6175712075149,0,74.98123234237528,0,0,African Cup of Nations qualification
2024-09-06,South Africa,Uganda,1707.7908298644275,1477.9364539268806,1,329.8543759375468,2,2,African Cup of Nations qualification
2024-09-06,Senegal,Burkina Faso,1878.1746531355466,1602.2152019965822,1,375.95945113896437,1,1,African Cup of Nations qualification
2024-09-06,French Guiana,Nicaragua,1504.131342353792,1519.0968515480497,1,85.03449080574228,0,1,CONCACAF Nations League
2024-09-06,Jamaica,Cuba,1696.2593411904497,1433.1979881616849,1,363.06135302876487,0,0,CONCACAF Nations League
2024-09-06,DR Congo,Guinea,1667.6375784663644,1611.1953677192073,1,156.4422107471571,1,0,African Cup of Nations qualification
2024-09-07,Germany,Hungary,1994.116375797429,1837.5443096839297,1,256.57206611349943,5,0,UEFA Nations League
2024-09-07,Moldova,Malta,1391.4626418399455,1315.199931001038,1,176.26271083890742,2,0,UEFA Nations League
2024-09-07,Armenia,Latvia,1521.0887128666513,1380.537922457055,1,240.5507904095964,4,1,UEFA Nations League
2024-09-07,Faroe Islands,North Macedonia,1287.8443487615893,1617.0351021920335,1,-229.19075343044415,1,1,UEFA Nations League
2024-09-07,Greece,Finland,1794.4395373126958,1679.3830785722137,1,215.05645874048219,3,0,UEFA Nations League
2024-09-07,Ukraine,Albania,1871.420053066053,1686.0419672058658,0,185.37808586018718,1,2,UEFA Nations League
2024-09-07,Georgia,Czech Republic,1751.7135561353743,1784.7755502372866,1,66.9380058980878,4,1,UEFA Nations League
2024-09-07,Netherlands,Bosnia and Herzegovina,2034.7683762559102,1528.920207594846,1,605.8481686610639,5,2,UEFA Nations League
2024-09-07,Cayman Islands,Saint Kitts and Nevis,1091.7346583429894,1301.9379648331872,1,-110.20330649019775,1,4,CONCACAF Nations League
2024-09-07,Republic of Ireland,England,1679.9324564751823,2050.7427605888906,1,-270.8103041137083,0,2,UEFA Nations League
2024-09-07,Bahamas,Barbados,1082.135501371716,1144.507477098217,0,-62.37197572650098,2,3,CONCACAF Nations League
2024-09-07,Antigua and Barbuda,Dominica,1217.2982520407907,1233.4301223021457,1,83.86812973864494,1,2,CONCACAF Nations League
2024-09-07,Bermuda,Dominican Republic,1332.742624947512,1401.4628038128624,0,-68.72017886535036,2,3,CONCACAF Nations League
2024-09-07,Cameroon,Namibia,1692.831787942446,1545.512442787205,1,247.31934515524108,1,0,African Cup of Nations qualification
2024-09-07,Nigeria,Benin,1702.8466937082515,1515.7532944844722,1,287.0933992237792,3,0,African Cup of Nations qualification
2024-09-07,Mauritania,Botswana,1454.0128108359643,1438.7548709087523,1,115.25793992721196,1,0,African Cup of Nations qualification
2024-09-07,United States,Canada,1835.6931792495757,1855.0675137606963,1,80.62566548887935,1,2,Friendly
2024-09-07,Mexico,New Zealand,1891.7810277386816,1774.8929989631035,0,116.88802877557805,3,0,Friendly
2024-09-07,Turks and Caicos Islands,Belize,990.7922541276421,1242.353806566551,1,-151.56155243890885,0,4,CONCACAF Nations League
2024-09-08,Gibraltar,Liechtenstein,1170.8330622857488,1032.0106437482132,1,238.82241853753567,2,2,UEFA Nations League
2024-09-08,Bulgaria,Northern Ireland,1545.3798811823033,1596.7494652117953,1,48.63041597050801,1,0,UEFA Nations League
2024-09-08,Luxembourg,Belarus,1535.403829421919,1495.1745863171393,1,140.2292431047797,0,1,UEFA Nations League
2024-09-08,Sweden,Estonia,1753.971269712738,1427.2712951594647,1,426.69997455327325,3,0,UEFA Nations League
2024-09-08,Slovakia,Azerbaijan,1759.54687621225,1519.9034010893956,1,339.6434751228544,2,0,UEFA Nations League
2024-09-08,Switzerland,Spain,1936.1526132288864,2190.6483580165714,1,-154.495744787685,1,4,UEFA Nations League
2024-09-08,Croatia,Poland,1955.636973498061,1806.365588860984,1,249.27138463707684,1,0,UEFA Nations League
2024-09-08,Denmark,Serbia,1890.3957968394393,1859.3102820321017,1,131.08551480733763,2,0,UEFA Nations League
2024-09-08,Bonaire,El Salvador,1193.0833509702375,1548.9655736165864,1,-255.88222264634896,1,2,CONCACAF Nations League
2024-09-08,Saint Vincent and the Grenadines,Montserrat,1253.391396406452,1267.9576340760163,0,-14.566237669564316,2,0,CONCACAF Nations League
2024-09-08,Gambia,Tunisia,1465.7832619806431,1788.8988058611299,0,-323.1155438804867,1,2,African Cup of Nations qualification
2024-09-08,Malaysia,Lebanon,1448.5380506816043,1448.4136410700928,1,100.12440961151151,1,0,Merdeka Tournament
2024-09-08,Tajikistan,Philippines,1491.4850653186243,1218.4820313682355,0,273.0030339503887,0,0,Merdeka Tournament
2024-09-08,Bhutan,Bangladesh,868.418481627438,1118.093565879829,1,-149.6750842523909,1,0,Friendly
2024-09-08,Portugal,Scotland,2021.56612873319,1757.596018864665,1,363.970109868525,2,1,UEFA Nations League
2024-09-09,Puerto Rico,Aruba,1333.706171889532,1194.5471462780374,1,239.1590256114946,1,0,CONCACAF Nations League
2024-09-09,France,Belgium,2073.1598908875435,2005.3208996722994,1,167.83899121524405,2,0,UEFA Nations League
2024-09-09,Israel,Italy,1609.351868497957,1981.0137930408391,0,-371.66192454288216,1,2,UEFA Nations League
2024-09-09,Norway,Austria,1767.3521357155744,1928.9676025343822,1,-61.61546681880782,2,1,UEFA Nations League
2024-09-09,Slovenia,Kazakhstan,1823.2403167114096,1519.71569602307,1,403.5246206883396,3,0,UEFA Nations League
2024-09-09,Cyprus,Kosovo,1383.9128725408639,1543.4340997125835,1,-59.5212271717196,0,4,UEFA Nations League
2024-09-09,Turkey,Iceland,1859.4358118713853,1638.7273657594571,1,320.7084461119282,3,1,UEFA Nations League
2024-09-09,Romania,Lithuania,1765.207351569413,1396.954097761019,1,468.253253808394,3,1,UEFA Nations League
2024-09-09,Samoa,Tonga,1235.5229480703008,1063.1649712398894,1,272.3579768304114,2,1,FIFA World Cup qualification
2024-09-09,Haiti,Sint Maarten,1666.9105465404912,1253.3218262753505,0,413.58872026514064,6,0,CONCACAF Nations League
2024-09-09,Montenegro,Wales,1586.0099766436033,1747.6946219724007,1,-61.68464532879739,1,2,UEFA Nations League
2024-09-09,Grenada,Saint Lucia,1262.8448680385025,1346.2839420329933,1,16.560926005509145,1,2,CONCACAF Nations League
2024-09-09,India,Syria,1332.8771542594243,1553.705758574946,1,-120.82860431552172,0,3,Intercontinental Cup
2024-09-09,Guatemala,Costa Rica,1636.7868629071477,1783.7220260506704,1,-46.935163143522686,0,0,CONCACAF Nations League
2024-09-09,Martinique,Guyana,1552.6524069554962,1420.7959275437956,1,231.85647941170055,2,2,CONCACAF Nations League
2024-09-09,Guadeloupe,Suriname,1518.2606181479682,1516.515919074081,1,101.7446990738872,1,0,CONCACAF Nations League
2024-09-09,Burundi,Senegal,1481.2364743125374,1862.2951347186934,0,-381.0586604061559,0,1,African Cup of Nations qualification
2024-09-09,Uganda,Congo,1492.7266546139015,1397.4586816022006,1,195.26797301170086,2,0,African Cup of Nations qualification
2024-09-09,Ethiopia,DR Congo,1422.7494537794985,1679.1950470123982,0,-256.4455932328997,0,2,African Cup of Nations qualification
2024-09-09,Angola,Sudan,1657.6329232133596,1521.5818220196165,1,236.05110119374308,2,1,African Cup of Nations qualification
2024-09-09,Niger,Ghana,1342.7724693523942,1628.5695881640554,0,-285.7971188116612,1,1,African Cup of Nations qualification
2024-09-09,Equatorial Guinea,Togo,1585.5807442587204,1476.872546704032,1,208.70819755468847,2,2,African Cup of Nations qualification
2024-09-09,Morocco,Lesotho,1870.2360811621222,1352.0246289356182,1,618.211452226504,1,0,African Cup of Nations qualification
2024-09-09,Madagascar,Comoros,1459.3371202075634,1445.2720846242607,0,14.065035583302688,1,1,African Cup of Nations qualification
2024-09-09,Curaçao,Saint Martin,1498.7954164804871,1209.7993980158471,0,288.99601846464,4,0,CONCACAF Nations League
2024-09-10,Andorra,Malta,1163.8948575121858,1303.2267414742212,1,-39.33188396203536,0,1,UEFA Nations League
2024-09-10,North Macedonia,Armenia,1608.3630055932592,1531.6019297870064,1,176.76107580625285,2,0,UEFA Nations League
2024-09-10,Latvia,Faroe Islands,1370.0247055367,1296.5164453603636,1,173.5082601763363,1,0,UEFA Nations League
2024-09-10,Republic of Ireland,Greece,1672.111312772633,1806.241038269423,1,-34.12972549678989,0,2,UEFA Nations League
2024-09-10,Saint Kitts and Nevis,British Virgin Islands,1320.1301479039137,941.9758838246694,0,378.1542640792443,2,0,CONCACAF Nations League
2024-09-10,Czech Republic,Ukraine,1763.5212957438728,1849.0985763833037,1,14.42271936056909,3,2,UEFA Nations League
2024-09-10,Albania,Georgia,1708.3634438886152,1772.9678106287881,1,35.39563325982704,0,1,UEFA Nations League
2024-09-10,Netherlands,Germany,2036.3259868404627,2005.269710914031,1,131.0562759264319,2,2,UEFA Nations League
2024-09-10,Hungary,Bosnia and Herzegovina,1826.3909745673277,1527.3625970102935,1,399.0283775570342,0,0,UEFA Nations League
2024-09-10,Colombia,Argentina,2113.891047575382,2240.7324602763597,1,-26.8414127009778,2,1,FIFA World Cup qualification
2024-09-10,England,Finland,2058.56390429144,1667.5815776154866,1,490.98232667595335,2,0,UEFA Nations League
2024-09-10,Ecuador,Peru,1945.6188431210028,1799.9760093422062,1,245.64283377879656,1,0,FIFA World Cup qualification
2024-09-10,United Arab Emirates,Iran,1679.5598416280436,1893.8846289426765,1,-114.32478731463289,0,1,FIFA World Cup qualification
2024-09-10,Venezuela,Uruguay,1852.8733344875561,2037.834587981868,1,-84.9612534943119,0,0,FIFA World Cup qualification
2024-09-10,Zimbabwe,Cameroon,1415.8680526133107,1700.5951721572267,0,-284.72711954391593,0,0,African Cup of Nations qualification
2024-09-10,North Korea,Qatar,1530.517335219645,1709.5317275394839,0,-179.01439231983886,2,2,FIFA World Cup qualification
2024-09-10,Kyrgyzstan,Uzbekistan,1437.02150551642,1801.284580209963,1,-264.2630746935431,2,3,FIFA World Cup qualification
2024-09-10,Oman,South Korea,1645.487020557599,1832.7578422683544,1,-87.2708217107554,1,3,FIFA World Cup qualification
2024-09-10,Kuwait,Iraq,1456.1159500696976,1786.3945453227473,1,-230.27859525304962,0,0,FIFA World Cup qualification
2024-09-10,Palestine,Jordan,1557.2634429304546,1744.5755301604431,0,-187.3120872299885,1,3,FIFA World Cup qualification
2024-09-10,Bahrain,Japan,1618.7883528916318,1956.500029951329,1,-237.7116770596972,0,5,FIFA World Cup qualification
2024-09-10,Indonesia,Australia,1489.311187161849,1846.8765435082516,1,-257.5653563464027,0,0,FIFA World Cup qualification
2024-09-10,China,Saudi Arabia,1534.9591799433997,1694.4864663676647,1,-59.52728642426496,1,2,FIFA World Cup qualification
2024-09-10,Belize,Anguilla,1258.933100981902,913.2624556935054,0,345.6706452883966,1,0,CONCACAF Nations League
2024-09-10,Chile,Bolivia,1798.4590610797102,1683.0529277280427,1,215.40613335166745,1,2,FIFA World Cup qualification
2024-09-10,United States Virgin Islands,Barbados,945.4348877037656,1156.8432221484043,1,-111.40833444463874,0,3,CONCACAF Nations League
2024-09-10,Paraguay,Brazil,1754.3445548955551,2099.2488068926473,1,-244.90425199709216,1,0,FIFA World Cup qualification
2024-09-10,Dominican Republic,Dominica,1413.5340092927709,1251.982272425501,0,161.55173686726994,2,0,CONCACAF Nations League
2024-09-10,Antigua and Barbuda,Bermuda,1198.7461019174355,1320.6714194676035,1,-21.925317550168074,0,1,CONCACAF Nations League
2024-09-10,Mexico,Canada,1903.6060010824285,1867.347329275899,0,36.25867180652949,0,0,Friendly
2024-09-10,United States,New Zealand,1823.413363734373,1763.0680256193566,1,160.34533811501638,1,1,Friendly
2024-09-10,Vietnam,Thailand,1410.2109526081656,1561.1218755253885,1,-50.91092291722293,1,2,Friendly
2024-09-10,Cambodia,Sri Lanka,1049.6513424612338,943.0879340028646,1,206.56340845836917,2,2,AFC Asian Cup qualification
2024-09-10,Macau,Brunei,887.0534786239585,921.4223252364355,1,65.631153387523,0,1,AFC Asian Cup qualification
2024-09-10,Mongolia,Timor-Leste,1009.128660596942,888.6510919928918,1,220.47756860405036,2,0,AFC Asian Cup qualification
2024-09-10,Gabon,Central African Republic,1543.0952188400963,1482.5378843471203,1,160.557334492976,2,0,African Cup of Nations qualification
2024-09-10,Botswana,Egypt,1425.1565208142144,1760.501795775141,1,-235.34527496092664,0,4,African Cup of Nations qualification
2024-09-10,Cape Verde,Mauritania,1652.786558513882,1467.6111609305021,1,285.1753975833799,2,0,African Cup of Nations qualification
2024-09-10,Rwanda,Nigeria,1442.955555576481,1714.0993431017982,1,-171.1437875253173,0,0,African Cup of Nations qualification
2024-09-10,Benin,Libya,1504.5006450909254,1511.7315511780423,0,-7.230906087116864,2,1,African Cup of Nations qualification
2024-09-10,Moldova,San Marino,1403.4358313667624,885.6965784574056,1,617.7392529093568,1,0,Friendly
2024-09-10,Zambia,Sierra Leone,1547.6235348995551,1441.4084915487604,1,206.21504335079476,3,2,African Cup of Nations qualification
2024-09-10,Liberia,Algeria,1432.5233020219623,1763.4190736052435,1,-230.8957715832812,0,3,African Cup of Nations qualification
2024-09-10,Trinidad and Tobago,French Guiana,1543.1442005233916,1485.5316982157444,1,157.61250230764722,0,0,CONCACAF Nations League
2024-09-10,Cuba,Nicaragua,1444.8956614900994,1537.6964956860973,1,7.1991658040021775,1,1,CONCACAF Nations League
2024-09-10,Burkina Faso,Malawi,1618.0947204134354,1442.4333662687293,0,175.66135414470614,3,1,African Cup of Nations qualification
2024-09-10,South Sudan,South Africa,1262.9388599877523,1693.0006291774066,1,-330.06176918965434,2,3,African Cup of Nations qualification
2024-09-10,Honduras,Jamaica,1642.663544099741,1684.5616678620352,1,58.10187623770594,1,2,CONCACAF Nations League
2024-09-10,Eswatini,Mali,1318.0461728140585,1693.2506813877503,0,-375.2045085736918,0,1,African Cup of Nations qualification
2024-09-10,Mozambique,Guinea-Bissau,1529.0440705609622,1471.1314431900867,1,157.9126273708755,2,1,African Cup of Nations qualification
2024-09-10,Chad,Ivory Coast,1285.1077582064922,1739.6619957153434,0,-454.5542375088512,0,2,African Cup of Nations qualification
2024-09-10,Guinea,Tanzania,1599.6378991731735,1493.9354469267537,0,105.70245224641985,1,2,African Cup of Nations qualification
2024-09-10,Namibia,Kenya,1537.7490585724242,1482.3483221440943,0,55.40073642832999,1,2,African Cup of Nations qualification
2024-10-08,Brunei,Timor-Leste,945.1560521877232,875.4871392627541,1,169.66891292496905,0,1,ASEAN Championship qualification
2024-10-09,Belize,Anguilla,1262.541314108919,909.6542425664884,1,452.8870715424307,1,0,CONCACAF Nations League
2024-10-09,Saint Kitts and Nevis,British Virgin Islands,1324.7134185736163,937.3926131549667,1,487.32080541864957,3,1,CONCACAF Nations League
2024-10-09,Barbados,United States Virgin Islands,1174.953027920162,927.325081932008,1,347.627945988154,5,0,CONCACAF Nations League
2024-10-10,Fiji,Solomon Islands,1518.8745881632146,1467.6311073927197,1,151.2434807704949,1,0,FIFA World Cup qualification
2024-10-10,Gibraltar,San Marino,1161.8885591461926,885.1413711355938,1,376.74718801059885,1,0,UEFA Nations League
2024-10-10,Moldova,Andorra,1403.9910386885742,1150.5857343746493,1,353.40530431392494,2,0,UEFA Nations League
2024-10-10,Bolivia,Colombia,1714.0753307972388,2135.4330968289905,1,-321.3577660317517,1,0,FIFA World Cup qualification
2024-10-10,Ecuador,Paraguay,1953.442786995534,1786.4938184366904,1,266.94896855884394,0,0,FIFA World Cup qualification
2024-10-10,Venezuela,Argentina,1857.6688867120793,2219.190411022751,1,-261.5215243106718,1,1,FIFA World Cup qualification
2024-10-10,Papua New Guinea,New Caledonia,1418.1330601857362,1555.623459554649,0,-137.49039936891268,1,3,FIFA World Cup qualification
2024-10-10,Qatar,Kyrgyzstan,1700.0512947751995,1429.850231162579,1,370.2010636126206,3,1,FIFA World Cup qualification
2024-10-10,Saudi Arabia,Japan,1711.092941263297,1972.7305871532087,1,-161.6376458899117,0,2,FIFA World Cup qualification
2024-10-10,United Arab Emirates,North Korea,1665.913236997839,1539.9977679839294,1,225.91546901390961,1,1,FIFA World Cup qualification
2024-10-10,Jordan,South Korea,1759.8057126218841,1855.376857207108,1,4.428855414776081,0,2,FIFA World Cup qualification
2024-10-10,Oman,Kuwait,1622.8680056188452,1467.7203604135354,1,255.1476452053098,4,0,FIFA World Cup qualification
2024-10-10,Iraq,Palestine,1774.7901349789095,1542.0332604690136,1,332.75687450989585,1,0,FIFA World Cup qualification
2024-10-10,Bahrain,Indonesia,1602.557795689752,1501.9101804555612,1,200.64761523419088,2,2,FIFA World Cup qualification
2024-10-10,Australia,China,1834.2775502145394,1518.3527050477674,1,415.924845166772,3,1,FIFA World Cup qualification
2024-10-10,Faroe Islands,Armenia,1288.4410863349058,1519.6539330072183,1,-131.21284667231248,2,2,UEFA Nations League
2024-10-10,Uzbekistan,Iran,1808.455854563804,1907.531233572881,1,0.9246209909229037,0,0,FIFA World Cup qualification
2024-10-10,Latvia,North Macedonia,1378.1000645621577,1620.3110023730474,1,-142.21093781088962,0,3,UEFA Nations League
2024-10-10,Chile,Brazil,1767.436658010514,2067.0995433515122,1,-199.66288534099817,1,2,FIFA World Cup qualification
2024-10-10,Austria,Kazakhstan,1911.3349905010516,1515.030273403859,1,496.3047170971927,4,0,UEFA Nations League
2024-10-10,Norway,Slovenia,1784.984747748905,1827.9257393306207,1,57.05900841828429,3,0,UEFA Nations League
2024-10-10,Myanmar,Sri Lanka,1103.6027358181611,953.750954388674,1,249.85178142948712,2,0,Friendly
2024-10-10,Cape Verde,Botswana,1662.5213939584798,1409.7744811650625,1,352.7469127934173,0,1,African Cup of Nations qualification
2024-10-10,Algeria,Togo,1778.0701558025999,1487.6236454295113,1,390.4465103730886,5,1,African Cup of Nations qualification
2024-10-10,Ghana,Sudan,1615.040043686597,1513.404531896136,1,201.63551179046112,0,0,African Cup of Nations qualification
2024-10-10,DR Congo,Tanzania,1690.35499425063,1519.8391356350057,1,270.5158586156242,1,0,African Cup of Nations qualification
2024-10-10,Namibia,Zimbabwe,1514.5866928809987,1429.3641201278224,0,85.22257275317634,0,1,African Cup of Nations qualification
2024-10-10,Burkina Faso,Burundi,1634.0995652567153,1477.2232262956372,0,156.8763389610781,4,1,African Cup of Nations qualification
2024-10-10,Cuba,Trinidad and Tobago,1444.5848929929991,1536.7708386873064,1,7.814054305692707,2,2,CONCACAF Nations League
2024-10-10,Liechtenstein,Hong Kong,1040.9551468877694,1289.4378879237197,1,-148.4827410359503,1,0,Friendly
2024-10-10,Nicaragua,Jamaica,1538.0072641831975,1702.0470022222369,1,-64.03973803903932,0,2,CONCACAF Nations League
2024-10-10,Bonaire,Montserrat,1187.4886322085065,1244.514873828009,0,-57.02624161950257,0,1,CONCACAF Nations League
2024-10-10,Saint Vincent and the Grenadines,El Salvador,1276.8341566544593,1554.5602923783174,1,-177.72613572385808,2,3,CONCACAF Nations League
2024-10-10,Israel,France,1606.192255041936,2085.5639958515726,0,-479.37174080963655,1,4,UEFA Nations League
2024-10-10,Italy,Belgium,1984.17340649686,1992.9167947082703,1,91.25661178858968,2,2,UEFA Nations League
2024-10-10,England,Greece,2061.080226713625,1826.53787235156,1,334.542354362065,1,2,UEFA Nations League
2024-10-10,Finland,Republic of Ireland,1665.0652551933015,1651.814478690496,1,113.25077650280559,1,2,UEFA Nations League
2024-10-10,French Guiana,Honduras,1491.9050600518297,1625.1782097395394,1,-33.27314968770975,2,3,CONCACAF Nations League
2024-10-11,Grenada,Curaçao,1247.130416399692,1507.7549179694463,0,-260.62450156975433,0,0,CONCACAF Nations League
2024-10-11,Saint Lucia,Saint Martin,1361.9983936718038,1200.839896526888,1,261.1584971449158,2,1,CONCACAF Nations League
2024-10-11,Sint Maarten,Puerto Rico,1247.9255204523736,1339.7523090412803,0,-91.82678858890677,3,2,CONCACAF Nations League
2024-10-11,Aruba,Haiti,1188.501009126289,1672.3068523634681,1,-383.80584323717903,1,3,CONCACAF Nations League
2024-10-11,Bosnia and Herzegovina,Germany,1539.6214253062803,2010.673945562854,1,-371.05252025657364,1,2,UEFA Nations League
2024-10-11,Hungary,Netherlands,1814.1321462713408,2030.9217521916398,1,-116.78960592029898,1,1,UEFA Nations League
2024-10-11,Czech Republic,Albania,1777.8989743237348,1691.8405565437092,1,186.0584177800256,2,0,UEFA Nations League
2024-10-11,Estonia,Azerbaijan,1423.1248276142753,1514.3236967213036,1,8.801130892971742,3,1,UEFA Nations League
2024-10-11,Iceland,Wales,1632.5926952902632,1760.0591153621099,1,-27.466420071846642,2,2,UEFA Nations League
2024-10-11,Turkey,Montenegro,1865.5704823405792,1573.645483253894,1,391.92499908668515,1,0,UEFA Nations League
2024-10-11,Slovakia,Sweden,1765.126580580342,1758.1177372579273,1,107.0088433224148,2,2,UEFA Nations League
2024-10-11,Peru,Uruguay,1792.152065467675,2033.039035757345,1,-140.88697028967,1,0,FIFA World Cup qualification
2024-10-11,New Zealand,Tahiti,1767.3811746429542,1515.2194423937447,0,252.16173224920954,3,0,FIFA World Cup qualification
2024-10-11,Syria,Tajikistan,1571.177791032864,1481.6450092928994,0,89.53278173996455,1,0,King's Cup
2024-10-11,Guyana,Guatemala,1429.5443050473548,1638.8009795433418,1,-109.256674495987,1,3,CONCACAF Nations League
2024-10-11,Thailand,Philippines,1569.6669399759494,1228.3220873939604,1,441.344852581989,3,1,King's Cup
2024-10-11,Ukraine,Georgia,1834.7208978034416,1789.490697973694,0,45.23019982974756,1,0,UEFA Nations League
2024-10-11,Suriname,Costa Rica,1505.7871847496906,1781.7079094144763,1,-175.92072466478567,1,1,CONCACAF Nations League
2024-10-11,Mali,Guinea-Bissau,1697.3872528737256,1459.643411380991,1,337.74384149273465,1,0,African Cup of Nations qualification
2024-10-11,Senegal,Malawi,1866.3083827355936,1426.4285214254494,1,539.8798613101442,4,0,African Cup of Nations qualification
2024-10-11,Cambodia,Taiwan,1038.9883220754243,1092.4577497526634,1,46.53057232276092,3,2,Friendly
2024-10-11,Madagascar,Gambia,1458.5279136774107,1460.3951519622838,0,-1.8672382848731104,1,1,African Cup of Nations qualification
2024-10-11,Tunisia,Comoros,1794.2869158794892,1446.0812911544135,1,448.2056247250757,0,1,African Cup of Nations qualification
2024-10-11,Guadeloupe,Martinique,1528.9893524723586,1543.904029451937,1,85.08532302042158,0,1,CONCACAF Nations League
2024-10-11,Egypt,Mauritania,1775.883835424293,1457.8763254859043,1,418.0075099383887,2,0,African Cup of Nations qualification
2024-10-11,Benin,Rwanda,1524.91682941691,1452.0809712843773,0,72.83585813253285,3,0,African Cup of Nations qualification
2024-10-11,Nigeria,Libya,1704.973927393902,1491.3153668520577,1,313.6585605418443,1,0,African Cup of Nations qualification
2024-10-11,Gabon,Lesotho,1560.1408758228406,1350.9171450648887,1,309.2237307579519,0,0,African Cup of Nations qualification
2024-10-11,Angola,Niger,1665.8102133368402,1356.3020138298525,1,409.5081995069877,2,0,African Cup of Nations qualification
2024-10-11,Zambia,Chad,1556.974875483853,1281.0231905552278,1,375.95168492862535,0,0,African Cup of Nations qualification
2024-10-11,Ivory Coast,Sierra Leone,1743.746563366608,1432.0571509644624,1,411.68941240214554,4,1,African Cup of Nations qualification
2024-10-11,Mozambique,Eswatini,1540.5321023700578,1313.9096013280832,1,326.6225010419746,1,1,African Cup of Nations qualification
2024-10-11,Cameroon,Kenya,1687.099104642715,1505.5106878355198,1,281.58841680719524,4,1,African Cup of Nations qualification
2024-10-11,Uganda,South Sudan,1507.4422727980052,1257.7344679258392,1,349.707804872166,1,0,African Cup of Nations qualification
2024-10-11,South Africa,Congo,1698.2050212393196,1382.7430634180969,1,415.46195782122277,5,0,African Cup of Nations qualification
2024-10-11,Equatorial Guinea,Liberia,1574.829645533241,1417.872219824606,1,256.9574257086351,1,0,African Cup of Nations qualification
2024-10-12,Serbia,Switzerland,1844.9182816866182,1920.8622932630078,1,24.055988423610415,2,0,UEFA Nations League
2024-10-12,Spain,Denmark,2205.93867798245,1904.7877971849227,1,401.1508807975272,1,0,UEFA Nations League
2024-10-12,Lithuania,Kosovo,1394.1082772458578,1566.7874314125734,1,-72.67915416671553,1,2,UEFA Nations League
2024-10-12,Belarus,Northern Ireland,1515.9201181614935,1583.8354045824838,0,-67.91528642099024,0,0,UEFA Nations League
2024-10-12,Vanuatu,Samoa,1411.0433438410366,1242.4240519905172,1,268.6192918505194,4,1,FIFA World Cup qualification
2024-10-12,Bulgaria,Luxembourg,1558.2939418116148,1514.6582975775648,1,143.63564423405,0,0,UEFA Nations League
2024-10-12,Poland,Portugal,1800.5955980958424,2024.8531131343182,1,-124.25751503847573,1,3,UEFA Nations League
2024-10-12,Cyprus,Romania,1360.559540840874,1768.0531720845743,1,-307.4936312437003,0,3,UEFA Nations League
2024-10-12,Croatia,Scotland,1961.4069642632026,1754.3090344635368,1,307.09792979966574,2,1,UEFA Nations League
2024-10-12,Morocco,Central African Republic,1871.3435650328518,1465.492227364376,1,505.8513376684757,5,0,African Cup of Nations qualification
2024-10-12,Turks and Caicos Islands,Anguilla,974.212959712291,907.5936173745539,0,66.61934233773707,2,1,CONCACAF Nations League
2024-10-12,Bahamas,United States Virgin Islands,1069.7997563215285,920.1798793335149,0,149.61987698801363,3,1,CONCACAF Nations League
2024-10-12,Bermuda,Dominica,1334.7260819833589,1239.2503549120204,1,195.4757270713385,6,1,CONCACAF Nations League
2024-10-12,Antigua and Barbuda,Dominican Republic,1184.69143940168,1426.2659268062514,0,-241.5744874045713,0,5,CONCACAF Nations League
2024-10-12,Guinea,Ethiopia,1573.7342104649215,1411.5895065412667,0,162.1447039236548,4,1,African Cup of Nations qualification
2024-10-12,Vietnam,India,1401.6658881576047,1315.4051218015063,1,186.26076635609843,1,1,Friendly
2024-10-12,United States,Panama,1819.1002147107754,1845.4587344977463,1,73.64148021302913,2,0,Friendly
2024-10-12,Cayman Islands,British Virgin Islands,1073.542475272263,934.8257477246223,0,138.71672754764063,1,0,CONCACAF Nations League
2024-10-13,Malta,Moldova,1316.5358646117577,1409.194920783246,1,7.340943828511627,1,0,UEFA Nations League
2024-10-13,Liechtenstein,Gibraltar,1054.9863378675504,1164.9663730162474,1,-9.98003514869697,0,0,UEFA Nations League
2024-10-13,Armenia,North Macedonia,1514.2438170431851,1636.378844364782,1,-22.135027321596908,0,2,UEFA Nations League
2024-10-13,Faroe Islands,Latvia,1293.851202298939,1362.032222570423,1,31.818979728515842,1,1,UEFA Nations League
2024-10-13,Kazakhstan,Slovenia,1511.9746226992904,1805.9484072458156,1,-193.97378454652517,0,1,UEFA Nations League
2024-10-13,Greece,Republic of Ireland,1852.7213221407674,1671.5377948598393,1,281.18352728092805,2,0,UEFA Nations League
2024-10-13,Austria,Norway,1914.39064120562,1806.96207983371,1,207.42856137191006,5,1,UEFA Nations League
2024-10-13,Saint Vincent and the Grenadines,El Salvador,1268.9012842783243,1562.4931647544524,1,-193.59188047612815,2,1,CONCACAF Nations League
2024-10-13,Montserrat,Bonaire,1257.0747265033697,1174.9287795331459,0,82.1459469702238,0,1,CONCACAF Nations League
2024-10-13,Burundi,Burkina Faso,1457.0335777601008,1654.2892137922518,0,-197.25563603215096,0,2,African Cup of Nations qualification
2024-10-13,Myanmar,Sri Lanka,1109.3571726029004,947.9965176039346,1,261.36065499896574,0,0,Friendly
2024-10-13,Andorra,San Marino,1145.3818522799775,882.063557265539,1,363.3182950144385,2,0,Friendly
2024-10-13,Finland,England,1645.341939023958,2034.8967769244177,1,-289.5548379004597,1,3,UEFA Nations League
2024-10-14,Bosnia and Herzegovina,Hungary,1536.4518815144022,1818.9926520895538,1,-182.54077057515156,0,2,UEFA Nations League
2024-10-14,Germany,Netherlands,2013.8434893547321,2026.061246373427,1,87.78224298130499,1,0,UEFA Nations League
2024-10-14,Georgia,Albania,1776.4324854939437,1680.3563014275474,1,196.0761840663963,0,1,UEFA Nations League
2024-10-14,Ukraine,Czech Republic,1847.779110283192,1789.3832294398967,0,58.395880843295345,1,1,UEFA Nations League
2024-10-14,Iceland,Turkey,1633.7760518062812,1868.4152157484398,1,-134.63916394215858,2,4,UEFA Nations League
2024-10-14,Estonia,Sweden,1445.0549864496772,1762.596933426075,1,-217.54194697639787,0,3,UEFA Nations League
2024-10-14,Azerbaijan,Slovakia,1492.3935378859017,1760.6473844121942,1,-168.2538465262926,1,3,UEFA Nations League
2024-10-14,Tajikistan,Philippines,1470.427099106521,1225.0343184554092,0,245.3927806511117,0,3,King's Cup
2024-10-14,Thailand,Syria,1572.9547089145005,1582.3957012192425,1,90.55900769525806,2,1,King's Cup
2024-10-14,Italy,Israel,1980.3217120363447,1603.065713542119,1,477.25599849422565,4,1,UEFA Nations League
2024-10-14,Wales,Montenegro,1758.875758846092,1570.8007498460336,1,288.07500900005834,1,0,UEFA Nations League
2024-10-14,Aruba,Haiti,1184.0499357443025,1676.7579257454547,1,-392.7079900011522,3,5,CONCACAF Nations League
2024-10-14,Belgium,France,1996.7684891687857,2088.6905373513896,1,8.077951817396297,1,2,UEFA Nations League
2024-10-14,Saint Lucia,Saint Martin,1367.4561898792194,1195.3821003194723,1,272.0740895597471,0,4,CONCACAF Nations League
2024-10-14,Puerto Rico,Sint Maarten,1320.8776308843321,1266.8001986093218,0,54.077432275010324,2,1,CONCACAF Nations League
2024-10-14,New Zealand,Malaysia,1780.6644905564879,1459.331151482263,1,421.3333390742248,4,0,Friendly
2024-10-14,Liberia,Equatorial Guinea,1410.4500819625798,1582.2517833952672,1,-71.80170143268742,1,2,African Cup of Nations qualification
2024-10-14,Togo,Algeria,1480.456834321528,1785.236966910583,1,-204.78013258905503,0,1,African Cup of Nations qualification
2024-10-14,Eswatini,Mozambique,1328.6149204477742,1525.8267832503668,0,-197.21186280259258,0,3,African Cup of Nations qualification
2024-10-14,Kenya,Cameroon,1493.955546303734,1698.6542461745007,0,-204.69869987076663,0,1,African Cup of Nations qualification
2024-10-14,Gambia,Madagascar,1460.2876661211446,1458.6353995185498,0,1.6522666025948638,1,0,African Cup of Nations qualification
2024-10-14,Nicaragua,French Guiana,1519.6081540246776,1478.3372017882962,1,141.2709522363814,3,2,CONCACAF Nations League
2024-10-14,Jamaica,Honduras,1720.4461123807569,1638.7460680030729,1,181.70004437768398,0,0,CONCACAF Nations League
2024-10-14,Trinidad and Tobago,Cuba,1537.1081416596157,1444.2475900206898,1,192.86055163892593,3,1,CONCACAF Nations League
2024-10-14,Curaçao,Grenada,1498.226452301882,1256.6588820672562,0,241.56757023462592,1,0,CONCACAF Nations League
2024-10-14,Zimbabwe,Namibia,1454.1738476818252,1489.7769653269959,0,-35.60311764517064,3,1,African Cup of Nations qualification
2024-10-15,Paraguay,Venezuela,1799.4130919221564,1870.40425748695,1,29.00883443520638,2,1,FIFA World Cup qualification
2024-10-15,Poland,Croatia,1785.8161411518513,1965.781456542534,1,-79.96531539068269,3,3,UEFA Nations League
2024-10-15,Spain,Serbia,2208.6495695405097,1865.86289563869,1,442.78667390181977,3,0,UEFA Nations League
2024-10-15,Switzerland,Denmark,1899.9176793109361,1902.0769056268632,1,97.84077368407293,2,2,UEFA Nations League
2024-10-15,Kosovo,Cyprus,1578.694602454713,1352.9190623299125,1,325.7755401248005,3,0,UEFA Nations League
2024-10-15,Lithuania,Romania,1382.2011062037182,1775.6936505955357,1,-293.49254439181755,1,2,UEFA Nations League
2024-10-15,Scotland,Portugal,1749.9345421842054,2039.6325700783093,1,-189.69802789410392,0,0,UEFA Nations League
2024-10-15,Northern Ireland,Bulgaria,1580.9400503296736,1552.4233942850424,1,128.5166560446312,5,0,UEFA Nations League
2024-10-15,Belarus,Luxembourg,1518.8154724143037,1520.5288451041372,0,-1.7133726898334771,1,1,UEFA Nations League
2024-10-15,Colombia,Chile,2100.8685575029244,1757.8123591953847,1,443.0561983075397,4,0,FIFA World Cup qualification
2024-10-15,Uruguay,Ecuador,2005.3460432001302,1940.5235135100681,1,164.82252969006208,0,0,FIFA World Cup qualification
2024-10-15,Palestine,Kuwait,1536.898703242186,1453.6853854177946,0,83.21331782439142,2,2,FIFA World Cup qualification
2024-10-15,Brazil,Peru,2076.7238421666416,1819.8450580248896,1,356.878784141752,4,0,FIFA World Cup qualification
2024-10-15,Uzbekistan,United Arab Emirates,1808.4026292266988,1654.4766473191003,1,253.9259819075985,1,0,FIFA World Cup qualification
2024-10-15,Iran,Qatar,1907.5844589099863,1706.418223764642,0,201.16623514534422,4,1,FIFA World Cup qualification
2024-10-15,Kyrgyzstan,North Korea,1423.4833021731363,1551.4343576626682,1,-27.951055489531882,1,0,FIFA World Cup qualification
2024-10-15,Jordan,Oman,1729.4233152168076,1636.902980614586,1,192.5203346022215,4,0,FIFA World Cup qualification
2024-10-15,South Korea,Iraq,1885.7592546121846,1779.924692205737,1,205.8345624064475,3,2,FIFA World Cup qualification
2024-10-15,Japan,Australia,1989.7004579396848,1839.2942561221032,1,250.40620181758163,1,1,FIFA World Cup qualification
2024-10-15,Timor-Leste,Brunei,904.5451991737225,916.0979922767548,0,-11.552793103032286,0,0,ASEAN Championship qualification
2024-10-15,China,Indonesia,1513.3359991402035,1512.3272500635883,1,101.00874907661523,2,1,FIFA World Cup qualification
2024-10-15,Saudi Arabia,Bahrain,1694.1230704768209,1592.140726081725,1,201.98234439509588,0,0,FIFA World Cup qualification
2024-10-15,Saint Kitts and Nevis,Cayman Islands,1327.2802840039608,1082.8527560429839,1,344.42752796097693,1,1,CONCACAF Nations League
2024-10-15,Argentina,Bolivia,2206.4550402478803,1748.6398701233052,1,557.8151701245752,6,0,FIFA World Cup qualification
2024-10-15,Belize,Turks and Caicos Islands,1264.6019393008537,986.3715098166984,1,378.23042948415525,3,0,CONCACAF Nations League
2024-10-15,Mexico,United States,1902.5661648959256,1830.9676279214907,1,171.59853697443486,2,0,Friendly
2024-10-15,Bermuda,Dominica,1349.4284216808287,1224.5480152145506,1,224.88040646627815,3,2,CONCACAF Nations League
2024-10-15,Canada,Panama,1868.387165462402,1833.591321287031,1,134.79584417537103,2,1,Friendly
2024-10-15,Hong Kong,Cambodia,1275.4066969439386,1047.6570145382702,1,327.7496824056684,3,0,Friendly
2024-10-15,Comoros,Tunisia,1483.2640287490422,1757.1041782848606,0,-273.84014953581845,1,1,African Cup of Nations qualification
2024-10-15,Lesotho,Gabon,1365.1451919884755,1545.9128288992538,0,-180.76763691077826,0,2,African Cup of Nations qualification
2024-10-15,Morocco,Central African Republic,1875.46898310661,1461.3668092906178,1,514.1021738159923,4,0,African Cup of Nations qualification
2024-10-15,Mauritania,Egypt,1452.9144605877855,1780.8457003224119,1,-227.9312397346264,0,1,African Cup of Nations qualification
2024-10-15,Botswana,Cape Verde,1445.133281618178,1627.1625935053644,1,-82.0293118871864,1,0,African Cup of Nations qualification
2024-10-15,Rwanda,Benin,1424.3126857145573,1552.68511498673,1,-28.372429272172667,2,1,African Cup of Nations qualification
2024-10-15,Sudan,Ghana,1523.8629804100522,1604.5815951726809,0,-80.7186147626287,2,0,African Cup of Nations qualification
2024-10-15,Niger,Angola,1351.1128658650034,1670.9993613016893,0,-319.8864954366859,0,1,African Cup of Nations qualification
2024-10-15,Barbados,Bahamas,1182.0982305186549,1083.1679840000425,1,198.93024651861242,6,2,CONCACAF Nations League
2024-10-15,Chad,Zambia,1296.9025437351406,1541.0955223039402,0,-244.19297856879962,0,1,African Cup of Nations qualification
2024-10-15,Tanzania,DR Congo,1512.8772669351135,1697.3168629505221,1,-84.4395960154086,0,2,African Cup of Nations qualification
2024-10-15,Ethiopia,Guinea,1391.8327415233705,1593.4909754828177,0,-201.65823395944722,0,3,African Cup of Nations qualification
2024-10-15,Guinea-Bissau,Mali,1454.6359677699652,1702.3946964847514,1,-147.75872871478623,0,0,African Cup of Nations qualification
2024-10-15,South Sudan,Uganda,1253.0210104350194,1512.155730288825,1,-159.13471985380556,1,2,African Cup of Nations qualification
2024-10-15,Congo,South Africa,1376.0377710034563,1704.9103136539602,1,-228.87254265050387,1,1,African Cup of Nations qualification
2024-10-15,Malawi,Senegal,1423.2195169523507,1869.5173872086923,1,-346.29787025634164,0,1,African Cup of Nations qualification
2024-10-15,Costa Rica,Guatemala,1774.701573934045,1654.4498532328107,1,220.25172070123426,3,0,CONCACAF Nations League
2024-10-15,Guadeloupe,Martinique,1510.3876401879681,1562.5057417363275,1,47.88189845164061,0,0,CONCACAF Nations League
2024-10-15,Suriname,Guyana,1512.7935202301219,1413.8954313578859,1,198.89808887223603,5,1,CONCACAF Nations League
2024-10-15,Dominican Republic,Antigua and Barbuda,1438.224506894685,1172.7328593132465,0,265.49164758143843,5,0,CONCACAF Nations League
2024-10-15,Sierra Leone,Ivory Coast,1426.0722257726636,1749.7314885584067,0,-323.65926278574307,1,0,African Cup of Nations qualification
2024-11-13,Namibia,Cameroon,1456.713460737628,1708.0682750239994,0,-251.35481428637127,0,0,African Cup of Nations qualification
2024-11-13,Liberia,Togo,1394.525465951569,1471.046179421353,1,23.479286530216086,1,0,African Cup of Nations qualification
2024-11-13,Chad,Sierra Leone,1289.0259398310932,1460.6986916513229,0,-171.67275182022968,1,1,African Cup of Nations qualification
2024-11-13,Bangladesh,Maldives,1104.0336732345725,1093.0336098864022,1,111.00006334817022,0,1,Friendly
2024-11-13,Tajikistan,Nepal,1428.2079207611516,1102.8852690318013,1,425.32265172935035,4,0,Friendly
2024-11-14,Solomon Islands,New Caledonia,1455.8261571014846,1574.334796577371,0,-118.50863947588641,2,3,FIFA World Cup qualification
2024-11-14,Papua New Guinea,Fiji,1399.4217231630141,1530.6795384544498,1,-31.25781529143569,3,3,FIFA World Cup qualification
2024-11-14,North Korea,Iran,1529.8288278138668,1924.3165453186248,0,-394.48771750475794,2,3,FIFA World Cup qualification
2024-11-14,Qatar,Uzbekistan,1689.6861373560037,1815.9308328891905,1,-26.244695533186814,3,2,FIFA World Cup qualification
2024-11-14,United Arab Emirates,Kyrgyzstan,1646.9484436566086,1445.0888320219376,1,301.85961163467096,3,0,FIFA World Cup qualification
2024-11-14,Iraq,Jordan,1770.5576491829609,1748.0383057980064,1,122.51934338495448,0,0,FIFA World Cup qualification
2024-11-14,Oman,Palestine,1618.2879900333874,1532.1980990851548,1,186.08989094823255,1,0,FIFA World Cup qualification
2024-11-14,Bahrain,China,1602.613672846363,1527.6799313011295,1,174.9337415452335,0,1,FIFA World Cup qualification
2024-11-14,Australia,Saudi Arabia,1851.6414443562783,1683.650123712183,1,267.99132064409537,0,0,FIFA World Cup qualification
2024-11-14,Madagascar,Tunisia,1438.7305109127642,1743.9566960835443,0,-305.2261851707801,2,3,African Cup of Nations qualification
2024-11-14,Lesotho,Central African Republic,1349.4829311654223,1457.6697856781761,0,-108.18685451275383,1,0,African Cup of Nations qualification
2024-11-14,Rwanda,Libya,1445.9423131154035,1485.6683614885594,1,60.27395162684411,0,1,African Cup of Nations qualification
2024-11-14,Benin,Nigeria,1531.0554875858838,1710.6209327574002,0,-179.56544517151633,1,1,African Cup of Nations qualification
2024-11-14,Equatorial Guinea,Algeria,1598.176399406278,1794.6476218107582,1,-96.47122240448016,0,0,African Cup of Nations qualification
2024-11-14,Niger,Sudan,1345.6375032400547,1560.7100352267773,0,-215.07253198672265,4,0,African Cup of Nations qualification
2024-11-14,South Sudan,Congo,1241.5904989273226,1387.5883649316697,1,-45.99786600434709,3,2,African Cup of Nations qualification
2024-11-14,Burundi,Malawi,1442.4446679840887,1418.4238263785762,0,24.020841605512487,0,0,African Cup of Nations qualification
2024-11-14,Burkina Faso,Senegal,1668.8781235682638,1874.3130777824667,0,-205.4349542142029,0,1,African Cup of Nations qualification
2024-11-14,Paraguay,Argentina,1817.7470787903608,2209.7489850537822,1,-292.00190626342146,2,1,FIFA World Cup qualification
2024-11-14,Ecuador,Bolivia,1949.3584226242654,1745.3459253174033,1,304.0124973068623,4,0,FIFA World Cup qualification
2024-11-14,Kuwait,South Korea,1458.3859895748258,1895.1262976349608,1,-336.740308060135,1,3,FIFA World Cup qualification
2024-11-14,Thailand,Lebanon,1584.1311610645964,1437.620540269434,1,246.51062079516237,0,0,Friendly
2024-11-14,Belgium,Italy,1981.4197987828911,1983.4842572637501,1,97.935541519141,0,1,UEFA Nations League
2024-11-14,France,Israel,2104.039227737284,1599.9031683147136,1,604.1360594225703,0,0,UEFA Nations League
2024-11-14,Venezuela,Brazil,1852.0702706187456,2085.2447891646343,1,-133.17451854588876,1,1,FIFA World Cup qualification
2024-11-14,Greece,England,1860.1640941023725,2042.0450149534297,1,-81.88092085105723,0,3,UEFA Nations League
2024-11-14,Kazakhstan,Austria,1504.57536385833,1927.470708266172,1,-322.895344407842,0,2,UEFA Nations League
2024-11-14,Slovenia,Norway,1813.347666086776,1793.882012773158,1,119.46565331361785,1,4,UEFA Nations League
2024-11-14,North Macedonia,Latvia,1657.4473117475497,1363.4021305344597,1,394.04518121309,1,0,UEFA Nations League
2024-11-14,Armenia,Faroe Islands,1493.1753496604174,1292.4812943349023,1,300.69405532551514,0,1,UEFA Nations League
2024-11-14,Montserrat,Saint Vincent and the Grenadines,1238.5928412721182,1291.4897639989845,0,-52.89692272686625,1,2,CONCACAF Nations League
2024-11-14,Republic of Ireland,Finland,1664.0950228982342,1638.193700994946,1,125.90132190328814,1,0,UEFA Nations League
2024-11-14,Belize,French Guiana,1269.9469831417023,1469.1210652526586,1,-99.1740821109563,2,1,CONCACAF Nations League
2024-11-14,Saint Kitts and Nevis,Cuba,1315.9112736525196,1433.095032346946,1,-17.183758694426388,2,1,CONCACAF Nations League
2024-11-14,Costa Rica,Panama,1786.2317263150408,1827.287441240786,1,58.94428507425482,0,1,CONCACAF Nations League
2024-11-14,Jamaica,United States,1713.2462221718072,1822.8272262463036,1,-9.581004074496377,0,1,CONCACAF Nations League
2024-11-14,Hong Kong,Philippines,1280.0135233229666,1267.2534968007785,1,112.76002652218813,3,1,Friendly
2024-11-14,Malaysia,Laos,1456.2840145540092,918.6873243083694,0,537.5966902456398,3,1,Friendly
2024-11-14,Malta,Liechtenstein,1331.2189777447124,1055.4170921528541,1,375.8018855918583,2,0,Friendly
2024-11-14,Singapore,Myanmar,1272.5357321965462,1102.992240795254,1,269.54349140129216,3,2,Friendly
2024-11-14,El Salvador,Bonaire,1539.9046850337922,1193.4106647643973,1,446.4940202693949,1,0,CONCACAF Nations League
2024-11-15,Samoa,Tahiti,1230.1305296070475,1501.936126480211,0,-271.8055968731635,0,3,FIFA World Cup qualification
2024-11-15,New Zealand,Vanuatu,1783.7116274847417,1423.3368662245064,1,460.37476126023535,8,1,FIFA World Cup qualification
2024-11-15,Indonesia,Japan,1497.9833179026623,1977.3532697055098,1,-379.3699518028475,0,4,FIFA World Cup qualification
2024-11-15,Russia,Brunei,1837.1619022766336,915.4332050408531,1,1021.7286972357805,2,1,Friendly
2024-11-15,Gambia,Comoros,1480.1925547269302,1496.4115109503584,0,-16.218956223428222,1,2,African Cup of Nations qualification
2024-11-15,Gabon,Morocco,1561.575089722307,1879.1660067190517,1,-217.59091699674468,1,5,African Cup of Nations qualification
2024-11-15,Botswana,Mauritania,1469.7694424789026,1444.4288854047384,1,125.34055707416428,1,1,African Cup of Nations qualification
2024-11-15,Eswatini,Guinea-Bissau,1311.591279528329,1462.6634157367005,0,-151.07213620837138,1,1,African Cup of Nations qualification
2024-11-15,Angola,Ghana,1676.474723926638,1567.7345403559557,1,208.74018357068235,1,1,African Cup of Nations qualification
2024-11-15,Zambia,Ivory Coast,1548.9721262079877,1715.1050226797474,1,-66.13289647175975,1,0,African Cup of Nations qualification
2024-11-15,Mozambique,Mali,1542.850424169812,1694.3672485180161,1,-51.51682434820418,0,1,African Cup of Nations qualification
2024-11-15,Zimbabwe,Kenya,1487.237352271193,1484.5415174542354,0,2.6958348169575856,1,1,African Cup of Nations qualification
2024-11-15,Uganda,South Africa,1523.5862417965218,1693.3597197257468,1,-69.77347792922501,0,2,African Cup of Nations qualification
2024-11-15,Uruguay,Colombia,1996.511134085933,2106.2983450115507,1,-9.787210925617728,3,2,FIFA World Cup qualification
2024-11-15,Cape Verde,Egypt,1602.5264326446397,1789.331275505459,1,-86.80484286081924,1,1,African Cup of Nations qualification
2024-11-15,Peru,Chile,1811.3241110268968,1752.3825716867582,1,158.94153934013866,0,0,FIFA World Cup qualification
2024-11-15,Northern Ireland,Belarus,1600.3229055218992,1518.889444059922,1,181.43346146197723,2,0,UEFA Nations League
2024-11-15,Honduras,Mexico,1645.9459582120226,1910.7065665711127,1,-164.76060835909016,2,0,CONCACAF Nations League
2024-11-15,Suriname,Canada,1526.372990111506,1874.691045508647,1,-248.31805539714105,0,1,CONCACAF Nations League
2024-11-15,Portugal,Poland,2032.1698841878665,1789.2088249387334,1,342.9610592491331,5,1,UEFA Nations League
2024-11-15,Scotland,Croatia,1757.3972280746482,1962.3887727556519,1,-104.99154468100369,1,0,UEFA Nations League
2024-11-15,Denmark,Spain,1906.1928009567966,2212.4558945453987,1,-206.26309358860203,1,2,UEFA Nations League
2024-11-15,Switzerland,Serbia,1895.8017839810027,1862.0565706338011,1,133.74521334720157,1,1,UEFA Nations League
2024-11-15,Romania,Kosovo,1780.368982083086,1585.6733202411046,1,294.6956618419813,0,0,UEFA Nations League
2024-11-15,Luxembourg,Bulgaria,1520.454873458519,1533.0405390928167,1,87.41433436570219,0,1,UEFA Nations League
2024-11-15,Cyprus,Lithuania,1345.940344543521,1377.525774716168,1,68.41456982735303,2,1,UEFA Nations League
2024-11-15,Saint Lucia,Grenada,1320.923997384634,1250.6794013876402,0,70.2445959969939,0,4,CONCACAF Nations League
2024-11-15,Curaçao,Saint Martin,1504.205932981498,1241.9142928140577,1,362.2916401674404,5,0,CONCACAF Nations League
2024-11-15,Puerto Rico,Aruba,1333.56159317534,1179.8002130380216,1,253.76138013731838,5,1,CONCACAF Nations League
2024-11-15,Sint Maarten,Haiti,1254.116236318314,1681.0076484517356,0,-426.8914121334217,0,8,CONCACAF Nations League
2024-11-15,Barbados,Guyana,1195.6757935897324,1400.3159614765018,1,-104.6401678867694,1,4,CONCACAF Nations League
2024-11-15,Cayman Islands,Guadeloupe,1094.221766394425,1508.3334014225804,1,-314.11163502815543,0,6,CONCACAF Nations League
2024-11-15,San Marino,Gibraltar,878.7655748207499,1164.5356187309437,1,-185.77004391019386,1,1,UEFA Nations League
2024-11-16,Guinea,DR Congo,1610.187027571158,1720.1660036976782,0,-109.97897612652014,1,0,African Cup of Nations qualification
2024-11-16,Bermuda,Antigua and Barbuda,1355.881105662185,1162.0382426834663,0,193.8428629787188,2,1,CONCACAF Nations League
2024-11-16,Ethiopia,Tanzania,1375.1366894350301,1490.0281261879575,0,-114.89143675292735,0,2,African Cup of Nations qualification
2024-11-16,Sri Lanka,Yemen,954.3614494115809,1259.2109605314022,0,-304.8495111198213,1,0,Friendly
2024-11-16,Nepal,Afghanistan,1099.9018064651248,1303.6143312370784,0,-203.71252477195367,2,0,Friendly
2024-11-16,Bangladesh,Maldives,1090.9432716977526,1106.124011423222,1,84.8192602745305,2,1,Friendly
2024-11-16,Dominican Republic,Dominica,1448.9191235244652,1218.0953312331942,1,330.82379229127105,6,1,CONCACAF Nations League
2024-11-16,Andorra,Moldova,1148.6798347247666,1394.5118076502913,1,-145.83197292552472,0,1,UEFA Nations League
2024-11-16,Georgia,Ukraine,1753.7644891615953,1845.2814329216083,1,8.483056239987036,1,1,UEFA Nations League
2024-11-16,Azerbaijan,Estonia,1480.0108783811677,1433.3838650940945,1,146.62701328707317,0,0,UEFA Nations League
2024-11-16,Turkey,Wales,1882.6077077927127,1763.6754968651576,1,218.93221092755516,0,0,UEFA Nations League
2024-11-16,Montenegro,Iceland,1566.001011826968,1619.5835597620082,1,46.41745206495966,0,2,UEFA Nations League
2024-11-16,Albania,Czech Republic,1703.0242977598957,1791.8809068014805,1,11.143390958415239,0,0,UEFA Nations League
2024-11-16,Netherlands,Hungary,2014.7724746708082,1830.6509637521276,1,284.12151091868054,4,0,UEFA Nations League
2024-11-16,Germany,Bosnia and Herzegovina,2025.132261057351,1524.7935698518284,1,600.3386912055223,7,0,UEFA Nations League
2024-11-16,Sweden,Slovakia,1774.2680547816578,1773.0300439169282,1,101.23801086472963,2,1,UEFA Nations League
2024-11-17,El Salvador,Montserrat,1542.037066076861,1225.8591014168705,1,416.1779646599905,1,0,CONCACAF Nations League
2024-11-17,Togo,Equatorial Guinea,1452.3957020486787,1603.5912793894029,1,-51.195577340724185,3,0,African Cup of Nations qualification
2024-11-17,Algeria,Liberia,1789.2327418276334,1413.1759433242432,1,476.05679850339016,5,1,African Cup of Nations qualification
2024-11-17,Papua New Guinea,Solomon Islands,1401.2162286253895,1442.3952544487604,1,58.82097417662908,1,2,FIFA World Cup qualification
2024-11-17,Fiji,New Caledonia,1528.8850329920745,1587.7656992300952,0,-58.880666238020694,1,1,FIFA World Cup qualification
2024-11-17,Thailand,Laos,1578.0274374494156,917.3874765920705,1,760.6399608573452,1,1,Friendly
2024-11-17,Latvia,Armenia,1360.5886691202193,1467.6893936841518,1,-7.100724563932545,1,2,UEFA Nations League
2024-11-17,Saint Vincent and the Grenadines,Bonaire,1304.2235038542321,1191.2782837213285,0,112.94522013290361,3,1,CONCACAF Nations League
2024-11-17,Austria,Slovenia,1933.5389836556944,1778.4112790126442,1,255.12770464305027,1,1,UEFA Nations League
2024-11-17,Norway,Kazakhstan,1828.8183998472898,1498.5070884688078,1,430.31131137848206,5,0,UEFA Nations League
2024-11-17,Finland,Greece,1628.4032405960556,1839.988445157376,1,-111.58520456132032,0,2,UEFA Nations League
2024-11-17,England,Republic of Ireland,2062.220663898426,1673.8854832971247,1,488.33518060130154,5,0,UEFA Nations League
2024-11-17,Italy,France,2002.6039357147658,2089.937842428688,1,12.66609328607774,1,3,UEFA Nations League
2024-11-17,Israel,Belgium,1614.00455362331,1962.3001203318754,0,-348.2955667085655,1,0,UEFA Nations League
2024-11-17,North Macedonia,Faroe Islands,1660.2607731617902,1317.9672503111678,1,442.29352285062237,1,0,UEFA Nations League
2024-11-18,Central African Republic,Gabon,1431.635821814337,1544.9057141074181,0,-113.26989229308106,0,1,African Cup of Nations qualification
2024-11-18,Singapore,Taiwan,1276.032788930982,1083.7890572898175,1,292.24373164116446,2,3,Friendly
2024-11-18,Tahiti,Vanuatu,1514.044867766838,1417.3985773189947,0,96.64629044784328,2,0,FIFA World Cup qualification
2024-11-18,New Zealand,Samoa,1789.6499163902533,1218.0217883204205,1,671.6281280698329,8,0,FIFA World Cup qualification
2024-11-18,Tunisia,Gambia,1749.8432384891435,1461.1255152932292,1,388.71772319591423,0,1,African Cup of Nations qualification
2024-11-18,Comoros,Madagascar,1515.4785503840594,1432.843968507165,0,82.63458187689434,1,0,African Cup of Nations qualification
2024-11-18,Ghana,Niger,1578.486948218575,1403.7794253823856,1,274.70752283618936,1,2,African Cup of Nations qualification
2024-11-18,Nigeria,Rwanda,1701.1159249700795,1422.5070592262934,1,378.60886574378605,1,2,African Cup of Nations qualification
2024-11-18,Libya,Benin,1509.1036153776695,1540.5604953732045,1,68.54312000446498,0,0,African Cup of Nations qualification
2024-11-18,United States,Jamaica,1837.413685870546,1698.6597625475647,1,238.75392332298134,4,2,CONCACAF Nations League
2024-11-18,Sudan,Angola,1502.5681130844464,1665.7223160640187,0,-163.15420297957235,0,0,African Cup of Nations qualification
2024-11-18,Malawi,Burkina Faso,1419.8043781953188,1659.494569028409,1,-139.69019083309013,3,0,African Cup of Nations qualification
2024-11-18,Morocco,Lesotho,1895.8353823339405,1375.5168950292614,1,620.3184873046791,7,0,African Cup of Nations qualification
2024-11-18,Panama,Costa Rica,1844.8081325889566,1768.71103496687,1,176.0970976220865,2,2,CONCACAF Nations League
2024-11-18,India,Malaysia,1320.3054352038903,1457.5838622703081,1,-37.27842706641786,1,1,Friendly
2024-11-18,Puerto Rico,Haiti,1344.156275093738,1686.6292883406893,1,-242.47301324695127,0,3,CONCACAF Nations League
2024-11-18,Croatia,Portugal,1942.9890411226643,2039.0286674158253,1,3.9603737068389364,1,1,UEFA Nations League
2024-11-18,Poland,Scotland,1782.3500417107746,1776.7969597076358,1,105.5530820031388,1,2,UEFA Nations League
2024-11-18,Cuba,Saint Kitts and Nevis,1417.3537541817675,1331.6525518176982,1,185.70120236406933,4,0,CONCACAF Nations League
2024-11-18,Spain,Switzerland,2219.467913685642,1890.2968104484955,1,429.17110323714655,3,2,UEFA Nations League
2024-11-18,Kosovo,Lithuania,1596.0252573633356,1365.4418758688114,1,330.58338149452425,1,0,UEFA Nations League
2024-11-18,Romania,Cyprus,1770.017044960855,1358.0242433908775,1,511.9928015699775,4,1,UEFA Nations League
2024-11-18,Serbia,Denmark,1867.5615441663083,1899.1807818165532,1,68.38076234975506,0,0,UEFA Nations League
2024-11-18,Bulgaria,Belarus,1551.7368519174145,1507.175988012488,1,144.56086390492646,1,1,UEFA Nations League
2024-11-18,Liechtenstein,San Marino,1052.3242157847978,886.0999350491177,1,266.22428073568017,1,3,UEFA Nations League
2024-11-18,Grenada,Saint Martin,1284.4144861687037,1235.2835517051128,0,49.13093446359085,0,3,CONCACAF Nations League
2024-11-18,Saint Lucia,Curaçao,1287.1889126035705,1510.836674090443,1,-123.64776148687247,1,4,CONCACAF Nations League
2024-11-18,Aruba,Sint Maarten,1169.2055311196236,1248.4945964293602,0,-79.28906530973654,0,1,CONCACAF Nations League
2024-11-18,Luxembourg,Northern Ireland,1501.7585606339212,1612.0363615693332,1,-10.27780093541196,2,2,UEFA Nations League
2024-11-19,North Korea,Uzbekistan,1526.0861969525438,1794.422933723286,0,-268.33673677074216,0,1,FIFA World Cup qualification
2024-11-19,China,Japan,1556.9772332478524,1984.9441756603585,1,-327.9669424125061,1,3,FIFA World Cup qualification
2024-11-19,Egypt,Botswana,1784.4358272915013,1462.8517921805355,1,421.5840351109657,1,1,African Cup of Nations qualification
2024-11-19,Indonesia,Saudi Arabia,1490.3924119478136,1696.6042948386084,1,-106.21188289079487,2,0,FIFA World Cup qualification
2024-11-19,Bahrain,Australia,1573.31637089964,1838.6872732298527,1,-165.37090233021263,2,2,FIFA World Cup qualification
2024-11-19,Palestine,South Korea,1521.991249726305,1902.6755039445577,0,-380.6842542182526,1,1,FIFA World Cup qualification
2024-11-19,Oman,Iraq,1628.494839392237,1763.7833715944923,1,-35.28853220225528,0,1,FIFA World Cup qualification
2024-11-19,United Arab Emirates,Qatar,1657.4213178099828,1711.1940365219082,1,46.227281288074664,5,0,FIFA World Cup qualification
2024-11-19,Kyrgyzstan,Iran,1434.6159578685633,1928.0591761799478,1,-393.4432183113845,2,3,FIFA World Cup qualification
2024-11-19,Kuwait,Jordan,1450.8367832652289,1754.812583386475,1,-203.97580012124604,1,1,FIFA World Cup qualification
2024-11-19,Mauritania,Cape Verde,1451.3465357031055,1607.4218808585974,1,-56.07534515549196,1,0,African Cup of Nations qualification
2024-11-19,Canada,Suriname,1880.4866538980677,1520.5773817220852,1,459.90927217598255,3,0,CONCACAF Nations League
2024-11-19,Sierra Leone,Zambia,1451.5491821633618,1572.7337216679646,0,-121.18453950460275,0,2,African Cup of Nations qualification
2024-11-19,DR Congo,Ethiopia,1694.0384136175437,1354.7107505472045,1,439.3276630703392,1,2,African Cup of Nations qualification
2024-11-19,Tanzania,Guinea,1510.454065075783,1636.3146176512926,1,-25.860552575509473,1,0,African Cup of Nations qualification
2024-11-19,Mali,Eswatini,1711.423245944781,1319.7781202269177,1,491.64512571786327,6,0,African Cup of Nations qualification
2024-11-19,Guinea-Bissau,Mozambique,1454.4765750381118,1525.794426743047,1,28.682148295064735,1,2,African Cup of Nations qualification
2024-11-19,Cameroon,Zimbabwe,1695.687349546203,1487.0821706588881,1,308.6051788873149,2,1,African Cup of Nations qualification
2024-11-19,Kenya,Namibia,1484.6966990665403,1469.0943862154245,0,15.602312851115812,0,0,African Cup of Nations qualification
2024-11-19,South Africa,South Sudan,1717.414700874339,1264.222986335771,1,553.1917145385678,3,0,African Cup of Nations qualification
2024-11-19,Congo,Uganda,1364.9558775232213,1499.5312606479297,1,-34.575383124708424,0,1,African Cup of Nations qualification
2024-11-19,Senegal,Burundi,1883.6966323223216,1441.0641161673461,1,542.6325161549755,2,0,African Cup of Nations qualification
2024-11-19,Brazil,Uruguay,2077.9332686715125,2017.0743822564827,1,160.8588864150297,1,1,FIFA World Cup qualification
2024-11-19,Ivory Coast,Chad,1691.3434272197705,1298.1754493190542,1,493.1679779007163,4,0,African Cup of Nations qualification
2024-11-19,Chile,Venezuela,1760.9429792436588,1859.3817911118674,1,1.5611881317913685,4,2,FIFA World Cup qualification
2024-11-19,Guadeloupe,Cayman Islands,1517.3131761114782,1085.2419917055272,1,532.071184405951,1,0,CONCACAF Nations League
2024-11-19,Colombia,Ecuador,2085.735096841001,1960.4616161527347,1,225.27348068826632,0,1,FIFA World Cup qualification
2024-11-19,Bosnia and Herzegovina,Netherlands,1522.7283701516947,2023.9453616905041,1,-401.21699153880945,1,1,UEFA Nations League
2024-11-19,Hungary,Germany,1821.4780767324316,2027.1974607574846,1,-105.71938402505293,1,1,UEFA Nations League
2024-11-19,Albania,Ukraine,1702.5433637991125,1845.6476031385562,1,-43.104239339443666,1,2,UEFA Nations League
2024-11-19,Czech Republic,Georgia,1792.3618407622637,1753.3983189446474,1,138.9635218176163,2,1,UEFA Nations League
2024-11-19,Wales,Iceland,1772.047700765363,1645.0718055568366,1,226.97589520852648,4,1,UEFA Nations League
2024-11-19,Argentina,Peru,2176.0280483907823,1802.7637034699962,1,473.264344920786,1,0,FIFA World Cup qualification
2024-11-19,Slovakia,Estonia,1762.2811995008835,1439.3634088224449,1,422.9177906784387,1,0,UEFA Nations League
2024-11-19,Sweden,Azerbaijan,1785.0168991977025,1474.0313346528173,1,410.98556454488516,6,0,UEFA Nations League
2024-11-19,Malta,Andorra,1334.3118541127687,1139.6304820524274,1,294.68137206034135,0,0,UEFA Nations League
2024-11-19,Antigua and Barbuda,Dominica,1154.634782003058,1210.3184833996374,0,-55.68370139657941,0,0,CONCACAF Nations League
2024-11-19,Dominican Republic,Bermuda,1456.695971358022,1363.2845663425933,1,193.41140501542873,6,1,CONCACAF Nations League
2024-11-19,Montenegro,Turkey,1540.5127660321396,1874.2355038925073,1,-233.72273786036772,3,1,UEFA Nations League
2024-11-19,Bolivia,Paraguay,1734.242731788934,1851.4680154533607,1,-17.225283664426797,2,2,FIFA World Cup qualification
2024-11-19,Guyana,Barbados,1418.890702073015,1177.1010529932191,1,341.78964907979594,5,3,CONCACAF Nations League
2024-11-19,Mexico,Honduras,1878.2705215948395,1678.3820031882958,1,299.88851840654365,4,0,CONCACAF Nations League
2024-11-19,Gibraltar,Moldova,1157.201258502576,1403.5611603226305,1,-146.35990182005457,1,1,Friendly
2024-11-19,Hong Kong,Mauritius,1290.3093021941177,1213.8993472031293,1,176.40995499098835,1,0,Friendly
2024-11-19,Myanmar,Lebanon,1099.4951840608182,1443.7242638846149,1,-244.2290798237966,2,3,Friendly
2024-11-19,Russia,Syria,1837.217556490435,1571.2192490691466,1,365.9983074212885,4,0,Friendly
2024-11-19,Sri Lanka,Yemen,971.412731305702,1242.159678637281,0,-270.7469473315791,0,2,Friendly
2024-11-19,Tajikistan,Afghanistan,1431.1913833278281,1280.7055473767964,1,250.48583595103173,3,1,Friendly
2024-11-19,French Guiana,Belize,1449.9519966712237,1289.1160517231372,0,160.83594494808654,2,2,CONCACAF Nations League
2024-12-08,Hong Kong,Mongolia,1295.6274100581386,1022.2926133270797,1,373.3347967310589,3,0,EAFF Championship qualification
2024-12-08,Timor-Leste,Thailand,905.2099864096242,1568.2751891443675,0,-663.0652027347433,0,10,ASEAN Championship
2024-12-08,Cambodia,Malaysia,1043.0501881592422,1456.5150014692617,1,-313.4648133100195,2,2,ASEAN Championship
2024-12-09,Myanmar,Indonesia,1095.557539344447,1529.2880825625316,1,-333.7305432180847,0,1,ASEAN Championship
2024-12-09,Laos,Vietnam,927.1397248971186,1396.7655747552208,1,-369.62584985810213,1,4,ASEAN Championship
2024-12-09,Solomon Islands,Vanuatu,1465.7492779429674,1395.5349038906534,1,170.21437405231404,4,1,MSG Prime Minister's Cup
2024-12-11,Taiwan,Mongolia,1100.6532082224169,1014.9834589287074,0,85.66974929370951,4,0,EAFF Championship qualification
2024-12-11,Singapore,Cambodia,1259.1686379983826,1053.8108757906198,1,305.3577622077628,2,1,ASEAN Championship
2024-12-11,Malaysia,Timor-Leste,1445.7543138378842,903.5151081686922,1,642.239205669192,3,2,ASEAN Championship
2024-12-12,Indonesia,Laos,1533.1202262780703,921.5521511283694,1,711.5680751497009,3,3,ASEAN Championship
2024-12-12,Fiji,Vanuatu,1532.2423959040682,1381.206342401536,0,151.03605350253224,1,1,MSG Prime Minister's Cup
2024-12-12,Philippines,Myanmar,1256.9577179296275,1091.7253956289082,1,265.23232230071926,1,1,ASEAN Championship
2024-12-14,Macau,Guam,863.3197516726709,961.3770254197453,0,-98.05727374707442,1,2,EAFF Championship qualification
2024-12-14,Hong Kong,Taiwan,1302.936564456511,1129.0895091138107,1,273.8470553427003,2,1,EAFF Championship qualification
2024-12-14,Timor-Leste,Singapore,902.7891939111955,1263.580693738228,0,-360.79149982703257,0,3,ASEAN Championship
2024-12-14,Thailand,Malaysia,1569.9700673852994,1446.4802280953809,1,223.48983928991856,1,0,ASEAN Championship
2024-12-15,Papua New Guinea,Fiji,1377.8622051311825,1526.103562221897,0,-148.24135709071447,1,1,MSG Prime Minister's Cup
2024-12-15,Laos,Philippines,936.0612036013252,1247.3115890183437,1,-211.25038541701838,1,1,ASEAN Championship
2024-12-15,Vietnam,Indonesia,1402.35314852397,1518.6111738051143,1,-16.258025281144228,1,0,ASEAN Championship
2024-12-17,Cambodia,Timor-Leste,1049.3988200507742,896.94257993967,1,252.4562401111042,2,1,ASEAN Championship
2024-12-17,Singapore,Thailand,1269.4273077097534,1576.463386108032,1,-207.0360783982785,2,4,ASEAN Championship
2024-12-17,Hong Kong,Guam,1309.7888565169317,975.8776425452198,1,433.91121397171185,5,0,EAFF Championship qualification
2024-12-18,Myanmar,Laos,1101.371524540192,944.2022601775788,1,257.16926436261326,3,2,ASEAN Championship
2024-12-18,Philippines,Vietnam,1239.1705324420902,1418.054552016243,1,-78.88401957415272,1,1,ASEAN Championship
2024-12-18,Solomon Islands,Papua New Guinea,1480.0778394320848,1383.9002613013818,1,196.17757813070307,2,3,MSG Prime Minister's Cup
2024-12-20,Thailand,Cambodia,1586.945594815158,1055.0838540504178,1,631.8617407647403,3,2,ASEAN Championship
2024-12-20,Malaysia,Singapore,1439.9869093726484,1258.9450990026273,1,281.04181037002104,0,0,ASEAN Championship
2024-12-21,Solomon Islands,Fiji,1457.406610008329,1520.0655060516976,1,37.34110395663129,1,3,MSG Prime Minister's Cup
2024-12-21,Qatar,United Arab Emirates,1676.4849638956907,1692.1303904362003,0,-15.645426540509561,1,1,Gulf Cup
2024-12-21,Vanuatu,Papua New Guinea,1387.3451760837072,1406.5714907251377,0,-19.226314641430463,1,2,MSG Prime Minister's Cup
2024-12-21,Indonesia,Philippines,1502.9097703128414,1242.5188900497546,1,360.39088026308673,0,1,ASEAN Championship
2024-12-21,Vietnam,Myanmar,1414.7061944085785,1106.9326014742558,1,407.7735929343228,5,0,ASEAN Championship
2024-12-21,Kuwait,Oman,1461.3927662775634,1610.5192539769612,1,-49.126487699397785,1,1,Gulf Cup
2024-12-22,Iraq,Yemen,1781.7589570097682,1247.375345753026,0,534.3836112567421,1,0,Gulf Cup
2024-12-22,Saudi Arabia,Bahrain,1657.7086242238904,1582.1766692291008,0,75.53195499478966,2,3,Gulf Cup
2024-12-24,Oman,Qatar,1608.4123158252787,1677.159975054768,0,-68.74765922948927,2,1,Gulf Cup
2024-12-24,Kuwait,United Arab Emirates,1463.4997044292459,1691.455379277123,1,-127.95567484787716,2,1,Gulf Cup
2024-12-25,Yemen,Saudi Arabia,1246.0523025269688,1639.4980681314312,0,-393.4457656044624,2,3,Gulf Cup
2024-12-25,Bahrain,Iraq,1600.38722532156,1783.0820002358255,0,-182.6947749142655,2,0,Gulf Cup
2024-12-26,Singapore,Vietnam,1268.9798717777312,1419.9428716651419,1,-50.96299988741066,0,2,ASEAN Championship
2024-12-27,Philippines,Thailand,1269.1711149921207,1587.7150486668334,1,-218.54393367471266,2,1,ASEAN Championship
2024-12-27,Kuwait,Qatar,1483.7870786929811,1659.2300393604605,1,-75.44296066747938,1,1,Gulf Cup
2024-12-27,United Arab Emirates,Oman,1671.1680050133878,1626.3422515195862,0,44.825753493801585,1,1,Gulf Cup
2024-12-28,Iraq,Saudi Arabia,1749.7326558157708,1642.3203393466817,0,107.41231646908909,1,3,Gulf Cup
2024-12-28,Bahrain,Yemen,1633.7365697416146,1243.2300313117182,0,390.5065384298964,1,2,Gulf Cup
2024-12-29,Vietnam,Singapore,1439.1659656262811,1249.756777816592,1,289.40918780968923,3,1,ASEAN Championship
2024-12-30,Thailand,Philippines,1564.354393011781,1292.531770647173,1,371.8226223646079,3,1,ASEAN Championship
2024-12-31,Oman,Saudi Arabia,1628.2668677244849,1671.5629244248248,0,-43.29605670033993,2,1,Gulf Cup
2024-12-31,Kuwait,Bahrain,1486.9939684086328,1606.6023983741864,1,-19.60842996555357,0,1,Gulf Cup
2025-01-02,Vietnam,Thailand,1446.319246356815,1569.0898921686571,1,-22.770645811842087,2,1,ASEAN Championship
2025-01-03,Zanzibar,Tanzania,1511.3823264645948,1531.939975070813,1,79.44235139378179,1,0,Mapinduzi Cup
2025-01-04,Oman,Bahrain,1645.1264925619296,1620.7567320838298,0,24.369760478099806,1,2,Gulf Cup
2025-01-04,Burkina Faso,Kenya,1611.1346915322692,1483.7991609991927,0,127.33553053307651,1,1,Mapinduzi Cup
2025-01-05,Thailand,Vietnam,1553.108209529551,1462.3009289959211,1,190.80728053362986,2,3,ASEAN Championship
2025-01-06,Zanzibar,Burkina Faso,1523.0110730988436,1605.870779135809,1,17.140293963034537,0,1,Mapinduzi Cup
2025-01-07,Tanzania,Kenya,1520.3112284365643,1489.063073395653,0,31.248155040911342,0,2,Mapinduzi Cup
2025-01-09,Tanzania,Burkina Faso,1495.7930303562823,1621.6101853489572,0,-125.81715499267489,0,2,Mapinduzi Cup
2025-01-10,Zanzibar,Kenya,1507.2716668856954,1513.581271475935,1,93.69039540976041,1,0,Mapinduzi Cup
2025-01-13,Zanzibar,Burkina Faso,1518.32200355711,1636.300669562345,1,-17.978666005235027,2,1,Mapinduzi Cup
2025-01-18,United States,Venezuela,1846.499790019295,1829.5165940240774,1,116.98319599521756,3,1,Friendly
2025-01-22,United States,Costa Rica,1856.6318051641804,1775.723322367288,1,180.90848279689249,3,0,Friendly
2025-01-22,Uzbekistan,Jordan,1801.4572280354575,1744.2566003741404,0,57.200627661317185,0,0,Friendly
2025-02-07,Jamaica,Trinidad and Tobago,1689.5736583988157,1548.2606993333595,1,241.3129590654562,1,0,Friendly
2025-02-08,Chile,Panama,1790.8081763314487,1837.7958451885388,1,53.01233114290994,6,1,Friendly
2025-02-10,Jamaica,Trinidad and Tobago,1693.5646589812013,1544.269698750974,1,249.2949602302274,1,1,Friendly
2025-02-13,Oman,Sudan,1629.076087482244,1511.3255623735974,1,217.75052510864657,0,0,Friendly
2025-03-09,Saint Vincent and the Grenadines,Grenada,1319.6563603723548,1254.4770150635015,1,165.17934530885327,1,1,Friendly
2025-03-13,Oman,Sudan,1623.518078731526,1516.8835711243155,1,206.63450760721048,0,0,Friendly
2025-03-14,Jordan,North Korea,1745.8882512644345,1519.0519026403722,1,326.83634862406234,1,1,Friendly
2025-03-16,Honduras,Guatemala,1669.884774864916,1642.919700851815,0,26.965074013101002,1,2,Friendly
2025-03-19,Central African Republic,Madagascar,1417.934567974241,1417.5130859255642,0,0.4214820486768076,1,4,FIFA World Cup qualification
2025-03-19,Kazakhstan,Curaçao,1493.8582104582001,1528.120043113753,0,-34.26183265555278,2,0,Friendly
2025-03-19,Russia,Grenada,1841.2837668048305,1258.902731774517,1,682.3810350303136,5,0,Friendly
2025-03-19,Liberia,Tunisia,1408.6286232763352,1713.7000800110334,1,-205.07145673469813,0,1,FIFA World Cup qualification
2025-03-19,Vietnam,Cambodia,1484.7995941650515,1054.3144001987425,1,530.485193966309,2,1,Friendly
2025-03-19,India,Maldives,1321.3742960049367,1098.5179352338032,1,322.8563607711335,3,0,Friendly
2025-03-19,Hong Kong,Macau,1315.8698959075896,848.8191345471964,1,567.0507613603932,2,0,Friendly
2025-03-19,Eswatini,Cameroon,1315.0421584176204,1701.476911297681,0,-386.4347528800606,0,0,FIFA World Cup qualification
2025-03-20,Qatar,North Korea,1656.0231496448089,1526.4073884421286,1,229.61576120268023,5,1,FIFA World Cup qualification
2025-03-20,South Korea,Oman,1886.696540419122,1618.1851039890782,1,368.51143643004366,1,1,FIFA World Cup qualification
2025-03-20,Iraq,Kuwait,1720.4900707376278,1472.8396346989894,1,347.6504360386384,2,2,FIFA World Cup qualification
2025-03-20,Jordan,Palestine,1738.532765462678,1537.970213251741,1,300.56255221093716,3,1,FIFA World Cup qualification
2025-03-20,Japan,Bahrain,1992.833019396463,1636.8071371635153,1,456.02588223294765,2,0,FIFA World Cup qualification
2025-03-20,Australia,Indonesia,1829.826974900392,1476.2575453704753,1,453.56942952991676,5,1,FIFA World Cup qualification
2025-03-20,Saudi Arabia,China,1654.7032995873801,1549.088389511748,1,205.61491007563222,1,0,FIFA World Cup qualification
2025-03-20,Sierra Leone,Guinea-Bissau,1431.608432881376,1432.8292384377655,0,-1.2208055563894504,3,1,FIFA World Cup qualification
2025-03-20,Cape Verde,Mauritius,1584.2216641296632,1208.5812393391084,1,475.6404247905548,1,0,FIFA World Cup qualification
2025-03-20,Libya,Angola,1505.2083607502022,1656.9648667748677,1,-51.75650602466544,1,1,FIFA World Cup qualification
2025-03-20,Gabon,Seychelles,1558.6069679475142,1032.0734570849875,1,626.5335108625268,3,0,FIFA World Cup qualification
2025-03-20,Mozambique,Uganda,1547.4417633433934,1517.5474860051263,0,29.894277338267102,3,1,FIFA World Cup qualification
2025-03-20,Malawi,Namibia,1468.1642556914585,1469.991924282772,1,98.17233140868643,0,1,FIFA World Cup qualification
2025-03-20,Comoros,Mali,1530.8094329656603,1716.1592077540784,0,-185.34977478841802,0,3,FIFA World Cup qualification
2025-03-20,Lebanon,Timor-Leste,1447.6619086009862,891.2575459400265,0,556.4043626609597,4,0,Friendly
2025-03-20,Uzbekistan,Kyrgyzstan,1799.8255771451634,1430.8528795934676,1,468.9726975516958,1,0,FIFA World Cup qualification
2025-03-20,Zimbabwe,Benin,1481.29260890741,1544.4557500006717,0,-63.16314109326163,2,2,FIFA World Cup qualification
2025-03-20,Iran,United Arab Emirates,1931.8222544550435,1669.243388808489,1,362.5788656465545,2,0,FIFA World Cup qualification
2025-03-20,Gambia,Kenya,1497.2686737713393,1502.5309348045203,0,-5.262261033180948,3,3,FIFA World Cup qualification
2025-03-20,Peru,Bolivia,1800.3015852609587,1735.2334871934236,1,165.06809806753517,3,1,FIFA World Cup qualification
2025-03-20,Canada,Mexico,1883.9593354481965,1886.7677499182194,0,-2.8084144700228535,0,2,CONCACAF Nations League
2025-03-20,Brazil,Colombia,2069.2829232906247,2054.3234051156683,1,114.95951817495643,2,1,FIFA World Cup qualification
2025-03-20,Croatia,France,1942.8180654504245,2113.257738044385,1,-70.4396725939605,2,0,UEFA Nations League
2025-03-20,Denmark,Portugal,1902.0954785200688,2039.1996430880652,1,-37.10416456799635,1,0,UEFA Nations League
2025-03-20,Italy,Germany,1979.284040099069,2022.7690269274128,1,56.515013171656165,1,2,UEFA Nations League
2025-03-20,Netherlands,Spain,2011.6553149517138,2221.806466286749,1,-110.15115133503514,2,2,UEFA Nations League
2025-03-20,Austria,Serbia,1924.1534974953943,1864.6468474627927,1,159.50665003260156,1,1,UEFA Nations League
2025-03-20,Greece,Scotland,1855.5007847810518,1796.2188385717623,1,159.28194620928957,0,1,UEFA Nations League
2025-03-20,United States,Panama,1865.7626511818062,1820.8240168522539,1,144.93863432955231,0,1,CONCACAF Nations League
2025-03-20,Ukraine,Belgium,1858.7961329958396,1935.8606443997771,0,-77.06451140393756,3,1,UEFA Nations League
2025-03-20,Armenia,Georgia,1482.3828734375943,1744.0971576485038,1,-161.71428421090945,0,3,UEFA Nations League
2025-03-20,Bulgaria,Republic of Ireland,1545.8325131253616,1670.4817920661433,1,-24.64927894078164,1,2,UEFA Nations League
2025-03-20,Kosovo,Iceland,1599.918367446475,1633.8861563622079,1,66.03221108426715,2,1,UEFA Nations League
2025-03-20,Slovakia,Slovenia,1764.698559618175,1787.7967651729443,1,76.90179444523073,0,0,UEFA Nations League
2025-03-20,Laos,Sri Lanka,938.6411832435151,966.197064189957,1,72.4441190535581,1,2,Friendly
2025-03-20,Tajikistan,Belarus,1436.9288647366034,1513.0803268045408,1,23.848537932062527,0,5,Friendly
2025-03-20,Paraguay,Chile,1850.4772600488711,1807.7800046677337,1,142.69725538113744,1,0,FIFA World Cup qualification
2025-03-20,Turkey,Hungary,1838.5334386529767,1825.9065105625034,1,112.62692809047326,3,1,UEFA Nations League
2025-03-21,Rwanda,Nigeria,1458.4426063128667,1665.1803778835063,1,-106.73777157063955,0,2,FIFA World Cup qualification
2025-03-21,South Africa,Lesotho,1720.197618621785,1373.0542754511644,1,447.1433431706207,0,3,FIFA World Cup qualification
2025-03-21,Morocco,Niger,1898.2980019120375,1436.9552142953805,1,561.342787616657,2,1,FIFA World Cup qualification
2025-03-21,Burundi,Ivory Coast,1438.5355699694728,1695.4877602366516,0,-256.9521902671788,0,1,FIFA World Cup qualification
2025-03-21,Botswana,Algeria,1479.6058195979995,1793.7800618755414,1,-214.1742422775419,1,3,FIFA World Cup qualification
2025-03-21,Guinea,Somalia,1614.8287076562626,1013.4797678017296,0,601.348939854533,0,0,FIFA World Cup qualification
2025-03-21,Equatorial Guinea,São Tomé and Príncipe,1563.4709397876213,1169.2278513785132,1,494.24308840910817,2,0,FIFA World Cup qualification
2025-03-21,Cyprus,San Marino,1355.4062879974117,923.1067327564539,1,532.2995552409578,2,0,FIFA World Cup qualification
2025-03-21,Malta,Finland,1323.9602401043371,1612.8909009723798,1,-188.93066086804265,0,1,FIFA World Cup qualification
2025-03-21,Poland,Lithuania,1762.928162846648,1361.548765785672,1,501.3793970609761,1,0,FIFA World Cup qualification
2025-03-21,DR Congo,South Sudan,1656.9924871573464,1261.440068588325,1,495.5524185690215,1,0,FIFA World Cup qualification
2025-03-21,Romania,Bosnia and Herzegovina,1772.6350003543207,1535.018416890485,1,337.6165834638357,0,1,FIFA World Cup qualification
2025-03-21,England,Albania,2065.6243551294074,1689.3948339418291,1,476.22952118757826,2,0,FIFA World Cup qualification
2025-03-21,Andorra,Latvia,1149.982096060859,1345.8951893667768,1,-95.91309330591776,0,1,FIFA World Cup qualification
2025-03-21,Ghana,Chad,1545.31115930558,1294.0311163021731,1,351.28004300340694,5,0,FIFA World Cup qualification
2025-03-21,Ethiopia,Egypt,1391.7566770074018,1767.6817998740373,0,-375.92512286663555,0,2,FIFA World Cup qualification
2025-03-21,Bermuda,Honduras,1348.4499275729256,1659.1102122357247,1,-210.66028466279909,3,5,Gold Cup qualification
2025-03-21,New Zealand,Fiji,1791.5982083101078,1544.9744553727162,1,346.6237529373916,7,0,FIFA World Cup qualification
2025-03-21,Burkina Faso,Djibouti,1620.5251602333278,1108.7237303601348,0,511.801429873193,4,1,FIFA World Cup qualification
2025-03-21,Belize,Costa Rica,1295.6030055601045,1766.592476349662,1,-370.9894707895576,0,7,Gold Cup qualification
2025-03-21,Guyana,Guatemala,1424.4103000151808,1653.6942634810061,0,-229.2839634658253,3,2,Gold Cup qualification
2025-03-21,Saint Vincent and the Grenadines,Jamaica,1315.2306436613394,1687.410897875983,1,-272.1802542146436,1,1,Gold Cup qualification
2025-03-21,Suriname,Martinique,1517.1047001719564,1564.5599805017152,1,52.54471967024119,1,0,Gold Cup qualification
2025-03-21,Cuba,Trinidad and Tobago,1431.7310695783274,1550.4234598561923,1,-18.692390277864888,1,2,Gold Cup qualification
2025-03-21,Guadeloupe,Nicaragua,1518.653156735792,1528.8242905603151,1,89.82886617547683,1,0,Gold Cup qualification
2025-03-21,Puerto Rico,Dominican Republic,1333.7357850994683,1471.5306101276897,1,-37.79482502822134,2,2,Friendly
2025-03-21,Singapore,Nepal,1242.603497086058,1122.8105903254068,1,219.79290676065125,0,1,Friendly
2025-03-21,Thailand,Afghanistan,1530.6095443604206,1274.9680659680212,1,355.64147839239945,2,0,Friendly
2025-03-21,Ecuador,Venezuela,1991.8733078780674,1819.384578879192,1,272.48872899887533,2,1,FIFA World Cup qualification
2025-03-21,Uruguay,Argentina,2025.7247276373705,2178.49016659982,1,-52.76543896244948,0,1,FIFA World Cup qualification
2025-03-21,New Caledonia,Tahiti,1584.4083363181014,1535.9085411951794,0,48.49979512292202,3,0,FIFA World Cup qualification
2025-03-21,Northern Ireland,Switzerland,1611.5927626224222,1887.9582578473887,1,-176.36549522496648,1,1,Friendly
2025-03-22,Liechtenstein,North Macedonia,1015.3174180774616,1662.441549838499,1,-547.1241317610372,0,3,FIFA World Cup qualification
2025-03-22,Czech Republic,Faroe Islands,1801.6630020584073,1315.786473634459,1,585.8765284239482,2,1,FIFA World Cup qualification
2025-03-22,Montenegro,Gibraltar,1576.2148312716702,1161.181152641356,1,515.0336786303142,3,1,FIFA World Cup qualification
2025-03-22,Wales,Kazakhstan,1783.2333499599918,1510.3326363651513,1,372.90071359484045,3,1,FIFA World Cup qualification
2025-03-22,Israel,Estonia,1640.4440295554082,1436.9460487051533,0,203.49798085025486,2,1,FIFA World Cup qualification
2025-03-22,Azerbaijan,Haiti,1468.5605481039418,1697.049778334959,1,-128.48923023101725,0,3,Friendly
2025-03-22,Sudan,Senegal,1522.2165458667632,1886.225178520195,0,-364.00863265343173,0,0,FIFA World Cup qualification
2025-03-22,Togo,Mauritania,1492.5160416504602,1474.5467524320397,1,117.9692892184205,2,2,FIFA World Cup qualification
2025-03-22,Luxembourg,Sweden,1502.2021595808321,1790.487685746578,1,-188.28552616574598,1,0,Friendly
2025-03-22,Moldova,Norway,1399.5812661838504,1833.4672778578974,1,-333.88601167404704,0,5,FIFA World Cup qualification
2025-03-23,Kenya,Gabon,1502.2280378705711,1560.4568035371688,1,41.77123433340239,1,2,FIFA World Cup qualification
2025-03-23,Eswatini,Mauritius,1331.1392745851635,1206.150535762931,0,124.98873882223256,3,3,FIFA World Cup qualification
2025-03-23,Slovenia,Slovakia,1791.0637047679925,1761.431620023127,1,129.63208474486555,1,0,UEFA Nations League
2025-03-23,Republic of Ireland,Bulgaria,1684.4193790612167,1531.8949261302882,1,252.52445293092842,2,1,UEFA Nations League
2025-03-23,Iceland,Kosovo,1621.703159559717,1612.1013642489659,0,9.601795310751186,1,3,UEFA Nations League
2025-03-23,Georgia,Armenia,1758.9410970729894,1467.5389340131087,1,391.40216305988065,6,1,UEFA Nations League
2025-03-23,Scotland,Greece,1817.6511433211351,1834.068480031679,1,83.58266328945615,0,3,UEFA Nations League
2025-03-23,Serbia,Austria,1871.0870673284599,1917.7132776297271,1,53.37378969873271,2,0,UEFA Nations League
2025-03-23,Belgium,Ukraine,1908.4501982991676,1886.206579096449,1,122.24361920271849,3,0,UEFA Nations League
2025-03-23,Spain,Netherlands,2217.2040391099167,2016.2577421285462,1,300.94629698137055,3,3,UEFA Nations League
2025-03-23,Portugal,Denmark,2022.6037898480322,1918.6913317601018,1,203.91245808793042,5,2,UEFA Nations League
2025-03-23,Germany,Italy,2040.1876817090288,1961.865385317453,1,178.32229639157572,3,3,UEFA Nations League
2025-03-23,France,Croatia,2086.257541030416,1969.8182624643932,1,216.43927856602295,2,0,UEFA Nations League
2025-03-23,Panama,Mexico,1841.7421324046234,1909.085880380389,0,-67.34374797576561,1,2,CONCACAF Nations League
2025-03-23,United States,Canada,1844.8445356294367,1861.6412049860269,1,83.2033306434098,1,2,CONCACAF Nations League
2025-03-23,Hungary,Turkey,1810.4550696028068,1853.9848796126732,1,56.470189990133576,0,3,UEFA Nations League
2025-03-24,Albania,Andorra,1685.7603741337239,1135.367189713978,1,650.3931844197459,3,0,FIFA World Cup qualification
2025-03-24,England,Latvia,2069.258814937513,1360.5100957136578,1,808.748719223855,3,0,FIFA World Cup qualification
2025-03-24,San Marino,Romania,920.4301352300862,1737.6456538681261,1,-717.21551863804,1,5,FIFA World Cup qualification
2025-03-24,Bosnia and Herzegovina,Cyprus,1570.0077633766796,1358.0828855237794,1,311.9248778529002,2,1,FIFA World Cup qualification
2025-03-24,Lithuania,Finland,1359.4351102521218,1622.9739291390972,1,-163.53881888697538,2,2,FIFA World Cup qualification
2025-03-24,Madagascar,Ghana,1452.555545204584,1554.6630692837664,0,-102.10752407918244,0,3,FIFA World Cup qualification
2025-03-24,Central African Republic,Mali,1382.8921086952212,1734.0779347893395,0,-351.1858260941183,0,0,FIFA World Cup qualification
2025-03-24,Poland,Malta,1765.0418183801983,1313.8772119376197,1,551.1646064425786,2,0,FIFA World Cup qualification
2025-03-24,Liberia,São Tomé and Príncipe,1399.2300317655654,1165.93171673664,1,333.29831502892534,2,1,FIFA World Cup qualification
2025-03-24,Namibia,Equatorial Guinea,1495.4974290800349,1566.7670744294944,0,-71.26964534945955,1,1,FIFA World Cup qualification
2025-03-24,Ivory Coast,Gambia,1702.910080280368,1497.5715707052884,1,305.33850957507957,1,0,FIFA World Cup qualification
2025-03-24,Ethiopia,Djibouti,1385.5748589934765,1105.2294677706457,0,280.3453912228308,6,1,FIFA World Cup qualification
2025-03-24,Guinea-Bissau,Burkina Faso,1402.723826046256,1624.019422822817,1,-121.29559677656107,1,2,FIFA World Cup qualification
2025-03-24,New Zealand,New Caledonia,1802.370709773243,1614.5540491585205,1,287.81666061472265,3,0,FIFA World Cup qualification
2025-03-24,Tunisia,Malawi,1723.0986715218032,1442.6587508941957,1,380.43992062760753,2,0,FIFA World Cup qualification
2025-03-25,Benin,South Africa,1540.8593216221377,1655.1559263228492,0,-114.29660470071144,0,2,FIFA World Cup qualification
2025-03-25,Sudan,South Sudan,1537.8347653127596,1259.2582454548751,0,278.5765198578845,1,1,FIFA World Cup qualification
2025-03-25,Senegal,Togo,1870.6069590741986,1485.974656422838,1,484.63230265136053,2,0,FIFA World Cup qualification
2025-03-25,Mauritania,DR Congo,1481.088137659662,1659.1743102907963,1,-78.08617263113433,0,2,FIFA World Cup qualification
2025-03-25,Egypt,Sierra Leone,1773.8636178879626,1461.7138452728857,1,412.1497726150769,1,0,FIFA World Cup qualification
2025-03-25,Indonesia,Bahrain,1471.1247957655867,1632.7546984540463,1,-61.62990268845965,1,0,FIFA World Cup qualification
2025-03-25,Palestine,Iraq,1528.9363177994355,1705.252995909856,0,-176.31667811042053,2,1,FIFA World Cup qualification
2025-03-25,China,Australia,1539.7122731132133,1834.9597245052807,1,-195.24745139206743,0,2,FIFA World Cup qualification
2025-03-25,Kuwait,Oman,1488.076709526761,1633.9034396029601,1,-45.826730076199055,0,1,FIFA World Cup qualification
2025-03-25,South Korea,Jordan,1870.97820480524,1747.5666609149835,1,223.41154389025655,1,1,FIFA World Cup qualification
2025-03-25,North Korea,United Arab Emirates,1510.6181482601824,1662.6223931286697,0,-152.00424486848738,1,2,FIFA World Cup qualification
2025-03-25,Nigeria,Zimbabwe,1686.2433096005643,1484.8890372859441,1,301.3542723146202,1,1,FIFA World Cup qualification
2025-03-25,Japan,Saudi Arabia,1996.885458105932,1664.0794159859147,1,432.80604212001754,0,0,FIFA World Cup qualification
2025-03-25,Rwanda,Lesotho,1437.3796745958086,1438.0959677501003,1,99.28370684570837,1,1,FIFA World Cup qualification
2025-03-25,Kyrgyzstan,Qatar,1428.3330573893725,1671.8123898267552,1,-143.4793324373827,3,1,FIFA World Cup qualification
2025-03-25,Cameroon,Libya,1685.3797951301378,1508.165860181358,1,277.21393494877975,3,1,FIFA World Cup qualification
2025-03-25,Morocco,Tanzania,1899.8181180969361,1481.1025461428944,1,518.7155719540417,2,0,FIFA World Cup qualification
2025-03-25,Burundi,Seychelles,1431.1132499257565,1030.223621495333,0,400.8896284304235,5,0,FIFA World Cup qualification
2025-03-25,Uganda,Guinea,1490.1224141865919,1596.0456491673042,1,-5.923234980712323,1,0,FIFA World Cup qualification
2025-03-25,Botswana,Somalia,1466.0652176127387,1032.262826290688,1,533.8023913220507,2,0,FIFA World Cup qualification
2025-03-25,Algeria,Mozambique,1807.3206638608021,1574.8668351619278,1,332.4538286988743,5,1,FIFA World Cup qualification
2025-03-25,Comoros,Chad,1512.8907059303992,1284.6792063239868,0,228.21149960641242,1,0,FIFA World Cup qualification
2025-03-25,Moldova,Estonia,1389.3701909086788,1427.4821740850302,1,61.88801682364851,2,3,FIFA World Cup qualification
2025-03-25,Israel,Norway,1649.9079041755313,1843.678353133069,0,-193.77044895753784,2,4,FIFA World Cup qualification
2025-03-25,Liechtenstein,Kazakhstan,1012.4396482913345,1504.053612788736,1,-391.61396449740164,0,2,FIFA World Cup qualification
2025-03-25,North Macedonia,Wales,1665.3193196246261,1789.512373536407,1,-24.193053911780908,1,1,FIFA World Cup qualification
2025-03-25,Gibraltar,Czech Republic,1158.2385748669788,1802.9895460680004,0,-644.7509712010217,0,4,FIFA World Cup qualification
2025-03-25,Montenegro,Faroe Islands,1579.1574090460474,1314.459929624866,1,364.69747942118147,1,0,FIFA World Cup qualification
2025-03-25,Angola,Cape Verde,1654.0073673437118,1586.6523677058406,1,167.3549996378713,1,2,FIFA World Cup qualification
2025-03-25,Iran,Uzbekistan,1938.4432501348629,1802.3453993492585,1,236.09785078560435,2,2,FIFA World Cup qualification
2025-03-25,Syria,Pakistan,1567.1530387547512,1023.6882026384125,0,543.4648361163387,2,0,AFC Asian Cup qualification
2025-03-25,Argentina,Brazil,2195.475882874658,2082.896696169195,1,212.57918670546314,4,1,FIFA World Cup qualification
2025-03-25,Tajikistan,Timor-Leste,1415.5581845935237,889.7929478496693,1,625.7652367438544,1,0,AFC Asian Cup qualification
2025-03-25,Philippines,Maldives,1287.796271490297,1093.7972490853506,1,293.99902240494634,4,1,AFC Asian Cup qualification
2025-03-25,Bhutan,Yemen,882.4783742726944,1270.3642026791465,1,-287.8858284064521,0,0,AFC Asian Cup qualification
2025-03-25,Lebanon,Brunei,1449.1265066913434,915.3775508270514,0,533.7489558642919,5,0,AFC Asian Cup qualification
2025-03-25,India,Bangladesh,1326.0949821533893,1098.5493478871715,1,327.5456342662178,0,0,AFC Asian Cup qualification
2025-03-25,Singapore,Hong Kong,1227.0049960123865,1316.9744879911539,1,10.030508021232663,0,0,AFC Asian Cup qualification
2025-03-25,Taiwan,Turkmenistan,1122.23721705339,1366.9591857067496,1,-144.72196865335968,1,2,AFC Asian Cup qualification
2025-03-25,Myanmar,Afghanistan,1101.6959242176924,1271.5381097669965,1,-69.84218554930408,2,1,AFC Asian Cup qualification
2025-03-25,Chile,Ecuador,1795.5616090282954,1998.770114755961,1,-103.20850572766562,0,0,FIFA World Cup qualification
2025-03-25,Vietnam,Laos,1485.7007385096924,926.5857754293226,1,659.1149630803699,5,0,AFC Asian Cup qualification
2025-03-25,Malaysia,Nepal,1429.9521365975445,1138.4090913990783,1,391.5430451984662,2,0,AFC Asian Cup qualification
2025-03-25,Costa Rica,Belize,1776.1041946361597,1286.091287273607,1,590.0129073625528,6,1,Gold Cup qualification
2025-03-25,Guatemala,Guyana,1622.1278963975747,1455.9766670986123,1,266.15122929896233,2,0,Gold Cup qualification
2025-03-25,Honduras,Bermuda,1672.8640765943587,1334.6960632142916,1,438.1680133800671,2,0,Gold Cup qualification
2025-03-25,Thailand,Sri Lanka,1534.0395005614453,978.2524720041496,1,655.7870285572957,1,0,AFC Asian Cup qualification
2025-03-25,Martinique,Suriname,1547.5618460210271,1534.1028346526446,1,113.45901136838256,0,1,Gold Cup qualification
2025-03-25,Nicaragua,Guadeloupe,1513.8830339773988,1533.5944133187083,1,80.28862065869043,0,1,Gold Cup qualification
2025-03-25,Trinidad and Tobago,Cuba,1569.3484763738225,1412.8060530606972,1,256.54242331312525,4,0,Gold Cup qualification
2025-03-25,Azerbaijan,Belarus,1457.2526741492136,1534.4510069476205,1,22.80166720159309,0,2,Friendly
2025-03-25,Russia,Zambia,1842.0558126175367,1592.6744709499503,1,349.3813416675864,5,0,Friendly
2025-03-25,Cambodia,Aruba,1053.4132558541016,1157.5705002577856,1,-4.15724440368399,1,2,Friendly
2025-03-25,Jamaica,Saint Vincent and the Grenadines,1674.3178458736638,1328.3236956636586,1,445.9941502100053,3,0,Gold Cup qualification
2025-03-25,Dominican Republic,Puerto Rico,1470.4470583490497,1334.8193368781083,1,235.62772147094142,2,0,Friendly
2025-03-25,Niger,Bonaire,1435.435098110482,1175.8454272032059,0,259.58967090727606,6,0,Friendly
2025-03-25,Sweden,Northern Ireland,1775.5432158358774,1616.27365554543,1,259.2695602904473,5,1,Friendly
2025-03-25,Switzerland,Luxembourg,1883.277364924381,1517.1466294915328,1,466.13073543284804,3,1,Friendly
2025-03-25,Bolivia,Uruguay,1718.502911869547,2008.7390113625324,1,-190.23609949298543,0,0,FIFA World Cup qualification
2025-03-25,Colombia,Paraguay,2040.709632237098,1862.6956556883094,1,278.0139765487886,2,2,FIFA World Cup qualification
2025-03-25,Venezuela,Peru,1812.4877720012985,1817.0321605848353,1,95.45561141646317,1,0,FIFA World Cup qualification
2025-05-09,Dominica,Barbados,1207.9347995191831,1171.5814550510534,1,136.35334446812976,0,0,Friendly
2025-05-11,Dominica,Barbados,1204.2000395373898,1175.3162150328467,1,128.8838245045431,0,0,Friendly
2025-05-21,Saint Kitts and Nevis,Saint Vincent and the Grenadines,1317.2752364211383,1323.3348240410573,1,93.94041238008094,1,3,Friendly
2025-05-25,Anguilla,Saint Kitts and Nevis,895.4350672701464,1298.3155292803974,0,-402.880462010251,2,4,Friendly
2025-05-25,Saint Vincent and the Grenadines,Saint Kitts and Nevis,1342.2945311817982,1301.0019693291126,1,141.2925618526856,3,0,Friendly
2025-05-27,Jamaica,Trinidad and Tobago,1679.306717496265,1583.2920821224593,0,96.01463537380573,3,2,Unity Cup
2025-05-28,Nigeria,Ghana,1672.2426283618383,1579.6632060169786,0,92.57942234485972,2,1,Unity Cup
2025-05-28,Oman,Lebanon,1651.2806335224936,1452.66696356775,1,298.6136699547437,1,0,Friendly
2025-05-29,Malaysia,Cape Verde,1435.6529367530836,1615.6042313511261,1,-79.95129459804252,1,1,Friendly
2025-05-30,Saint Vincent and the Grenadines,British Virgin Islands,1353.0457638717603,925.5154669539013,1,527.530296917859,1,1,Friendly
2025-05-30,Saudi Arabia,Jordan,1681.0209749390742,1758.9058447202306,1,22.11513021884366,2,0,Friendly
2025-05-31,Trinidad and Tobago,Ghana,1572.3349681396546,1568.5681928275883,0,3.766775312066329,0,4,Unity Cup
2025-05-31,Jamaica,Nigeria,1690.2638314790697,1683.3376415512287,0,6.926189927841051,2,2,Unity Cup
2025-06-01,Grenada,Anguilla,1258.1306859618107,892.7486272214312,1,465.38205874037953,2,0,Friendly
2025-06-01,El Salvador,Guatemala,1544.5420717975678,1632.7891855947885,0,-88.24711379722066,1,1,Friendly
2025-06-01,Puerto Rico,Nicaragua,1328.6744693027817,1489.3418004470352,0,-160.66733114425347,1,1,Friendly
2025-06-02,Tunisia,Burkina Faso,1729.1378610889828,1637.3075820877982,1,191.83027900118464,2,0,Friendly
2025-06-03,Malaysia,Cape Verde,1437.914343034404,1613.3428250698057,1,-75.42848203540166,0,3,Friendly
2025-06-04,Dominica,British Virgin Islands,1200.6517503921239,934.5995712155299,1,366.052179176594,3,0,FIFA World Cup qualification
2025-06-04,Montserrat,Belize,1223.3540956961638,1283.4986023890324,0,-60.14450669286862,1,0,FIFA World Cup qualification
2025-06-04,Barbados,Aruba,1178.8645041781126,1167.450850855539,1,111.41365332257351,1,1,FIFA World Cup qualification
2025-06-04,Grenada,Bahamas,1260.0574865231151,1069.590420928965,1,290.4670655941502,6,0,FIFA World Cup qualification
2025-06-04,Saint Vincent and the Grenadines,Anguilla,1343.9616596101316,890.8218266601268,1,553.1398329500048,6,0,FIFA World Cup qualification
2025-06-04,Bangladesh,Bhutan,1113.2790309339816,896.0728671480468,1,317.2061637859348,2,0,Friendly
2025-06-04,Thailand,India,1534.9363997401194,1311.3652991065792,1,323.57110063354025,2,0,Friendly
2025-06-04,Germany,Portugal,2033.1005452108081,2035.0025150270442,1,98.0980301837642,1,2,UEFA Nations League
2025-06-04,Bermuda,Cayman Islands,1330.2374795846297,1083.9020110812135,1,346.3354685034162,5,0,FIFA World Cup qualification
2025-06-05,United Arab Emirates,Uzbekistan,1674.3909357766106,1814.1698598202397,1,-39.778924043629104,0,0,FIFA World Cup qualification
2025-06-05,Sri Lanka,Brunei,977.3555728254755,911.8370939506449,0,65.51847887483063,1,0,Friendly
2025-06-05,Indonesia,China,1494.6357505358974,1524.9953428618335,1,69.64040767406391,1,0,FIFA World Cup qualification
2025-06-05,Australia,Japan,1849.6766547566606,1979.9438991527725,1,-30.26724439611189,1,0,FIFA World Cup qualification
2025-06-05,Bahrain,Saudi Arabia,1609.2437436837356,1695.0674754136976,1,14.176268270038008,0,2,FIFA World Cup qualification
2025-06-05,Kuwait,Palestine,1470.6995156072276,1558.2959090848967,1,12.403606522330847,0,2,FIFA World Cup qualification
2025-06-05,Iraq,South Korea,1675.8934046243949,1859.639020999993,1,-83.74561637559805,0,2,FIFA World Cup qualification
2025-06-05,Oman,Jordan,1654.3207409007096,1744.8593442456072,1,9.461396655102362,0,3,FIFA World Cup qualification
2025-06-05,Qatar,Iran,1630.0827264840418,1926.6187896638817,1,-196.53606317983986,1,0,FIFA World Cup qualification
2025-06-05,Chile,Argentina,1801.333967823889,2211.3858498970953,1,-310.05188207320634,0,1,FIFA World Cup qualification
2025-06-05,North Korea,Kyrgyzstan,1498.8496056122415,1470.0627207320858,0,28.78688488015564,2,2,FIFA World Cup qualification
2025-06-05,Ecuador,Brazil,1992.9977559603674,2066.9867291467576,1,26.011026813609988,0,0,FIFA World Cup qualification
2025-06-05,Singapore,Maldives,1226.4277539213688,1082.914964342046,1,243.51278957932277,3,1,Friendly
2025-06-05,Hong Kong,Nepal,1317.5517300821716,1132.7082912435392,1,284.84343883863244,0,0,Friendly
2025-06-05,Georgia,Faroe Islands,1764.6460825832085,1310.0935969442673,1,554.5524856389411,1,0,Friendly
2025-06-05,DR Congo,Mali,1682.543087381556,1718.75612981726,0,-36.21304243570398,1,0,Friendly
2025-06-05,Cambodia,Tajikistan,1043.5329052563482,1416.619794350763,1,-273.0868890944148,1,2,Friendly
2025-06-05,Belarus,Kazakhstan,1550.4340231436056,1509.752307099653,1,140.68171604395252,4,1,Friendly
2025-06-05,Algeria,Rwanda,1816.9626068855157,1431.815093974414,1,485.1475129111018,2,0,Friendly
2025-06-05,Spain,France,2206.712517718915,2096.3108290375376,0,110.40168868137744,5,4,UEFA Nations League
2025-06-05,Paraguay,Uruguay,1875.9784989994434,1998.7654741940191,1,-22.78697519457569,2,0,FIFA World Cup qualification
2025-06-06,Venezuela,Bolivia,1827.127112550692,1728.4764490380603,1,198.65066351263158,2,0,FIFA World Cup qualification
2025-06-06,Norway,Italy,1858.4899240302245,1968.9525218156737,1,-10.462597785449134,3,0,FIFA World Cup qualification
2025-06-06,Estonia,Israel,1451.00752733226,1635.0963332783758,1,-84.08880594611583,1,3,FIFA World Cup qualification
2025-06-06,Wales,Liechtenstein,1788.1219559559468,1006.7409539804173,1,881.3810019755294,3,0,FIFA World Cup qualification
2025-06-06,North Macedonia,Belgium,1666.7097372050864,1925.827405877511,1,-159.11766867242454,1,1,FIFA World Cup qualification
2025-06-06,Czech Republic,Montenegro,1804.778902250001,1583.523741726646,1,321.255160523355,2,0,FIFA World Cup qualification
2025-06-06,Nicaragua,Guyana,1485.0211108300616,1445.3153779013985,1,139.7057329286631,1,0,FIFA World Cup qualification
2025-06-06,Antigua and Barbuda,Cuba,1157.0184658835124,1398.8624473120603,1,-141.84398142854798,0,1,FIFA World Cup qualification
2025-06-06,Trinidad and Tobago,Saint Kitts and Nevis,1543.905058655822,1290.2507366391505,1,353.65432201667136,6,2,FIFA World Cup qualification
2025-06-06,Curaçao,Saint Lucia,1511.6456172068017,1269.9055435802607,1,341.74007362654106,4,0,FIFA World Cup qualification
2025-06-06,Guatemala,Dominican Republic,1630.3024765539878,1476.5919259243763,1,253.7105506296116,4,2,FIFA World Cup qualification
2025-06-06,Suriname,Puerto Rico,1560.4113859099034,1332.9951589197553,1,327.41622699014806,1,0,FIFA World Cup qualification
2025-06-06,Colombia,Peru,2027.426788925964,1802.392820035442,1,325.03396889052215,0,0,FIFA World Cup qualification
2025-06-06,Gibraltar,Croatia,1156.4492186849782,1959.764974457272,0,-803.3157557722939,0,7,FIFA World Cup qualification
2025-06-06,Russia,Nigeria,1846.777089816371,1683.6366296016859,1,263.14046021468516,1,1,Friendly
2025-06-06,Poland,Moldova,1767.4540485456173,1365.844837661449,1,501.6092108841683,2,0,Friendly
2025-06-06,Uganda,Cameroon,1510.4633499705349,1695.4941997341323,0,-185.03084976359742,0,3,Friendly
2025-06-06,Bulgaria,Cyprus,1526.2117011958735,1352.3873063116032,1,273.8243948842703,2,2,Friendly
2025-06-06,Burundi,Guinea-Bissau,1438.352189459941,1389.4356667812747,0,48.9165226786663,1,0,Friendly
2025-06-06,Equatorial Guinea,Gambia,1562.721055474846,1491.688273613984,0,71.03278186086209,1,2,Friendly
2025-06-06,Hungary,Sweden,1779.9757223064137,1782.4263577070215,1,97.54936459939222,0,2,Friendly
2025-06-06,Kosovo,Armenia,1635.2230202317269,1461.8339485028896,1,273.3890717288373,5,2,Friendly
2025-06-06,Luxembourg,Slovenia,1515.227585003292,1800.713054977932,1,-185.48546997463995,0,1,Friendly
2025-06-06,Central African Republic,Mauritania,1398.2139136673006,1457.7193605689022,0,-59.505446901601545,2,1,Friendly
2025-06-06,Niger,Gabon,1443.2242628197712,1582.8498300910126,0,-139.62556727124138,4,3,Friendly
2025-06-06,Zimbabwe,Burkina Faso,1498.8897185246701,1629.8393271948569,0,-130.94960867018676,0,2,Friendly
2025-06-06,Republic of Ireland,Senegal,1690.1026039956314,1874.0797360541342,1,-83.97713205850278,1,1,Friendly
2025-06-06,Scotland,Iceland,1785.2052430609424,1598.581503576956,1,286.62373948398636,1,3,Friendly
2025-06-06,South Africa,Tanzania,1675.62802123438,1478.218713031259,1,297.4093082031209,0,0,Friendly
2025-06-06,Morocco,Tunisia,1902.7019512085715,1736.6061159819242,1,266.0958352266473,2,0,Friendly
2025-06-07,Canada,Ukraine,1880.1662507378921,1868.8293715181057,1,111.3368792197864,4,2,Canadian Shield
2025-06-07,Anguilla,El Salvador,887.4416001549178,1547.0287808383684,1,-559.5871806834507,0,3,FIFA World Cup qualification
2025-06-07,British Virgin Islands,Jamaica,927.0114102980118,1689.9648434286125,1,-662.9534331306006,0,1,FIFA World Cup qualification
2025-06-07,Belize,Panama,1260.0705805759678,1829.6137231902483,1,-469.54314261428044,0,2,FIFA World Cup qualification
2025-06-07,Aruba,Haiti,1173.6531803354683,1708.3576522896872,1,-434.7044719542189,0,5,FIFA World Cup qualification
2025-06-07,Bahamas,Costa Rica,1056.1477267970351,1778.6968795207342,0,-722.5491527236991,0,8,FIFA World Cup qualification
2025-06-07,Cayman Islands,Honduras,1074.312456790666,1677.3226602240206,1,-503.0102034333547,0,1,FIFA World Cup qualification
2025-06-07,Kenya,Chad,1479.8350113167273,1276.2044118061401,0,203.63059951058722,0,0,Friendly
2025-06-07,Ivory Coast,New Zealand,1708.7933773716725,1813.5840962638208,0,-104.79071889214833,0,1,Canadian Shield
2025-06-07,Albania,Serbia,1687.3783025117414,1890.1575063078012,1,-102.77920379605985,0,0,FIFA World Cup qualification
2025-06-07,Austria,Romania,1898.6428386503858,1738.834385641017,1,259.8084530093688,2,1,FIFA World Cup qualification
2025-06-07,Bosnia and Herzegovina,San Marino,1575.7033425888558,919.2414034571952,1,756.4619391316605,1,0,FIFA World Cup qualification
2025-06-07,Finland,Netherlands,1614.1985932611046,2026.7492635195479,1,-312.55067025844323,0,2,FIFA World Cup qualification
2025-06-07,Malta,Lithuania,1311.4649817722006,1368.2104461301144,1,43.25453564208624,0,0,FIFA World Cup qualification
2025-06-07,United States,Turkey,1826.3194898775714,1884.4642269090664,1,41.85526296850503,1,2,Friendly
2025-06-07,Mexico,Switzerland,1921.214289594764,1885.1964094126217,0,36.017880182142335,2,4,Friendly
2025-06-07,Latvia,Azerbaijan,1359.8507455635122,1441.2696579532285,1,18.581087610283703,0,0,Friendly
2025-06-07,Greece,Slovakia,1866.5143802918717,1751.7822698131874,1,214.73211047868426,4,1,Friendly
2025-06-07,Denmark,Northern Ireland,1906.2926065810898,1609.390513674286,1,396.9020929068038,2,1,Friendly
2025-06-07,Andorra,England,1133.7492613359605,2069.9181650876585,0,-936.168903751698,0,1,FIFA World Cup qualification
2025-06-08,Germany,France,2013.9743815502175,2085.9230523001875,1,28.051329250029994,0,2,UEFA Nations League
2025-06-08,Portugal,Spain,2054.128678687635,2217.100294456265,0,-162.97161576863027,2,2,UEFA Nations League
2025-06-08,DR Congo,Madagascar,1693.581624431844,1427.5554084713717,0,266.0262159604722,3,1,Friendly
2025-06-08,Georgia,Cape Verde,1765.4352427170884,1627.102149682821,1,238.33309303426745,1,1,Friendly
2025-06-09,Estonia,Norway,1428.129811018091,1894.543587747306,1,-366.413776729215,0,1,FIFA World Cup qualification
2025-06-09,Kazakhstan,North Macedonia,1498.9748647554277,1675.2784243377923,1,-76.30355958236464,0,1,FIFA World Cup qualification
2025-06-09,Italy,Moldova,1932.8988580985922,1364.2615811604098,1,668.6372769381824,2,0,FIFA World Cup qualification
2025-06-09,Belgium,Wales,1917.258718744805,1788.5574031463202,1,228.70131559848483,4,3,FIFA World Cup qualification
2025-06-09,Faroe Islands,Gibraltar,1309.3044368103874,1155.5748128466587,1,253.72962396372873,2,1,FIFA World Cup qualification
2025-06-09,Croatia,Czech Republic,1960.6393802955915,1812.9362554151419,1,247.70312488044988,5,1,FIFA World Cup qualification
2025-06-09,Uganda,Gambia,1501.4917431249062,1503.7047437211272,0,-2.213000596221036,1,1,Friendly
2025-06-09,Gabon,Guinea-Bissau,1569.0343113533197,1380.8343676666993,0,188.19994368662037,2,0,Friendly
2025-06-09,Montenegro,Armenia,1575.3663885615051,1455.8250824480901,1,219.54130611341498,2,2,Friendly
2025-06-09,Liechtenstein,Scotland,1006.3055067900439,1760.0387593916057,1,-653.7332526015618,0,4,Friendly
2025-06-09,Kosovo,Comoros,1641.2318862865263,1521.365500448246,1,219.8663858382804,4,2,Friendly
2025-06-09,Equatorial Guinea,Cameroon,1550.7045853677027,1704.465806579761,0,-153.76122121205822,1,1,Friendly
2025-06-09,Algeria,Rwanda,1818.6941500373307,1430.083550822599,1,488.6105992147318,2,0,Friendly
2025-06-09,Morocco,Benin,1908.0339937193958,1520.387226710607,1,487.64676700878886,1,0,Friendly
2025-06-10,Romania,Cyprus,1731.5109446776855,1358.9607899057728,1,472.55015477191273,2,0,FIFA World Cup qualification
2025-06-10,San Marino,Austria,918.7339914423206,1905.9662796137172,1,-887.2322881713966,0,4,FIFA World Cup qualification
2025-06-10,Finland,Poland,1605.6815844580644,1769.0373050466565,1,-63.35572058859202,2,1,FIFA World Cup qualification
2025-06-10,Netherlands,Malta,2035.266272322588,1308.9878354320088,1,826.2784368905793,8,0,FIFA World Cup qualification
2025-06-10,Saudi Arabia,Australia,1726.2908739635293,1871.4145831161,1,-45.123709152570655,1,2,FIFA World Cup qualification
2025-06-10,Palestine,Oman,1589.3664677870474,1618.3678533368893,0,-29.00138554984187,1,1,FIFA World Cup qualification
2025-06-10,China,Bahrain,1508.951328880679,1578.020345133904,1,30.930983746775155,1,0,FIFA World Cup qualification
2025-06-10,Serbia,Andorra,1884.4078096204094,1133.5674340456765,1,850.8403755747329,3,0,FIFA World Cup qualification
2025-06-10,Jordan,Iraq,1780.8122318094274,1652.9877186236279,1,227.82451318579956,0,1,FIFA World Cup qualification
2025-06-10,South Korea,Kuwait,1882.54470700076,1439.6289569050768,1,542.915750095683,4,0,FIFA World Cup qualification
2025-06-10,El Salvador,Suriname,1549.714967821966,1565.685112523174,1,84.02985529879197,1,1,FIFA World Cup qualification
2025-06-10,Iran,North Korea,1896.3752530199647,1497.196280941616,1,499.1789720783488,3,0,FIFA World Cup qualification
2025-06-10,Japan,Indonesia,1958.205970793333,1510.6797645170518,1,547.5262062762813,6,0,FIFA World Cup qualification
2025-06-10,Latvia,Albania,1359.3164481705437,1693.1279991991332,1,-233.81155102858952,1,1,FIFA World Cup qualification
2025-06-10,Belarus,Russia,1561.211465487831,1840.3817836292853,1,-179.17031814145435,1,4,Friendly
2025-06-10,Canada,Ivory Coast,1895.6931241282161,1698.1851832596435,1,297.50794086857263,0,0,Canadian Shield
2025-06-10,Cuba,Bermuda,1411.122565421859,1339.8270338751772,1,171.2955315466818,1,2,FIFA World Cup qualification
2025-06-10,Honduras,Antigua and Barbuda,1679.4176006388166,1144.7583477737137,1,634.6592528651029,2,0,FIFA World Cup qualification
2025-06-10,Saint Kitts and Nevis,Grenada,1281.5885886338006,1273.500180655045,1,108.08840797875564,2,3,FIFA World Cup qualification
2025-06-10,Costa Rica,Trinidad and Tobago,1780.1577789115577,1552.567206661172,1,327.5905722503858,2,1,FIFA World Cup qualification
2025-06-10,Saint Lucia,Barbados,1260.7039101438304,1172.6621746981834,1,188.04173544564696,2,1,FIFA World Cup qualification
2025-06-10,Haiti,Curaçao,1714.4130838336232,1520.847250643232,0,193.56583319039123,1,5,FIFA World Cup qualification
2025-06-10,Guyana,Montserrat,1432.9503579184332,1246.7821175092283,1,286.1682404092048,3,0,FIFA World Cup qualification
2025-06-10,Panama,Nicaragua,1833.3818433695105,1497.386130813027,1,435.99571255648357,3,0,FIFA World Cup qualification
2025-06-10,Dominican Republic,Dominica,1465.2882477904318,1208.239911309642,1,357.0483364807899,5,0,FIFA World Cup qualification
2025-06-10,Jamaica,Guatemala,1690.8262761043684,1641.6061546879323,1,149.2201214164361,3,0,FIFA World Cup qualification
2025-06-10,Puerto Rico,Saint Vincent and the Grenadines,1327.7214323064848,1347.3418861153407,1,80.37954619114407,2,1,FIFA World Cup qualification
2025-06-10,Uzbekistan,Qatar,1811.8899543366495,1660.3262631279588,1,251.56369120869067,3,0,FIFA World Cup qualification
2025-06-10,New Zealand,Ukraine,1824.1922903758498,1853.3024981277817,0,-29.110207751931966,1,2,Canadian Shield
2025-06-10,Brazil,Paraguay,2068.481253044859,1907.9432682264248,1,260.5379848184341,1,0,FIFA World Cup qualification
2025-06-10,Kyrgyzstan,United Arab Emirates,1471.7160454027114,1676.6708412602009,1,-104.95479585748944,1,1,FIFA World Cup qualification
2025-06-10,Peru,Ecuador,1817.055990185526,1991.503232062266,1,-74.44724187674001,0,0,FIFA World Cup qualification
2025-06-10,Argentina,Colombia,2217.1342972469843,2012.7636187758799,1,304.3706784711044,1,1,FIFA World Cup qualification
2025-06-10,Timor-Leste,Maldives,888.73133809243,1076.988913588694,0,-188.25757549626405,1,0,AFC Asian Cup qualification
2025-06-10,Philippines,Tajikistan,1298.6785562336015,1420.0583823200545,1,-21.379826086453022,2,2,AFC Asian Cup qualification
2025-06-10,Brunei,Bhutan,903.7008272292394,891.911350728152,1,111.78947650108739,2,1,AFC Asian Cup qualification
2025-06-10,Bangladesh,Singapore,1117.4405473538764,1232.3538046747208,1,-14.913257320844423,1,2,AFC Asian Cup qualification
2025-06-10,Hong Kong,India,1310.8018733143015,1307.3333776405048,1,103.46849567379672,1,0,AFC Asian Cup qualification
2025-06-10,Sri Lanka,Taiwan,985.491839546881,1110.1175043884252,1,-24.62566484154422,3,1,AFC Asian Cup qualification
2025-06-10,Turkmenistan,Thailand,1379.0788983717143,1538.9683212061939,1,-59.88942283447955,3,1,AFC Asian Cup qualification
2025-06-10,Myanmar,Pakistan,1125.6630697792286,1021.1712352881412,1,204.4918344910874,1,0,AFC Asian Cup qualification
2025-06-10,Afghanistan,Syria,1247.5709642054603,1569.6700061050224,0,-322.09904189956205,0,1,AFC Asian Cup qualification
2025-06-10,Laos,Nepal,924.8252650055892,1139.4581480114093,1,-114.63288300582008,2,1,AFC Asian Cup qualification
2025-06-10,Malaysia,Vietnam,1424.1550184213888,1487.4612489334256,1,36.69376948796321,4,0,AFC Asian Cup qualification
2025-06-10,Azerbaijan,Hungary,1441.803955346197,1760.8714635399688,1,-219.0675081937718,1,2,Friendly
2025-06-10,Burundi,Mauritania,1446.9534885745163,1446.023208518037,0,0.9302800564792051,0,0,Friendly
2025-06-10,Yemen,Lebanon,1256.769709803794,1449.626856189534,0,-192.85714638573995,0,0,AFC Asian Cup qualification
2025-06-10,Denmark,Lithuania,1908.1404802347552,1370.6875924703063,1,637.4528877644489,5,0,Friendly
2025-06-10,Uruguay,Venezuela,1966.8007049670377,1841.6275362819479,1,225.17316868508988,2,0,FIFA World Cup qualification
2025-06-10,Bolivia,Chile,1713.9760253068043,1795.5855204739998,1,18.39050483280448,2,0,FIFA World Cup qualification
2025-06-10,United States,Switzerland,1815.1205927560102,1901.7458795484552,1,13.374713207555033,0,4,Friendly
2025-06-10,Sweden,Algeria,1801.5306164734664,1820.3934523340015,1,81.13716413946486,4,3,Friendly
2025-06-10,Chad,Kenya,1281.4752316811114,1474.564191441756,0,-193.08895976064468,1,2,Friendly
2025-06-10,South Africa,Mozambique,1668.6860446507576,1565.2248921372143,1,203.4611525135433,2,0,Friendly
2025-06-10,Slovenia,Bosnia and Herzegovina,1805.8297164584355,1576.2107546037305,1,329.61896185470505,2,1,Friendly
2025-06-10,Niger,Zimbabwe,1457.039781557464,1489.2899453044513,0,-32.250163746987255,1,1,Friendly
2025-06-10,Mexico,Turkey,1904.6648194589307,1895.6631240306276,0,9.001695428303037,1,0,Friendly
2025-06-10,Luxembourg,Republic of Ireland,1510.1109235227884,1692.4736652579604,1,-82.362741735172,0,0,Friendly
2025-06-10,Israel,Slovakia,1657.9740495925448,1743.903209053767,0,-85.92915946122207,1,0,Friendly
2025-06-10,Greece,Bulgaria,1874.3934410512923,1519.638217601704,1,454.75522344958836,4,0,Friendly
2025-06-10,England,Senegal,2070.0999923779423,1871.7086747918052,1,298.3913175861371,1,3,Friendly
2025-06-10,Northern Ireland,Iceland,1607.5426400206206,1623.7479872462927,1,83.79465277432791,1,0,Friendly
2025-06-14,Mexico,Dominican Republic,1914.4057877954604,1474.3693976809245,0,440.03639011453583,3,2,Gold Cup
2025-06-15,United States,Trinidad and Tobago,1795.6491581041441,1547.2980733093987,1,348.3510847947455,5,0,Gold Cup
2025-06-15,Haiti,Saudi Arabia,1657.943976464633,1708.8738963832554,0,-50.929919918622545,0,1,Gold Cup
2025-06-15,Costa Rica,Suriname,1785.426912263331,1570.4300993131644,0,214.9968129501665,4,3,Gold Cup
2025-06-16,Panama,Guadeloupe,1838.6440579923833,1558.135646849072,0,280.5084111433114,5,2,Gold Cup
2025-06-16,Jamaica,Guatemala,1711.6549498964832,1620.7774808958175,0,90.87746900066577,0,1,Gold Cup
2025-06-17,Curaçao,El Salvador,1577.3163580122223,1544.9699810319755,0,32.34637698024676,0,0,Gold Cup
2025-06-17,Canada,Honduras,1885.2779534990502,1680.9325453137926,1,304.3454081852576,6,0,Gold Cup
2025-06-18,Costa Rica,Dominican Republic,1796.669428859861,1470.6907338436117,0,325.9786950162493,2,1,Gold Cup
2025-06-18,Suriname,Mexico,1559.1875827166343,1918.0844516327732,0,-358.8968689161388,0,2,Gold Cup
2025-06-19,United States,Saudi Arabia,1807.5142292399967,1730.2352195121562,1,177.2790097278405,1,0,Gold Cup
2025-06-19,Trinidad and Tobago,Haiti,1535.4330021735461,1636.5826533357322,0,-101.14965116218605,1,1,Gold Cup
2025-06-20,Guatemala,Panama,1652.1714818423,1853.1631159005515,0,-200.99163405825152,0,1,Gold Cup
2025-06-20,Jamaica,Guadeloupe,1680.2609489500007,1543.6165889409037,0,136.644360009097,2,1,Gold Cup
2025-06-21,Curaçao,Canada,1574.9955505565845,1900.9818136731474,0,-325.9862631165629,1,1,Gold Cup
2025-06-21,Honduras,El Salvador,1665.2286851396955,1547.2907884876133,0,117.93789665208215,2,0,Gold Cup
2025-06-22,Mexico,Costa Rica,1926.5180498954185,1803.309090193553,0,123.20895970186552,0,0,Gold Cup
2025-06-22,Dominican Republic,Suriname,1464.0510725099198,1550.753984453989,0,-86.70291194406923,0,0,Gold Cup
2025-06-22,Saudi Arabia,Trinidad and Tobago,1716.9887187344125,1542.5124137501361,0,174.47630498427634,1,1,Gold Cup
2025-06-22,United States,Haiti,1820.7607300177403,1629.5032417591422,1,291.2574882585982,2,1,Gold Cup
2025-06-24,Guadeloupe,Guatemala,1527.9715026706667,1640.2108481815012,0,-112.23934551083448,2,3,Gold Cup
2025-06-24,Panama,Jamaica,1865.1237495613502,1695.9060352202378,0,169.21771434111247,4,1,Gold Cup
2025-06-24,Honduras,Curaçao,1690.46661377977,1593.3561400671822,0,97.11047371258769,2,1,Gold Cup
2025-06-24,Canada,El Salvador,1882.6212241625497,1522.052859847539,0,360.56836431501074,2,0,Gold Cup
2025-06-28,Panama,Honduras,1889.1044319837233,1708.655408990458,0,180.44902299326532,1,1,Gold Cup
2025-06-28,Mexico,Saudi Arabia,1918.0063035726935,1705.392909332751,0,212.6133942399424,2,0,Gold Cup
2025-06-29,Canada,Guatemala,1890.9830681460444,1657.4042765632728,0,233.5787915827716,1,1,Gold Cup
2025-06-29,United States,Costa Rica,1828.6379550647328,1811.820836516278,1,116.8171185484548,2,2,Gold Cup
2025-07-01,Tamil Eelam,Tibet,1541.6218400742657,1289.1890456109952,0,252.4327944632705,4,0,CONIFA Asia Cup
2025-07-02,United States,Guatemala,1820.5353402505973,1672.0664445510897,1,248.46889569950758,2,1,Gold Cup
2025-07-02,Mexico,Honduras,1935.0501031939436,1720.5858277043194,0,214.46427548962424,1,0,Gold Cup
2025-07-02,Tamil Eelam,East Turkestan,1552.2824448889314,1478.3175996300129,0,73.96484525891856,2,1,CONIFA Asia Cup
2025-07-03,Tibet,East Turkestan,1278.5284407963295,1466.4635357291493,0,-187.93509493281977,4,6,CONIFA Asia Cup
2025-07-04,Tamil Eelam,East Turkestan,1564.136508789795,1477.855632798558,0,86.28087599123705,5,0,CONIFA Asia Cup
2025-07-06,United States,Mexico,1830.187922406202,1946.3193573088492,1,-16.131434902647243,1,2,Gold Cup
2025-07-13,Hitra,Isle of Man,1312.8760889518308,1684.9312962555798,0,-372.05520730374906,2,7,Island Games
2025-07-13,Orkney,Frøya,1371.3937705729804,1255.984357169818,1,215.4094134031625,3,0,Island Games
2025-07-13,Gozo,Shetland,1474.463453391064,1510.2709227627743,0,-35.80746937171034,0,0,Island Games
2025-07-14,Orkney,Hitra,1383.176693997046,1306.569650080358,1,176.60704391668787,3,2,Island Games
2025-07-14,Isle of Man,Frøya,1691.2377351270525,1244.2014337457524,0,447.03630138130006,10,1,Island Games
2025-07-14,Jersey,Gozo,1831.8770804167707,1476.0039357332064,0,355.8731446835643,2,0,Island Games
2025-07-14,Ynys Môn,Western Isles,1612.9572334317513,1442.7396955585884,0,170.21753787316288,1,0,Island Games
2025-07-15,Frøya,Hitra,1238.88591882232,1298.5991303471471,0,-59.7132115248271,0,6,Island Games
2025-07-15,Jersey,Shetland,1837.0159411206403,1508.7304404206318,0,328.28550070000847,2,2,Island Games
2025-07-15,Orkney,Isle of Man,1391.147213730257,1696.5532500504848,1,-205.40603632022794,1,3,Island Games
2025-07-17,Isle of Man,Ynys Môn,1707.111094012947,1621.144874434067,0,85.96621957887987,0,1,Island Games
2025-07-17,Orkney,Shetland,1380.5893697677948,1519.7922964456295,1,-39.20292667783474,3,2,Island Games
2025-07-17,Hitra,Frøya,1325.0491348593737,1212.4359143100935,0,112.61322054928019,3,0,Island Games
2025-07-17,Gozo,Western Isles,1470.8650750293368,1434.5520545562727,0,36.31302047306417,3,3,Island Games
2025-07-18,Isle of Man,Jersey,1688.4735649394545,1825.9540850956425,0,-137.48052015618805,3,2,Island Games
2025-08-13,United States Virgin Islands,Turks and Caicos Islands,906.811651655001,981.02646597585,0,-74.21481432084897,1,1,Outrigger Challenge Cup
2025-08-14,Marshall Islands,United States Virgin Islands,1500.0,909.967903526311,0,590.032096473689,0,4,Outrigger Challenge Cup
2025-08-16,Turks and Caicos Islands,Marshall Islands,977.87021410454,1445.5727867265118,0,-467.70257262197185,3,2,Outrigger Challenge Cup
2025-08-24,Qatar,Lebanon,1647.0058561210224,1439.5403869531344,1,307.46546916788793,2,2,Friendly
2025-09-03,Qatar,Bahrain,1639.9169178119516,1559.7961865543305,1,180.12073125762117,2,2,Friendly
2025-09-03,Seychelles,Gabon,1022.9846819611485,1576.620398400568,0,-553.6357164394196,0,4,FIFA World Cup qualification
2025-09-04,Bulgaria,Spain,1517.0881139483372,2210.538580467866,1,-593.4504665195286,0,3,FIFA World Cup qualification
2025-09-04,Madagascar,Central African Republic,1422.22160865708,1409.9100657181657,0,12.311542938914272,2,0,FIFA World Cup qualification
2025-09-04,Mali,Comoros,1707.717592766972,1514.7654298322047,0,192.95216293476733,3,0,FIFA World Cup qualification
2025-09-04,Luxembourg,Northern Ireland,1512.4380831248684,1615.1765362774638,1,-2.7384531525954117,1,3,FIFA World Cup qualification
2025-09-04,Slovakia,Germany,1731.4791936451213,1989.6617087183815,1,-158.18251507326022,2,0,FIFA World Cup qualification
2025-09-04,Georgia,Turkey,1759.4813242918879,1885.922155694098,1,-26.44083140221005,2,3,FIFA World Cup qualification
2025-09-04,Lithuania,Malta,1369.6933406534679,1308.1781614057056,1,161.51517924776226,1,1,FIFA World Cup qualification
2025-09-04,Chad,Ghana,1276.5234397476072,1596.998102311421,1,-220.4746625638138,1,1,FIFA World Cup qualification
2025-09-04,Guatemala,El Salvador,1662.413862395485,1513.6910158640442,1,248.72284653144084,0,1,FIFA World Cup qualification
2025-09-04,Kazakhstan,Wales,1483.2979683045394,1780.1014261663238,1,-196.8034578617844,0,1,FIFA World Cup qualification
2025-09-04,Liechtenstein,Belgium,1005.454890789169,1925.7146957248015,1,-820.2598049356325,0,6,FIFA World Cup qualification
2025-09-04,Iraq,Hong Kong,1684.4980353913274,1325.0157979505668,0,359.4822374407606,2,1,King's Cup
2025-09-04,Thailand,Fiji,1503.8476698055817,1534.2019539095809,1,69.64571589600087,3,0,King's Cup
2025-09-04,Suriname,Panama,1544.6415697636212,1877.174013269862,1,-232.53244350624072,0,0,FIFA World Cup qualification
2025-09-04,Netherlands,Poland,2036.0759463488912,1745.4301504379619,1,390.64579591092934,1,1,FIFA World Cup qualification
2025-09-04,Tunisia,Liberia,1731.2740734710999,1404.3506560918893,1,426.9234173792106,3,0,FIFA World Cup qualification
2025-09-04,United Arab Emirates,Syria,1670.8064659095294,1575.0854558249737,1,195.7210100845557,3,1,Friendly
2025-09-04,Algeria,Botswana,1812.687220080277,1468.7197797453741,1,443.9674403349029,3,1,FIFA World Cup qualification
2025-09-04,Gibraltar,Albania,1148.0396989160986,1681.3894782616962,1,-433.34977934559765,0,1,Friendly
2025-09-04,Malaysia,Singapore,1457.7091848801026,1251.49585542054,1,306.2133294595626,2,1,Friendly
2025-09-04,Norway,Finland,1898.8716389866568,1629.288739066759,1,369.5828999198977,1,0,Friendly
2025-09-04,Russia,Jordan,1849.5803171501266,1749.3019150417279,1,200.27840210839872,0,0,Friendly
2025-09-04,Colombia,Bolivia,2026.852310160356,1742.3895428687997,1,384.46276729155625,3,0,FIFA World Cup qualification
2025-09-04,Argentina,Venezuela,2203.045605862508,1828.7392312133788,1,474.30637464912934,3,0,FIFA World Cup qualification
2025-09-04,Saudi Arabia,North Macedonia,1688.349109711501,1690.9553207886806,0,-2.6062110771797506,2,1,Friendly
2025-09-04,Uruguay,Peru,1979.6890100356068,1821.2771114328668,1,258.41189860273994,3,0,FIFA World Cup qualification
2025-09-04,Brazil,Chile,2075.7796032843185,1767.1720029120045,1,408.607600372314,3,0,FIFA World Cup qualification
2025-09-04,Guinea-Bissau,Sierra Leone,1373.248280619451,1458.302167086206,1,14.946113533244898,1,1,FIFA World Cup qualification
2025-09-04,Angola,Libya,1625.0555036984263,1498.0514555773636,1,227.00404812106262,0,1,FIFA World Cup qualification
2025-09-04,Cameroon,Eswatini,1700.3081617960001,1324.239459937604,1,476.06870185839625,3,0,FIFA World Cup qualification
2025-09-04,Mauritius,Cape Verde,1213.0503504104906,1633.0560681080215,1,-320.0057176975308,0,2,FIFA World Cup qualification
2025-09-04,Paraguay,Ecuador,1900.644917986965,1987.2821108149253,1,13.362807172039766,0,0,FIFA World Cup qualification
2025-09-04,São Tomé and Príncipe,Equatorial Guinea,1160.8110924103162,1554.8622301514636,0,-394.0511377411474,2,3,FIFA World Cup qualification
2025-09-05,Ukraine,France,1867.0486421162816,2110.2357251320236,0,-243.18708301574202,0,2,FIFA World Cup qualification
2025-09-05,Slovenia,Sweden,1808.437687920186,1809.2368487271908,1,99.20083919299509,2,2,FIFA World Cup qualification
2025-09-05,Switzerland,Kosovo,1921.2173142003212,1647.8319569025675,1,373.38535729775367,4,0,FIFA World Cup qualification
2025-09-05,Denmark,Scotland,1909.1347320515936,1760.8893753924806,1,248.24535665911299,0,0,FIFA World Cup qualification
2025-09-05,Greece,Belarus,1876.943544704659,1552.0129319669898,1,424.9306127376692,5,1,FIFA World Cup qualification
2025-09-05,Iceland,Azerbaijan,1616.1140909894496,1437.3881050561731,1,278.72598593327643,5,0,FIFA World Cup qualification
2025-09-05,Nicaragua,Costa Rica,1492.1239161901542,1819.9234513304134,1,-227.7995351402592,1,1,FIFA World Cup qualification
2025-09-05,Faroe Islands,Croatia,1316.8395507409475,1975.169826522643,1,-558.3302757816955,0,1,FIFA World Cup qualification
2025-09-05,Montenegro,Czech Republic,1569.7728613867641,1798.4058091880904,1,-128.63294780132628,0,2,FIFA World Cup qualification
2025-09-05,Bermuda,Jamaica,1368.9593647955292,1671.9253527978647,1,-202.9659880023355,0,4,FIFA World Cup qualification
2025-09-05,Trinidad and Tobago,Curaçao,1554.1082231517976,1575.167344856494,1,78.94087829530349,0,0,FIFA World Cup qualification
2025-09-05,Haiti,Honduras,1621.6260167121497,1709.3165735894138,0,-87.69055687726404,0,0,FIFA World Cup qualification
2025-09-05,Namibia,Malawi,1499.5434480346833,1436.619561327016,0,62.92388670766718,1,2,FIFA World Cup qualification
2025-09-05,Italy,Estonia,1934.1502811738037,1423.8017597787402,1,610.3485213950635,5,0,FIFA World Cup qualification
2025-09-05,Uganda,Mozambique,1501.5554375408244,1558.1258373673431,1,43.429600173481276,4,0,FIFA World Cup qualification
2025-09-05,Moldova,Israel,1363.0101580851983,1670.3980650011904,1,-207.38790691599206,0,4,FIFA World Cup qualification
2025-09-05,Ivory Coast,Burundi,1708.6003538888094,1446.9267130261244,1,361.67364086268503,1,0,FIFA World Cup qualification
2025-09-05,Somalia,Guinea,1029.6082641580526,1575.7047133833612,0,-546.0964492253086,0,3,FIFA World Cup qualification
2025-09-05,Australia,New Zealand,1888.8315606963738,1810.44614638735,1,178.38541430902387,1,0,Soccer Ashes
2025-09-05,Indonesia,Taiwan,1507.193077004067,1077.9947071648182,1,529.1983698392487,6,0,Friendly
2025-09-05,Romania,Canada,1735.2183965408094,1876.3209001582275,1,-41.10250361741805,0,3,Friendly
2025-09-05,Djibouti,Burkina Faso,1091.9445072203748,1639.4391004150757,0,-547.4945931947009,0,6,FIFA World Cup qualification
2025-09-05,South Sudan,DR Congo,1272.5591684331257,1698.9154242461357,1,-326.35625581300997,1,4,FIFA World Cup qualification
2025-09-05,Egypt,Ethiopia,1777.2752960746423,1398.8598195437473,1,478.4154765308949,2,0,FIFA World Cup qualification
2025-09-05,Senegal,Sudan,1897.1435619122308,1524.533842334509,1,472.60971957772176,2,0,FIFA World Cup qualification
2025-09-05,Benin,Zimbabwe,1519.248414483999,1488.3643677673124,0,30.884046716686726,1,0,FIFA World Cup qualification
2025-09-05,South Africa,Lesotho,1675.7850994206287,1443.660548371495,1,332.12455104913374,3,0,FIFA World Cup qualification
2025-09-05,Congo,Tanzania,1346.9396521660246,1485.1606896148814,1,-38.221037448856805,1,1,FIFA World Cup qualification
2025-09-05,Morocco,Niger,1909.1728059460036,1457.965359094603,1,551.2074468514006,5,0,FIFA World Cup qualification
2025-09-05,Kenya,Gambia,1479.5159833752602,1503.641049305209,1,75.87493407005127,1,3,FIFA World Cup qualification
2025-09-05,Mauritania,Togo,1446.049984066429,1482.5018794429025,1,63.54810462352657,2,0,FIFA World Cup qualification
2025-09-06,Armenia,Portugal,1461.4186096228311,2060.690392676034,1,-499.2717830532031,0,5,FIFA World Cup qualification
2025-09-06,England,Andorra,2044.6651052575166,1133.0489109533721,1,1011.6161943041445,2,0,FIFA World Cup qualification
2025-09-06,San Marino,Bosnia and Herzegovina,918.2828008956776,1573.6027831419801,1,-555.3199822463025,0,6,FIFA World Cup qualification
2025-09-06,Austria,Cyprus,1906.4174701603604,1355.253338042649,1,651.1641321177115,1,0,FIFA World Cup qualification
2025-09-06,Republic of Ireland,Hungary,1690.1465056558804,1765.2873138299926,1,24.85919182588782,2,2,FIFA World Cup qualification
2025-09-06,Latvia,Serbia,1371.0549691079807,1884.9263327127137,1,-413.871363604733,0,1,FIFA World Cup qualification
2025-09-06,United States,South Korea,1806.3478390790606,1885.7004573439604,1,20.647381735100225,0,2,Friendly
2025-09-06,Nepal,Bangladesh,1113.0888114757624,1098.2984966080571,1,114.79031486770532,0,0,Friendly
2025-09-06,Mexico,Japan,1970.1594406359907,1961.692658306318,0,8.466782329672697,0,0,Friendly
2025-09-06,Sri Lanka,Maldives,1017.6146367704881,1047.1011894280598,1,70.51344734242844,0,3,South Asian Super Cup
2025-09-06,Nigeria,Rwanda,1690.0319357887715,1428.3842485259281,1,361.6476872628434,1,0,FIFA World Cup qualification
2025-09-07,Thailand,Iraq,1524.905052792983,1687.8613987791675,1,-62.95634598618449,0,1,King's Cup
2025-09-07,Fiji,Hong Kong,1513.1445709221796,1321.6524345627267,0,191.49213635945284,0,8,King's Cup
2025-09-07,Qatar,Russia,1635.1520507370235,1844.379530510622,1,-109.22747977359859,1,4,Friendly
2025-09-07,North Macedonia,Liechtenstein,1680.8803094109244,1004.7051318715698,1,776.1751775393545,5,0,FIFA World Cup qualification
2025-09-07,Poland,Finland,1761.6118151985495,1627.159669227063,1,234.45214597148652,3,1,FIFA World Cup qualification
2025-09-07,Belgium,Kazakhstan,1926.4644546424006,1473.5528551146679,1,552.9115995277327,6,0,FIFA World Cup qualification
2025-09-07,Turkey,Spain,1904.4030306986258,2212.764142771947,1,-208.361112073321,0,6,FIFA World Cup qualification
2025-09-07,Georgia,Bulgaria,1741.00044928736,1514.862551644256,1,326.137897643104,3,0,FIFA World Cup qualification
2025-09-07,Luxembourg,Slovakia,1482.6745352811715,1774.2662224555593,1,-191.59168717438774,0,1,FIFA World Cup qualification
2025-09-07,Germany,Northern Ireland,1946.8746799079436,1644.9400841211607,1,401.9345957867829,3,1,FIFA World Cup qualification
2025-09-07,Central African Republic,Comoros,1380.9726850597187,1497.4238872891087,0,-116.45120222938999,0,2,FIFA World Cup qualification
2025-09-07,Lithuania,Netherlands,1361.0123085377,2019.8942815883036,1,-558.8819730506036,2,3,FIFA World Cup qualification
2025-09-08,Ghana,Mali,1585.774185397858,1725.059135310068,1,-39.284949912210095,1,0,FIFA World Cup qualification
2025-09-08,Panama,Guatemala,1865.4838632945218,1630.1268229163043,1,335.35704037821756,1,1,FIFA World Cup qualification
2025-09-08,Switzerland,Slovenia,1929.0465100036936,1802.87750856497,1,226.16900143872363,3,0,FIFA World Cup qualification
2025-09-08,Belarus,Scotland,1546.0336004962148,1773.1592880897124,0,-227.12568759349756,0,2,FIFA World Cup qualification
2025-09-08,Croatia,Montenegro,1976.715506040333,1550.3987889150383,1,526.3167171252946,4,0,FIFA World Cup qualification
2025-09-08,Israel,Italy,1687.8412869694173,1936.4648405680996,0,-248.6235535986823,4,5,FIFA World Cup qualification
2025-09-08,Gibraltar,Faroe Islands,1146.514893023614,1315.2938712232576,1,-68.77897819964369,0,1,FIFA World Cup qualification
2025-09-08,El Salvador,Suriname,1545.978055343225,1556.3317197389613,1,89.64633560426364,1,2,FIFA World Cup qualification
2025-09-08,Madagascar,Chad,1451.158989315527,1287.7473566611702,0,163.4116326543567,3,1,FIFA World Cup qualification
2025-09-08,Greece,Denmark,1882.9228761754339,1896.8648193543618,1,86.05805682107211,0,3,FIFA World Cup qualification
2025-09-08,Malawi,Liberia,1460.2026608145054,1398.8285786506967,1,161.37408216380868,2,2,FIFA World Cup qualification
2025-09-08,Kosovo,Sweden,1640.0027610991951,1814.7970280824068,1,-74.79426698321163,2,0,FIFA World Cup qualification
2025-09-08,Uganda,Somalia,1534.3921838239573,1026.7141255142003,1,607.678058309757,2,0,FIFA World Cup qualification
2025-09-08,Equatorial Guinea,Tunisia,1558.6133954755978,1736.7961509122924,1,-78.1827554366946,0,1,FIFA World Cup qualification
2025-09-08,Indonesia,Lebanon,1509.1216003055015,1446.6293252622052,1,162.49227504329633,0,0,Friendly
2025-09-08,Malaysia,Palestine,1460.6382209568008,1591.032055101162,1,-30.393834144361335,1,0,Friendly
2025-09-08,Syria,Kuwait,1567.7421193303499,1436.4732065618764,0,131.26891276847346,2,2,Friendly
2025-09-08,United Arab Emirates,Bahrain,1678.1498024041532,1564.5610536292586,1,213.5887487748946,1,0,Friendly
2025-09-08,Czech Republic,Saudi Arabia,1817.7798816598163,1698.4241210892571,1,219.35576057055914,1,1,Friendly
2025-09-08,Libya,Eswatini,1529.5301430227987,1319.995567734311,1,309.53457528848776,2,0,FIFA World Cup qualification
2025-09-08,Zambia,Morocco,1587.953193751116,1912.388351637136,1,-224.43515788602008,0,2,FIFA World Cup qualification
2025-09-08,Mozambique,Botswana,1525.2890910842102,1464.3970384623071,1,160.89205262190308,2,0,FIFA World Cup qualification
2025-09-08,Guinea,Algeria,1578.5988520272135,1817.009961363344,0,-238.4111093361305,0,0,FIFA World Cup qualification
2025-09-08,Guinea-Bissau,Djibouti,1372.3884434977704,1088.4572111781558,1,383.93123231961454,2,0,FIFA World Cup qualification
2025-09-09,France,Iceland,2122.105668899632,1629.5026506883398,1,592.603018211292,2,1,FIFA World Cup qualification
2025-09-09,Angola,Mauritius,1593.5768162529912,1204.842170299839,1,488.73464595315227,3,1,FIFA World Cup qualification
2025-09-09,Tanzania,Niger,1482.9693425919256,1454.7498134034704,1,128.21952918845523,0,1,FIFA World Cup qualification
2025-09-09,Kenya,Seychelles,1443.0666187024356,1020.0102936601434,1,523.0563250422922,5,0,FIFA World Cup qualification
2025-09-09,Gabon,Ivory Coast,1579.5947867015732,1713.034855316407,1,-33.44006861483376,0,0,FIFA World Cup qualification
2025-09-09,Gambia,Burundi,1540.0904139780337,1442.4922115985269,0,97.5982023795068,2,0,FIFA World Cup qualification
2025-09-09,Namibia,São Tomé and Príncipe,1475.960348547194,1157.059927086182,0,318.900421461012,3,0,FIFA World Cup qualification
2025-09-09,Azerbaijan,Ukraine,1423.9995453572828,1855.1786983486736,1,-331.17915299139077,1,1,FIFA World Cup qualification
2025-09-09,Hungary,Portugal,1766.7158869266573,2064.966545451379,1,-198.25065852472153,2,3,FIFA World Cup qualification
2025-09-09,Jamaica,Trinidad and Tobago,1689.7116356511847,1549.640636496599,1,240.0709991545857,2,0,FIFA World Cup qualification
2025-09-09,Cyprus,Romania,1354.3328072388597,1719.7790860636978,1,-265.44627882483815,2,2,FIFA World Cup qualification
2025-09-09,Norway,Moldova,1901.0007088263528,1345.5669361169714,1,655.4337727093814,11,1,FIFA World Cup qualification
2025-09-09,Albania,Latvia,1682.914284154181,1367.6740909740233,1,415.2401931801576,1,0,FIFA World Cup qualification
2025-09-09,Serbia,England,1888.307210846671,2044.842046116709,1,-56.534835270038,0,5,FIFA World Cup qualification
2025-09-09,Cape Verde,Cameroon,1641.2642482186732,1704.552053999293,1,36.71219421938008,1,0,FIFA World Cup qualification
2025-09-09,Curaçao,Bermuda,1579.6349315116927,1351.1730819422091,1,328.46184956948355,3,2,FIFA World Cup qualification
2025-09-09,Costa Rica,Haiti,1808.414096211268,1626.5693659902993,1,281.8447302209688,3,3,FIFA World Cup qualification
2025-09-09,Honduras,Nicaragua,1704.3732243112643,1503.6332713092995,1,300.73995300196475,2,0,FIFA World Cup qualification
2025-09-09,Bosnia and Herzegovina,Austria,1576.9425094344715,1907.3380009641496,1,-230.3954915296781,1,2,FIFA World Cup qualification
2025-09-09,Benin,Lesotho,1537.4752537063912,1434.6465263453756,0,102.82872736101558,4,0,FIFA World Cup qualification
2025-09-09,Armenia,Republic of Ireland,1457.1424568474863,1688.7179325592158,1,-131.5754757117295,2,1,FIFA World Cup qualification
2025-09-09,Zimbabwe,Rwanda,1470.1375285449203,1423.9491579939402,0,46.18837055098015,0,1,FIFA World Cup qualification
2025-09-09,South Africa,Nigeria,1684.799121446748,1694.4670263207595,1,90.33209512598842,1,1,FIFA World Cup qualification
2025-09-09,Estonia,Andorra,1421.4872003844443,1132.8719700941797,1,388.61523029026466,0,0,Friendly
2025-09-09,Jordan,Dominican Republic,1754.5027016812323,1470.1634872002876,1,384.33921448094475,3,0,Friendly
2025-09-09,Malta,San Marino,1316.8591935214736,914.9430746031861,1,501.91611891828745,3,1,Friendly
2025-09-09,Mexico,South Korea,1969.915795280225,1901.5908285479734,0,68.3249667322516,2,2,Friendly
2025-09-09,New Zealand,Australia,1802.535399408183,1896.7423076755408,1,5.793091732642097,1,3,Soccer Ashes
2025-09-09,Sri Lanka,Maldives,986.1090561796715,1078.6067700188764,1,7.502286160794938,1,1,Friendly
2025-09-09,United States,Japan,1790.4574678750475,1961.9363036620837,1,-71.47883578703613,2,0,Friendly
2025-09-09,Wales,Canada,1789.8465393561953,1891.760210635339,1,-1.9136712791437276,0,1,Friendly
2025-09-09,Ecuador,Argentina,1988.0509567574952,2207.3301219111167,1,-119.2791651536213,1,0,FIFA World Cup qualification
2025-09-09,Singapore,Myanmar,1248.5668193438419,1135.0856733133821,1,213.48114603045974,1,1,Friendly
2025-09-09,Peru,Paraguay,1808.3767079728386,1899.8760720443952,1,8.500635928443444,0,1,FIFA World Cup qualification
2025-09-09,Bolivia,Brazil,1735.4892084447301,2081.862341942132,1,-246.3731334974018,1,0,FIFA World Cup qualification
2025-09-09,Venezuela,Colombia,1824.4547151647703,2033.7526445844255,1,-109.29792941965525,3,6,FIFA World Cup qualification
2025-09-09,Mauritania,South Sudan,1470.6231823498704,1263.2811487938,1,307.3420335560704,0,0,FIFA World Cup qualification
2025-09-09,Chile,Uruguay,1761.0892642541912,1992.589413495635,1,-131.50014924144375,0,0,FIFA World Cup qualification
2025-09-09,Sierra Leone,Ethiopia,1459.1620042078866,1395.2680863794567,0,63.89391782842995,2,0,FIFA World Cup qualification
2025-09-09,Burkina Faso,Egypt,1642.9263964572947,1780.867029238933,1,-37.940632781638215,0,0,FIFA World Cup qualification
2025-09-09,Togo,Sudan,1457.9286811594611,1520.82758296305,1,37.10109819641116,1,0,FIFA World Cup qualification
2025-09-09,DR Congo,Senegal,1708.1934438854614,1900.8498212836898,1,-92.65637739822841,2,3,FIFA World Cup qualification
2025-10-04,Saint Kitts and Nevis,Saint Martin,1255.559776424261,1265.221022810315,1,90.33875361394598,5,0,Friendly
2025-10-05,Saint Kitts and Nevis,Saint Martin,1270.4735695669544,1250.3072296676214,1,120.16633989933302,2,1,Friendly
2025-10-05,Saint Vincent and the Grenadines,Cuba,1331.8880835907776,1381.990234501507,1,49.897849089270494,7,0,Friendly
2025-10-08,Gibraltar,New Caledonia,1130.423207998176,1603.3406626679428,1,-372.9174546697668,0,2,Friendly
2025-10-08,Chad,Mali,1270.9014911532033,1702.8073002775745,1,-331.9058091243712,0,2,FIFA World Cup qualification
2025-10-08,Central African Republic,Ghana,1360.6675363746442,1608.0260204303515,0,-247.35848405570732,0,5,FIFA World Cup qualification
2025-10-08,Tanzania,Zambia,1455.9062123240863,1575.0218441934417,1,-19.11563186935541,0,1,FIFA World Cup qualification
2025-10-08,Comoros,Madagascar,1517.7290359741833,1468.0048548234938,0,49.724181150689446,1,2,FIFA World Cup qualification
2025-10-08,Saint Vincent and the Grenadines,Cuba,1351.178723756503,1362.6995943357817,1,88.47912942072116,1,0,Friendly
2025-10-08,Niger,Congo,1481.8129436713098,1349.1309991889805,0,132.6819444823293,3,1,FIFA World Cup qualification
2025-10-08,Sierra Leone,Burkina Faso,1483.7063248764016,1645.101794460658,0,-161.3954695842565,0,1,FIFA World Cup qualification
2025-10-08,Eswatini,Angola,1311.3508863740724,1596.9731321926222,1,-185.6222458185498,2,2,FIFA World Cup qualification
2025-10-08,Libya,Cape Verde,1538.1748243830373,1659.1587547991815,1,-20.983930416144176,3,3,FIFA World Cup qualification
2025-10-08,Djibouti,Egypt,1082.526305537797,1778.6916312355695,0,-696.1653256977725,0,3,FIFA World Cup qualification
2025-10-08,Ethiopia,Guinea-Bissau,1370.7237657109417,1378.3193491381292,0,-7.595583427187421,1,0,FIFA World Cup qualification
2025-10-08,Saudi Arabia,Indonesia,1704.013977627358,1504.7582874680102,1,299.25569015934775,3,2,FIFA World Cup qualification
2025-10-08,Qatar,Oman,1622.979370330738,1616.7022660227747,1,106.27710430796333,0,0,FIFA World Cup qualification
2025-10-08,Mauritius,Cameroon,1201.445854360208,1686.6575474187848,1,-385.2116930585769,0,2,FIFA World Cup qualification
2025-10-09,Timor-Leste,Philippines,918.619062253064,1299.9077268500855,0,-381.28866459702147,1,4,AFC Asian Cup qualification
2025-10-09,Brunei,Yemen,917.4789507944698,1266.8561790401936,1,-249.3772282457238,0,2,AFC Asian Cup qualification
2025-10-09,Lebanon,Bhutan,1450.9926380996965,878.1332271629216,0,572.8594109367749,2,0,AFC Asian Cup qualification
2025-10-09,Singapore,India,1243.0943126281368,1293.1194530042394,1,49.97485962389737,1,1,AFC Asian Cup qualification
2025-10-09,Bangladesh,Hong Kong,1101.487235976573,1375.1393859582884,1,-173.6521499817154,3,4,AFC Asian Cup qualification
2025-10-09,Sri Lanka,Turkmenistan,985.8931565810897,1414.1995497723265,1,-328.3063931912368,1,0,AFC Asian Cup qualification
2025-10-09,Thailand,Taiwan,1512.5937337862065,1076.0661838633837,1,536.5275499228228,2,0,AFC Asian Cup qualification
2025-10-09,Laos,Malaysia,951.1946015412361,1471.510801055348,1,-420.316199514112,0,3,AFC Asian Cup qualification
2025-10-09,Syria,Myanmar,1564.1339716454424,1140.5581800290872,0,423.5757916163552,5,1,AFC Asian Cup qualification
2025-10-09,Vietnam,Nepal,1453.9070824747118,1109.9000721072466,1,444.0070103674652,3,1,AFC Asian Cup qualification
2025-10-09,Liberia,Namibia,1407.503017632731,1485.5892745332294,1,21.913743099501517,3,1,FIFA World Cup qualification
2025-10-09,Nicaragua,Haiti,1494.6072094592125,1639.9745581094928,1,-45.36734865028029,0,3,FIFA World Cup qualification
2025-10-09,Honduras,Costa Rica,1713.3992861613513,1795.0089040920745,1,18.39038206927671,0,0,FIFA World Cup qualification
2025-10-09,Tajikistan,Maldives,1418.8292117035705,1078.8226696174581,1,440.0065420861124,2,0,AFC Asian Cup qualification
2025-10-09,Pakistan,Afghanistan,1011.7486317539878,1242.155514485509,1,-130.40688273152114,0,0,AFC Asian Cup qualification
2025-10-09,Czech Republic,Croatia,1812.1900251217155,1980.1730829746014,1,-67.98305785288585,0,0,FIFA World Cup qualification
2025-10-09,Austria,San Marino,1915.7291277888107,913.3624655363026,1,1102.3666622525081,10,0,FIFA World Cup qualification
2025-10-09,Cyprus,Bosnia and Herzegovina,1367.2015325558598,1568.5513826098104,1,-101.3498500539506,2,2,FIFA World Cup qualification
2025-10-09,Faroe Islands,Montenegro,1331.3855562486956,1546.9412119807698,1,-115.55565573207423,4,0,FIFA World Cup qualification
2025-10-09,Poland,New Zealand,1773.9678141009022,1779.6602723590272,1,94.30754174187496,1,0,Friendly
2025-10-09,Romania,Moldova,1706.9103607466977,1343.2078909733234,1,463.70246977337433,2,1,Friendly
2025-10-09,Morocco,Bahrain,1925.3197011948105,1560.035729516664,1,465.2839716781464,1,0,Friendly
2025-10-09,Grenada,British Virgin Islands,1299.5289928645846,926.1499776222561,1,473.3790152423285,4,1,Friendly
2025-10-09,Burundi,Kenya,1420.7046302631866,1446.8212941670286,1,73.88333609615802,0,1,FIFA World Cup qualification
2025-10-09,Algeria,Somalia,1805.0992259349352,1024.952104240003,1,880.1471216949321,3,0,FIFA World Cup qualification
2025-10-09,England,Wales,2078.3900772830207,1779.9016186862018,1,398.4884585968189,3,0,Friendly
2025-10-09,Mozambique,Guinea,1542.3112450430585,1590.5095874556223,1,51.80165758743624,1,2,FIFA World Cup qualification
2025-10-09,Malawi,Equatorial Guinea,1451.5282218324712,1543.0394985324915,1,8.48872329997971,3,0,FIFA World Cup qualification
2025-10-09,Scotland,Greece,1785.934214900358,1839.4266014417678,1,46.507613458590185,3,1,FIFA World Cup qualification
2025-10-09,Belarus,Denmark,1533.2586736855692,1940.3610940880278,0,-407.1024204024586,0,6,FIFA World Cup qualification
2025-10-09,Malta,Netherlands,1318.439802588357,2021.4352488930283,1,-602.9954463046713,0,4,FIFA World Cup qualification
2025-10-09,Finland,Lithuania,1614.8036703247103,1359.4713412329752,1,355.3323290917351,2,1,FIFA World Cup qualification
2025-10-09,Botswana,Uganda,1447.3748845034588,1536.1542050981545,1,11.220679405304281,0,1,FIFA World Cup qualification
2025-10-10,Seychelles,Ivory Coast,1016.2556181955505,1711.1158124019664,0,-694.8601942064159,0,7,FIFA World Cup qualification
2025-10-10,Tunisia,São Tomé and Príncipe,1752.3700478553988,1147.4310011001464,1,704.9390467552523,6,0,FIFA World Cup qualification
2025-10-10,Northern Ireland,Slovakia,1639.540509620923,1784.2341708964962,1,-44.69366127557305,2,0,FIFA World Cup qualification
2025-10-10,Germany,Luxembourg,1952.2742544081812,1472.7065868402346,1,579.5676675679465,4,0,FIFA World Cup qualification
2025-10-10,Kosovo,Slovenia,1676.363066721978,1787.9087222839723,1,-11.545655561994408,0,0,FIFA World Cup qualification
2025-10-10,Sweden,Switzerland,1778.436722459624,1944.0152962846912,1,-65.57857382506722,0,2,FIFA World Cup qualification
2025-10-10,Belgium,North Macedonia,1929.8489481198767,1681.7875010779592,1,348.0614470419175,0,0,FIFA World Cup qualification
2025-10-10,France,Azerbaijan,2123.383439262276,1438.824204153937,1,784.5592351083392,3,0,FIFA World Cup qualification
2025-10-10,Curaçao,Jamaica,1584.8811612192117,1701.753301940799,1,-16.872140721587357,2,0,FIFA World Cup qualification
2025-10-10,Suriname,Guatemala,1581.3806267735804,1645.058881571911,1,36.3217452016695,1,1,FIFA World Cup qualification
2025-10-10,El Salvador,Panama,1520.9291483086058,1850.5518046389152,1,-229.62265633030938,0,1,FIFA World Cup qualification
2025-10-10,Bermuda,Trinidad and Tobago,1345.9268522346902,1537.5989702069846,1,-91.67211797229447,0,3,FIFA World Cup qualification
2025-10-10,Gambia,Gabon,1561.877995313374,1581.5138296160137,0,-19.63583430263975,3,4,FIFA World Cup qualification
2025-10-10,Iceland,Ukraine,1628.2248803256953,1840.3540395520195,1,-112.12915922632419,3,5,FIFA World Cup qualification
2025-10-10,South Africa,Zimbabwe,1679.7132730955461,1447.4942655832865,1,332.2190075122596,0,0,FIFA World Cup qualification
2025-10-10,Kazakhstan,Liechtenstein,1470.1683616371918,1003.797940204535,1,566.3704214326567,4,0,FIFA World Cup qualification
2025-10-10,Lesotho,Nigeria,1407.932110921129,1699.5528746719613,0,-291.62076375083234,1,2,FIFA World Cup qualification
2025-10-10,Rwanda,Benin,1446.592420955574,1564.1896691306379,1,-17.597248175063896,0,1,FIFA World Cup qualification
2025-10-10,Argentina,Venezuela,2180.721483543348,1800.115793239005,0,380.60569030434294,1,0,Friendly
2025-10-10,Chile,Peru,1768.3171349554743,1787.8874696529895,1,80.42966530248486,2,1,Friendly
2025-10-10,Canada,Australia,1901.7051313053325,1919.6174347246965,1,82.08769658063602,0,1,Friendly
2025-10-10,Russia,Iran,1856.5522109169076,1900.1187793147728,1,56.43343160213476,2,1,Friendly
2025-10-10,Uzbekistan,Kuwait,1825.2103613435859,1440.0813542467838,1,485.12900709680207,2,0,Friendly
2025-10-10,Japan,Paraguay,1943.8931286441757,1920.3653103642444,1,123.52781827993135,2,2,Kirin Cup
2025-10-10,South Korea,Brazil,1903.5324143444027,2049.659861769712,1,-46.12744742530913,0,5,Friendly
2025-10-10,Uruguay,Dominican Republic,1985.3615427943519,1466.7111073955296,0,518.6504353988223,1,0,Friendly
2025-10-10,United States,Ecuador,1808.5006428929555,2014.659595125264,1,-106.1589522323086,1,1,Friendly
2025-10-10,Togo,DR Congo,1475.8010513561721,1693.4042223902572,1,-117.60317103408511,0,1,FIFA World Cup qualification
2025-10-10,South Sudan,Senegal,1277.4554897393953,1915.639042778894,1,-538.1835530394987,0,5,FIFA World Cup qualification
2025-10-10,Sudan,Mauritania,1502.955212766339,1456.448841404275,0,46.506371362063874,0,0,FIFA World Cup qualification
2025-10-10,Jordan,Bolivia,1757.9550814859904,1767.6916886171502,0,-9.736607131159872,0,1,Friendly
2025-10-11,Portugal,Republic of Ireland,2074.650384419073,1661.4862923359888,1,513.1640920830841,1,0,FIFA World Cup qualification
2025-10-11,Serbia,Albania,1854.7591796803592,1686.2708536396062,1,268.488326040753,0,1,FIFA World Cup qualification
2025-10-11,Estonia,Italy,1413.4166494477233,1944.1813601842716,1,-430.7647107365483,1,3,FIFA World Cup qualification
2025-10-11,Norway,Israel,1903.3597539700008,1680.1247673532453,1,323.2349866167556,5,0,FIFA World Cup qualification
2025-10-11,Hungary,Armenia,1757.0320479589632,1484.3740970707133,1,372.65795088824984,2,0,FIFA World Cup qualification
2025-10-11,Latvia,Andorra,1364.317521488598,1140.9425210309007,1,323.3750004576973,2,2,FIFA World Cup qualification
2025-10-11,Spain,Georgia,2232.448262713864,1750.2885900542763,1,582.1596726595878,2,0,FIFA World Cup qualification
2025-10-11,Iraq,Indonesia,1700.172717785944,1498.6971035416295,0,201.47561424431456,1,0,FIFA World Cup qualification
2025-10-11,United Arab Emirates,Oman,1682.6751265167477,1622.636137243569,0,60.038989273178686,2,1,FIFA World Cup qualification
2025-10-11,Mexico,Colombia,1967.9742094837957,2058.091566510191,0,-90.11735702639544,0,4,Friendly
2025-10-11,Grenada,Cuba,1301.6820121379646,1355.1925673362673,1,46.489444801697346,2,0,Friendly
2025-10-11,Bulgaria,Turkey,1505.5744108773397,1884.7189107567087,1,-279.14449987936905,1,6,FIFA World Cup qualification
2025-10-12,Croatia,Gibraltar,1976.3088548945093,1127.2839670901653,1,949.024887804344,3,0,FIFA World Cup qualification
2025-10-12,Faroe Islands,Czech Republic,1380.917483293861,1816.0542532018076,1,-335.1367699079465,2,1,FIFA World Cup qualification
2025-10-12,Romania,Austria,1708.2065653755253,1915.912998037754,1,-107.70643266222874,1,0,FIFA World Cup qualification
2025-10-12,San Marino,Cyprus,913.1785952873593,1372.875660334149,1,-359.6970650467897,0,4,FIFA World Cup qualification
2025-10-12,Lithuania,Poland,1354.8908532248597,1781.3181816100325,1,-326.4273283851728,0,2,FIFA World Cup qualification
2025-10-12,Netherlands,Finland,2023.6961385609193,1619.3841583328258,1,504.3119802280935,4,0,FIFA World Cup qualification
2025-10-12,Scotland,Belarus,1811.9422395975666,1525.8138449696908,1,386.1283946278759,2,1,FIFA World Cup qualification
2025-10-12,Denmark,Greece,1947.8059228039062,1813.4185767445592,1,234.387346059347,3,1,FIFA World Cup qualification
2025-10-12,Ghana,Comoros,1623.549969796066,1494.886066106512,1,228.663903689554,1,0,FIFA World Cup qualification
2025-10-12,Chad,Central African Republic,1263.1667065857416,1345.1435870089297,1,18.02311957681195,2,3,FIFA World Cup qualification
2025-10-12,Zambia,Niger,1593.9225689553634,1500.882530018798,1,193.04003893656545,0,1,FIFA World Cup qualification
2025-10-12,Egypt,Guinea-Bissau,1779.941488135828,1357.882181853235,1,522.0593062825931,1,0,FIFA World Cup qualification
2025-10-12,Djibouti,Sierra Leone,1081.2764486375386,1472.3817633915148,0,-391.10531475397624,1,2,FIFA World Cup qualification
2025-10-12,Burkina Faso,Ethiopia,1656.4263559455449,1391.160932995836,1,365.26542294970886,3,1,FIFA World Cup qualification
2025-10-12,Malta,Bosnia and Herzegovina,1316.178912920466,1562.8772548315212,1,-146.6983419110552,1,4,Friendly
2025-10-12,Mali,Madagascar,1710.5420848450362,1490.847824691165,1,319.69426015387126,4,1,FIFA World Cup qualification
2025-10-13,Slovenia,Switzerland,1787.244345464289,1968.4190878358263,1,-81.17474237153738,0,0,FIFA World Cup qualification
2025-10-13,Sweden,Kosovo,1754.0329309084889,1677.0274435416613,1,177.00548736682754,0,1,FIFA World Cup qualification
2025-10-13,Iceland,France,1607.5841788851023,2124.1402356750696,1,-416.5560567899672,2,2,FIFA World Cup qualification
2025-10-13,Costa Rica,Nicaragua,1796.0665520036705,1464.1516308932025,1,431.91492111046796,4,1,FIFA World Cup qualification
2025-10-13,Wales,Belgium,1776.6945421924884,1914.601955127242,1,-37.907412934753665,2,4,FIFA World Cup qualification
2025-10-13,Honduras,Haiti,1712.3416382497553,1670.4301366755028,1,141.9115015742525,3,0,FIFA World Cup qualification
2025-10-13,Slovakia,Luxembourg,1750.3961570207703,1470.1304867189838,1,380.2656703017865,2,0,FIFA World Cup qualification
2025-10-13,Ukraine,Azerbaijan,1860.9947409926124,1438.0674077411436,0,422.9273332514688,2,1,FIFA World Cup qualification
2025-10-13,Northern Ireland,Germany,1673.378523496649,1954.850354529432,1,-181.47183103278303,0,1,FIFA World Cup qualification
2025-10-13,North Macedonia,Kazakhstan,1697.0344940705938,1472.9402774870066,1,324.09421658358724,1,1,FIFA World Cup qualification
2025-10-13,São Tomé and Príncipe,Malawi,1145.9867957255992,1485.6732541111764,0,-339.6864583855772,1,0,FIFA World Cup qualification
2025-10-13,Uzbekistan,Uruguay,1826.9420783149124,1986.323163669366,0,-159.38108535445372,1,2,Friendly
2025-10-13,Tunisia,Namibia,1753.814253229946,1457.4789540507459,1,396.3352991792001,3,0,FIFA World Cup qualification
2025-10-13,South Sudan,Togo,1274.0004144339164,1462.3236091772121,1,-88.32319474329574,0,0,FIFA World Cup qualification
2025-10-13,Lesotho,Zimbabwe,1401.641424954659,1462.3458354181637,0,-60.7044104635047,1,0,FIFA World Cup qualification
2025-10-13,Montenegro,Liechtenstein,1497.4092849356043,1001.0260243547203,1,596.383260580884,2,1,Friendly
2025-10-13,Cameroon,Angola,1692.5491744038845,1587.2004604372537,1,205.34871396663084,0,0,FIFA World Cup qualification
2025-10-13,Mauritius,Libya,1195.5542273751082,1539.381289912284,1,-243.82706253717583,0,0,FIFA World Cup qualification
2025-10-13,Equatorial Guinea,Liberia,1508.8944662537863,1435.6133381152144,1,173.28112813857183,1,1,FIFA World Cup qualification
2025-10-13,Cape Verde,Eswatini,1657.9522892699347,1321.1235581294409,1,436.8287311404938,3,0,FIFA World Cup qualification
2025-10-14,Bhutan,Lebanon,875.9941007081561,1453.1317645544618,0,-577.1376638463057,0,4,AFC Asian Cup qualification
2025-10-14,Portugal,Hungary,2076.632277656292,1763.3189322560722,1,413.31334540021976,2,2,FIFA World Cup qualification
2025-10-14,Republic of Ireland,Armenia,1659.5043990987697,1478.0872127736043,1,281.4171863251654,1,0,FIFA World Cup qualification
2025-10-14,Estonia,Moldova,1408.7789524467078,1341.9116863444958,1,166.86726610221194,1,1,FIFA World Cup qualification
2025-10-14,Italy,Israel,1948.8190571852872,1669.3549570228458,1,379.4641001624416,3,0,FIFA World Cup qualification
2025-10-14,Andorra,Serbia,1155.5613706272454,1821.7884166283518,1,-566.2270460011064,1,3,FIFA World Cup qualification
2025-10-14,Latvia,England,1349.6986718922533,2081.597153776734,1,-631.8984818844808,0,5,FIFA World Cup qualification
2025-10-14,Maldives,Tajikistan,1074.4075702873818,1423.244311033647,1,-248.83674074626515,0,3,AFC Asian Cup qualification
2025-10-14,Philippines,Timor-Leste,1306.9225494924042,911.6042396107454,1,495.3183098816588,3,1,AFC Asian Cup qualification
2025-10-14,Yemen,Brunei,1278.390482819285,905.9446470153786,0,372.44583580390633,9,0,AFC Asian Cup qualification
2025-10-14,Myanmar,Syria,1134.5357927438627,1570.156358930667,1,-335.62056618680435,0,3,AFC Asian Cup qualification
2025-10-14,Hong Kong,Bangladesh,1385.9000148242737,1090.7266071105876,1,395.1734077136862,1,1,AFC Asian Cup qualification
2025-10-14,Taiwan,Thailand,1073.451138840646,1515.208778808944,1,-341.757639968298,1,6,AFC Asian Cup qualification
2025-10-14,Turkmenistan,Sri Lanka,1379.4498598242617,1020.6428465291544,1,458.80701329510725,2,1,AFC Asian Cup qualification
2025-10-14,Turkey,Georgia,1898.0806349230197,1748.257198269619,1,249.82343665340068,4,1,FIFA World Cup qualification
2025-10-14,Afghanistan,Pakistan,1234.982419928274,1018.9217263112226,0,216.06069361705147,1,1,AFC Asian Cup qualification
2025-10-14,Malaysia,Laos,1477.2294628218062,945.475939774778,1,631.7535230470282,5,1,AFC Asian Cup qualification
2025-10-14,Panama,Suriname,1858.9724688645379,1579.2973629302498,1,379.675105934288,1,1,FIFA World Cup qualification
2025-10-14,El Salvador,Guatemala,1512.5084840829832,1647.1421454152414,1,-34.63366133225827,0,1,FIFA World Cup qualification
2025-10-14,Curaçao,Trinidad and Tobago,1616.3368748209862,1563.5725977450247,1,152.76427707596145,1,1,FIFA World Cup qualification
2025-10-14,Jamaica,Bermuda,1670.2975883390245,1319.95322469665,1,450.34436364237445,4,0,FIFA World Cup qualification
2025-10-14,India,Singapore,1295.9765600527298,1240.2372055796463,1,155.7393544730835,1,2,AFC Asian Cup qualification
2025-10-14,Spain,Bulgaria,2234.4796544985215,1492.2126867110287,1,842.2669677874928,4,0,FIFA World Cup qualification
2025-10-14,Vietnam,Nepal,1458.2289101377587,1105.5782444441998,1,452.65066569355895,1,0,AFC Asian Cup qualification
2025-10-14,Guinea,Botswana,1613.4696291355351,1426.7291947471508,0,186.7404343883843,2,2,FIFA World Cup qualification
2025-10-14,Somalia,Mozambique,1024.5135725964822,1519.3512033631457,0,-494.83763076666355,0,1,FIFA World Cup qualification
2025-10-14,Japan,Brazil,1938.773914201907,2067.0200446475155,1,-28.246130445608514,3,2,Kirin Cup
2025-10-14,Iran,Tanzania,1891.7289286926002,1437.0054875621645,0,454.72344113043573,2,0,Friendly
2025-10-14,Canada,Colombia,1889.3854607891092,2072.084424738316,0,-182.69896394920693,0,0,Friendly
2025-10-14,South Korea,Paraguay,1886.1722314665992,1925.484524806513,1,60.68770666008618,2,0,Friendly
2025-10-14,Mexico,Ecuador,1953.9813512556705,2011.695761165011,1,42.2855900906593,1,1,Friendly
2025-10-14,Norway,New Zealand,1914.1295643004003,1772.3099048498968,1,241.81965945050342,1,1,Friendly
2025-10-14,Puerto Rico,Argentina,1343.1752348310479,2182.7328197818333,0,-839.5575849507854,0,6,Friendly
2025-10-14,Russia,Bolivia,1864.9420615390802,1777.4115198769427,1,187.53054166213747,3,0,Friendly
2025-10-14,United States,Australia,1811.4644768532087,1931.93710524092,1,-20.47262838771121,2,1,Friendly
2025-10-14,Albania,Jordan,1719.2416166916137,1748.2352502261979,1,71.0063664654158,4,2,Friendly
2025-10-14,Saudi Arabia,Iraq,1710.0751615537386,1709.720958388839,1,100.35420316489945,0,0,FIFA World Cup qualification
2025-10-14,Senegal,Mauritania,1919.094118084373,1459.1100880379763,1,559.9840300463966,4,0,FIFA World Cup qualification
2025-10-14,DR Congo,Sudan,1706.8816645692173,1500.2939661326377,1,306.58769843657956,1,0,FIFA World Cup qualification
2025-10-14,Nigeria,Benin,1705.8435606384312,1583.177555413461,1,222.66600522497015,4,0,FIFA World Cup qualification
2025-10-14,South Africa,Rwanda,1664.861703260669,1427.6045346727508,1,337.25716858791816,3,0,FIFA World Cup qualification
2025-10-14,Algeria,Uganda,1805.5377575784562,1556.7998948544625,1,348.73786272399366,2,1,FIFA World Cup qualification
2025-10-14,Morocco,Congo,1926.6049137783334,1330.0614128414923,1,696.5435009368412,1,0,FIFA World Cup qualification
2025-10-14,Seychelles,Gambia,1014.6367588498817,1543.0071228665668,0,-528.370364016685,0,7,FIFA World Cup qualification
2025-10-14,Ivory Coast,Kenya,1712.734671747635,1471.011389752936,1,341.72328199469894,3,0,FIFA World Cup qualification
2025-10-14,Gabon,Burundi,1600.384702062821,1396.514534677279,1,303.8701673855419,2,0,FIFA World Cup qualification
2025-10-14,Qatar,United Arab Emirates,1617.0454991099436,1699.2530006352717,1,17.792498474671902,2,1,FIFA World Cup qualification
2025-11-12,Cayman Islands,British Virgin Islands,1072.21751637587,923.996958348876,1,248.220558026994,1,2,CONCACAF Series
2025-11-12,Bahamas,Anguilla,1054.6868274062117,884.7554131713201,0,169.93141423489158,1,2,CONCACAF Series
2025-11-12,Antigua and Barbuda,Aruba,1143.2434030987376,1167.5977487915322,1,75.6456543072054,0,0,CONCACAF Series
2025-11-12,Barbados,Bonaire,1162.5405080533471,1168.0562624939166,0,-5.515754440569481,3,2,CONCACAF Series
2025-11-12,Saint Kitts and Nevis,Sint Maarten,1277.1465227063493,1260.1296272911982,1,117.01689541515111,0,0,CONCACAF Series
2025-11-12,Dominican Republic,Saint Vincent and the Grenadines,1465.7494865205153,1358.6857507560173,1,207.063735764498,2,0,CONCACAF Series
2025-11-12,Cuba,Saint Lucia,1342.1877844673934,1270.8255767886667,0,71.36220767872669,3,0,CONCACAF Series
2025-11-12,Russia,Peru,1873.8180009378584,1780.161936353897,1,193.65606458396132,1,1,Friendly
2025-11-12,Tunisia,Mauritania,1760.3009887005787,1456.2383463656492,1,404.0626423349295,1,1,Friendly
2025-11-12,Dominica,Saint Martin,1199.1587614191492,1243.6342765282266,0,-44.47551510907738,1,2,CONCACAF Series
2025-11-13,Moldova,Italy,1350.8410844655475,1955.900452400661,1,-505.0593679351134,0,2,FIFA World Cup qualification
2025-11-13,England,Serbia,2083.648607917921,1824.0077125475766,1,359.6408953703442,2,0,FIFA World Cup qualification
2025-11-13,Andorra,Albania,1153.3420747080206,1731.218005619771,1,-477.8759309117504,0,1,FIFA World Cup qualification
2025-11-13,Iran,Cape Verde,1893.7693595021747,1663.191214718369,0,230.57814478380556,0,0,Al Ain International Cup
2025-11-13,Papua New Guinea,Solomon Islands,1420.7422702568635,1432.4976606873104,1,88.24460956955318,1,0,MSG Prime Minister's Cup
2025-11-13,Bermuda,Curaçao,1314.7309926665266,1608.069110318985,1,-193.33811765245832,0,7,FIFA World Cup qualification
2025-11-13,Guatemala,Panama,1665.1550490699547,1843.0145646968028,1,-77.85951562684818,2,3,FIFA World Cup qualification
2025-11-13,Trinidad and Tobago,Jamaica,1571.840362247026,1675.519820369148,1,-3.679458122122014,1,1,FIFA World Cup qualification
2025-11-13,Nicaragua,Honduras,1458.773947613773,1733.7910622011796,1,-175.01711458740647,2,0,FIFA World Cup qualification
2025-11-13,Haiti,Costa Rica,1648.9807127240786,1801.4442352831,0,-152.46352255902138,1,0,FIFA World Cup qualification
2025-11-13,Norway,Estonia,1908.111255043589,1399.849554325656,1,608.2617007179329,4,1,FIFA World Cup qualification
2025-11-13,Suriname,El Salvador,1595.2552670979849,1494.49558042827,1,200.75968666971494,4,0,FIFA World Cup qualification
2025-11-13,Armenia,Hungary,1471.478838928384,1779.928098666519,1,-208.44925973813497,0,1,FIFA World Cup qualification
2025-11-13,Bangladesh,Nepal,1106.9973452889406,1102.8272599968834,1,104.17008529205714,2,2,Friendly
2025-11-13,Azerbaijan,Iceland,1434.8444236998887,1624.2508276587098,1,-89.4064039588211,0,2,FIFA World Cup qualification
2025-11-13,Algeria,Zimbabwe,1810.2744808049704,1438.8865385018917,0,371.3879423030787,3,1,Friendly
2025-11-13,Republic of Ireland,Portugal,1666.11277294399,2060.023111245845,1,-293.91033830185506,2,0,FIFA World Cup qualification
2025-11-13,Czech Republic,San Marino,1781.1278090748758,904.779414856104,1,976.3483942187718,1,0,Friendly
2025-11-13,Hong Kong,Cambodia,1369.6292766459208,1040.0943172870566,1,429.53495935886417,1,1,Friendly
2025-11-13,Lithuania,Israel,1346.9410869093927,1662.273561807472,1,-215.33247489807945,0,0,Friendly
2025-11-13,Canada,Ecuador,1894.2074841782678,2012.9068642500595,1,-18.699380071791666,0,0,Friendly
2025-11-13,Thailand,Singapore,1525.0229837756492,1268.6464585420454,1,356.37652523360384,3,2,Friendly
2025-11-13,United Arab Emirates,Iraq,1680.2763247595246,1715.3423425558851,1,64.93398220363952,1,1,FIFA World Cup qualification
2025-11-13,Cameroon,DR Congo,1681.936294974368,1712.7289694085748,0,-30.7926744342069,0,1,FIFA World Cup qualification
2025-11-13,Nigeria,Gabon,1722.1372600715947,1609.273458902159,0,112.86380116943565,4,1,FIFA World Cup qualification
2025-11-13,France,Ukraine,2107.473586901462,1864.2177250338673,1,343.25586186759483,4,0,FIFA World Cup qualification
2025-11-13,North Macedonia,Latvia,1682.396392040821,1347.6472177510664,1,434.7491742897546,0,0,Friendly
2025-11-14,Tunisia,Jordan,1752.0808832769192,1736.2588612980405,1,115.82202197887864,3,2,Friendly
2025-11-14,Uzbekistan,Egypt,1821.2326099374534,1781.8291215290674,0,39.40348840838601,2,0,Al Ain International Cup
2025-11-14,Gibraltar,Montenegro,1126.988371465811,1498.0348477766292,1,-271.0464763108182,1,2,FIFA World Cup qualification
2025-11-14,Croatia,Faroe Islands,1976.6044505188636,1415.8439274207929,1,660.760523098071,3,1,FIFA World Cup qualification
2025-11-14,Poland,Netherlands,1789.2679479254996,2027.5963517615637,1,-138.32840383606413,1,1,FIFA World Cup qualification
2025-11-14,Finland,Malta,1615.4839451321814,1305.6580688500549,1,409.8258762821265,0,1,FIFA World Cup qualification
2025-11-14,Slovakia,Northern Ireland,1756.4407967464917,1662.9682635814702,1,193.47253316502156,1,0,FIFA World Cup qualification
2025-11-14,Luxembourg,Germany,1464.0858469932623,1965.2606144446108,1,-401.17476745134854,0,2,FIFA World Cup qualification
2025-11-14,Saudi Arabia,Ivory Coast,1704.4537773866925,1721.3235912712105,1,83.13018611548205,1,0,Friendly
2025-11-14,Angola,Argentina,1597.8133398667703,2183.068596164069,1,-485.2552562972985,0,2,Friendly
2025-11-14,Burkina Faso,Niger,1662.9568041105513,1530.9768475622418,0,131.97995654830947,3,2,Friendly
2025-11-14,Uganda,Chad,1552.0631716279483,1242.1301420506322,0,309.9330295773161,2,1,Friendly
2025-11-14,Comoros,Namibia,1486.4286529314197,1450.992218580113,1,135.43643435130662,1,0,Friendly
2025-11-14,Oman,Sudan,1606.058263125045,1494.4466612932802,1,211.6116018317648,2,0,Friendly
2025-11-14,Morocco,Mozambique,1927.317592296453,1521.5415298278876,1,505.77606246856544,1,0,Friendly
2025-11-14,South Korea,Bolivia,1898.5784583715147,1768.5355804781645,1,230.04287789335012,2,0,Friendly
2025-11-14,Australia,Venezuela,1921.3485366711998,1798.1044570005197,0,123.2440796706801,0,1,Friendly
2025-11-14,Japan,Ghana,1954.9907180357056,1632.0073829711584,1,422.9833350645474,2,0,Kirin Cup
2025-11-15,Cyprus,Austria,1381.2748407654042,1889.9041827184699,1,-408.6293419530657,0,2,FIFA World Cup qualification
2025-11-15,Bosnia and Herzegovina,Romania,1573.3980989019324,1734.2153806948095,1,-60.81728179287711,3,1,FIFA World Cup qualification
2025-11-15,Liechtenstein,Wales,1000.4004615136954,1749.9548046720133,1,-649.5543431583178,0,1,FIFA World Cup qualification
2025-11-15,Kazakhstan,Belgium,1487.5783795167795,1941.341692647717,1,-353.7633131309376,1,1,FIFA World Cup qualification
2025-11-15,Martinique,Cuba,1521.2532947637683,1363.120677746522,0,158.13261701724628,0,2,CONCACAF Series
2025-11-15,Saint Vincent and the Grenadines,Saint Lucia,1348.2048221118744,1249.892683509538,0,98.31213860233629,3,1,CONCACAF Series
2025-11-15,Guyana,Bonaire,1444.253392321861,1152.8181482363843,0,291.4352440854766,2,1,CONCACAF Series
2025-11-15,Saint Martin,Belize,1256.7245343134164,1256.3024603967056,0,0.42207391671081496,0,1,CONCACAF Series
2025-11-15,Barbados,Aruba,1177.7786223108794,1170.8129884686546,0,6.965633842224861,0,3,CONCACAF Series
2025-11-15,Bahamas,British Virgin Islands,1032.884277120324,948.1987251648421,0,84.68555195548186,0,6,CONCACAF Series
2025-11-15,Cayman Islands,Anguilla,1048.015749559904,906.5579634572078,1,241.4577861026961,4,0,CONCACAF Series
2025-11-15,Basque Country,Palestine,1794.3633313921982,1580.1594750026147,1,314.2038563895835,3,0,Friendly
2025-11-15,Dominica,Sint Maarten,1186.0685036339594,1264.998913792189,0,-78.9304101582295,2,3,CONCACAF Series
2025-11-15,Georgia,Spain,1734.8284084206798,2235.0631024568193,1,-400.23469403613944,0,4,FIFA World Cup qualification
2025-11-15,Denmark,Belarus,1960.16558197175,1521.9047454144686,1,538.2608365572812,2,2,FIFA World Cup qualification
2025-11-15,Greece,Scotland,1801.0589175767154,1815.8513391527888,1,85.20757842392663,3,2,FIFA World Cup qualification
2025-11-15,Russia,Chile,1868.757640021789,1776.0426682545667,1,192.71497176722232,0,2,Friendly
2025-11-15,Libya,Mauritania,1527.2712264144807,1464.4584517893088,1,162.81277462517187,1,0,Friendly
2025-11-15,Kuwait,Tanzania,1438.3496372754573,1434.96505675259,0,3.3845805228672816,4,3,Friendly
2025-11-15,Lesotho,Malawi,1425.100721870931,1450.63191639598,0,-25.53119452504893,0,0,Friendly
2025-11-15,Turkey,Bulgaria,1911.509424771959,1491.6292387527312,1,519.8801860192277,2,0,FIFA World Cup qualification
2025-11-15,Brazil,Senegal,2050.803240813717,1921.9658597567,0,128.83738105701696,2,0,Friendly
2025-11-15,Guinea,Liberia,1603.6480350856873,1444.8359012893216,0,158.81213379636574,2,0,Friendly
2025-11-15,Mexico,Uruguay,1952.770248170622,1992.032632046825,1,60.7376161237969,0,0,Friendly
2025-11-15,South Africa,Zambia,1673.6462285990767,1563.8282514119196,1,209.8179771871571,3,1,Friendly
2025-11-15,United States,Paraguay,1822.0530454229288,1913.0782979015976,1,8.97474752133121,2,1,Friendly
2025-11-15,Slovenia,Kosovo,1791.833930270163,1706.4179733574017,1,185.4159569127612,0,2,FIFA World Cup qualification
2025-11-15,Switzerland,Sweden,1963.8295030299523,1724.6424010927485,1,339.1871019372038,4,1,FIFA World Cup qualification
2025-11-15,Colombia,New Zealand,2067.2624013491577,1778.3282141067082,0,288.9341872424495,2,1,Friendly
2025-11-16,Serbia,Latvia,1817.2864386469012,1356.1337198960784,1,561.1527187508227,2,1,FIFA World Cup qualification
2025-11-16,Albania,England,1733.6194957481127,2090.3698818185962,1,-256.7503860704835,0,2,FIFA World Cup qualification
2025-11-16,Italy,Norway,1959.007921605266,1910.1602534049425,1,148.84766820032337,1,4,FIFA World Cup qualification
2025-11-16,Hungary,Republic of Ireland,1789.187602627406,1716.7810780411519,1,172.40652458625414,2,3,FIFA World Cup qualification
2025-11-16,Moldova,Israel,1347.7336152609425,1656.76383657276,1,-209.0302213118175,1,4,FIFA World Cup qualification
2025-11-16,Azerbaijan,France,1412.3983837988562,2116.6050129525293,1,-604.206629153673,1,3,FIFA World Cup qualification
2025-11-16,Ukraine,Iceland,1855.0862989828001,1646.6968675597423,0,208.38943142305789,2,0,FIFA World Cup qualification
2025-11-16,Nigeria,DR Congo,1746.1513191276888,1730.9610272204918,0,15.190291907196979,1,1,FIFA World Cup qualification
2025-11-16,Portugal,Armenia,2009.354806148683,1462.219334967497,1,647.1354711811862,9,1,FIFA World Cup qualification
2025-11-17,Vanuatu,Fiji,1373.1743965519813,1459.657619526618,0,-86.48322297463665,2,0,MSG Prime Minister's Cup
2025-11-17,Cape Verde,Egypt,1671.9030969445566,1761.8700149113654,0,-89.96691796680875,1,1,Al Ain International Cup
2025-11-17,Montenegro,Croatia,1504.9791701492966,1977.9126563425111,1,-372.93348619321455,2,3,FIFA World Cup qualification
2025-11-17,Netherlands,Lithuania,2020.0292050321666,1352.4508121441047,1,767.5783928880621,4,0,FIFA World Cup qualification
2025-11-17,Malta,Poland,1342.2044116190611,1796.8350946548967,1,-354.63068303583555,2,3,FIFA World Cup qualification
2025-11-17,Germany,Slovakia,1970.6817194559837,1766.327936547689,1,304.35378290829453,6,0,FIFA World Cup qualification
2025-11-17,Czech Republic,Gibraltar,1781.2000175519588,1120.0440490931437,1,761.1559684588151,6,0,FIFA World Cup qualification
2025-11-17,Bahrain,Somalia,1558.7505169331412,1022.3232461317402,1,636.4272708014009,1,2,Friendly
2025-11-17,Qatar,Zimbabwe,1636.0221749856908,1435.7224638642206,1,300.2997111214702,1,2,Friendly
2025-11-17,Finland,Andorra,1578.937602363175,1150.940584579679,1,527.9970177834962,4,0,Friendly
2025-11-17,Madagascar,Equatorial Guinea,1481.2567845700667,1499.6719030796792,0,-18.415118509612512,2,0,Friendly
2025-11-17,Mozambique,Chad,1520.5097513675835,1239.254234109623,0,281.2555172579605,2,2,Friendly
2025-11-17,Comoros,Namibia,1492.7166249948161,1444.7042465167167,1,148.01237847809944,4,0,Friendly
2025-11-17,Northern Ireland,Luxembourg,1653.081123780273,1458.6647419818894,1,294.41638179838355,1,0,FIFA World Cup qualification
2025-11-18,Spain,Turkey,2241.8729148886478,1914.3749093992571,1,427.4980054893906,2,2,FIFA World Cup qualification
2025-11-18,Belarus,Greece,1540.1779429663977,1816.2500032553776,0,-276.07206028897986,0,0,FIFA World Cup qualification
2025-11-18,Scotland,Denmark,1800.6602534741266,1941.892384419821,1,-41.23213094569428,4,2,FIFA World Cup qualification
2025-11-18,Sweden,Slovenia,1715.9428665425341,1747.1884860445602,1,68.7543804979739,1,1,FIFA World Cup qualification
2025-11-18,United States,Uruguay,1831.7947888637023,1993.7632076327711,1,-61.968418769068876,5,1,Friendly
2025-11-18,South Korea,Ghana,1904.881903949672,1628.382600473781,1,376.4993034758911,1,0,Friendly
2025-11-18,Iraq,United Arab Emirates,1719.0373213304497,1676.58134598496,1,142.4559753454896,2,1,FIFA World Cup qualification
2025-11-18,Mexico,Paraguay,1951.0396725846758,1903.3365544608241,0,47.70311812385171,1,2,Friendly
2025-11-18,Bulgaria,Georgia,1488.763754125433,1728.0185959888515,1,-139.2548418634185,2,1,FIFA World Cup qualification
2025-11-18,Kosovo,Switzerland,1751.0634175830044,1972.5290375801667,1,-121.46561999716232,1,1,FIFA World Cup qualification
2025-11-18,Austria,Bosnia and Herzegovina,1895.1173629158914,1608.59649826648,1,386.52086464941135,1,1,FIFA World Cup qualification
2025-11-18,Panama,El Salvador,1858.6061611535406,1476.5363991639676,1,482.06976198957295,3,0,FIFA World Cup qualification
2025-11-18,Wales,North Macedonia,1750.8837063802778,1673.9098898958089,1,176.9738164844689,7,1,FIFA World Cup qualification
2025-11-18,Belgium,Liechtenstein,1925.958941811699,999.471559805431,1,1026.487382006268,7,0,FIFA World Cup qualification
2025-11-18,Dominican Republic,Martinique,1476.2304151646583,1489.1656676578868,1,87.06474750677148,0,0,CONCACAF Series
2025-11-18,Saint Kitts and Nevis,Belize,1272.2772362053586,1271.3206827835306,1,100.95655342182795,2,6,CONCACAF Series
2025-11-18,Antigua and Barbuda,Guyana,1140.0281634216153,1448.975654496251,1,-208.94749107463576,1,4,CONCACAF Series
2025-11-18,Iran,Uzbekistan,1885.0574772759871,1841.1917165551554,0,43.86576072083176,0,0,Al Ain International Cup
2025-11-18,Guatemala,Suriname,1649.563452613217,1613.2144483622872,1,136.34900425092974,3,1,FIFA World Cup qualification
2025-11-18,Jamaica,Curaçao,1675.3080216516355,1630.3281357741905,1,144.97988587744499,0,0,FIFA World Cup qualification
2025-11-18,Haiti,Nicaragua,1677.234117854603,1502.7255432091795,0,174.50857464542355,2,0,FIFA World Cup qualification
2025-11-18,Costa Rica,Honduras,1773.1908301525755,1689.8394666057732,1,183.3513635468023,0,0,FIFA World Cup qualification
2025-11-18,Faroe Islands,Kazakhstan,1414.5357215971453,1502.9611303527975,0,-88.42540875565214,1,0,Friendly
2025-11-18,Romania,San Marino,1699.0169813302618,904.7072063790209,1,894.3097749512409,7,1,FIFA World Cup qualification
2025-11-18,Ecuador,New Zealand,2012.369171907861,1775.1416602130225,0,237.22751169483854,2,0,Friendly
2025-11-18,Trinidad and Tobago,Bermuda,1572.0521609645384,1292.471967211321,1,379.5801937532174,2,2,FIFA World Cup qualification
2025-11-18,Colombia,Australia,2070.4489552428436,1907.9429445144997,0,162.50601072834388,3,0,Friendly
2025-11-18,Angola,Zambia,1596.0828083907372,1556.9255847766412,1,139.15722361409598,3,2,Friendly
2025-11-18,Morocco,Uganda,1928.3493707567573,1554.9390795689576,1,473.41029118779966,4,0,Friendly
2025-11-18,Oman,Ivory Coast,1612.9062114994952,1713.6716326718129,1,-0.7654211723177013,0,2,Friendly
2025-11-18,Saudi Arabia,Algeria,1712.1057359860902,1813.4385554426415,1,-1.3328194565513058,0,2,Friendly
2025-11-18,Guinea,Niger,1612.232293506174,1524.6027832261368,0,87.62951028003727,1,1,Friendly
2025-11-18,Kenya,Senegal,1462.4224702293607,1912.2865407190109,0,-449.8640704896502,0,8,Friendly
2025-11-18,Benin,Burkina Faso,1566.8838559802975,1669.3308684466563,0,-102.44701246635873,0,3,Friendly
2025-11-18,Japan,Bolivia,1958.6155005330832,1762.2321349000072,1,296.38336563307575,3,0,Kirin Cup
2025-11-18,Mali,Jordan,1720.1331249661346,1729.4742508743172,0,-9.341125908182676,3,2,Friendly
2025-11-18,Kuwait,Gambia,1448.2522242986738,1547.1096771809403,0,-98.85745288226644,2,2,Friendly
2025-11-18,Lesotho,Malawi,1425.8342488467172,1449.8983894201938,0,-24.064140573476607,0,1,Friendly
2025-11-18,Maldives,Philippines,1060.9170310048964,1310.1994565869438,1,-149.28242558204738,0,2,AFC Asian Cup qualification
2025-11-18,Cyprus,Estonia,1376.0616605679827,1397.8005559643025,1,78.26110460368022,2,4,Friendly
2025-11-18,Yemen,Bhutan,1288.880082404706,873.3829756805086,0,415.49710672419735,7,1,AFC Asian Cup qualification
2025-11-18,Timor-Leste,Tajikistan,908.3273325162056,1436.7348503161322,0,-528.4075177999266,0,5,AFC Asian Cup qualification
2025-11-18,Chile,Peru,1798.6029422614683,1785.2222972699665,0,13.380644991501867,2,1,Friendly
2025-11-18,Canada,Venezuela,1894.7451765204662,1811.5100491572198,0,83.23512736324642,2,0,Friendly
2025-11-18,Malaysia,Nepal,1479.154265391358,1105.7387901047239,1,473.4154752866341,1,0,AFC Asian Cup qualification
2025-11-18,Pakistan,Syria,1029.9703371268033,1579.0135136170456,1,-449.04317649024233,0,5,AFC Asian Cup qualification
2025-11-18,Brazil,Tunisia,2060.4825598514058,1758.8654937006424,0,301.6170661507633,1,1,Friendly
2025-11-18,Sri Lanka,Thailand,1017.9812729428494,1527.301066041079,1,-409.3197930982294,0,4,AFC Asian Cup qualification
2025-11-18,Hong Kong,Singapore,1361.1853034835015,1266.3683762766157,1,194.8169272068858,1,2,AFC Asian Cup qualification
2025-11-18,Bangladesh,India,1104.0858151811,1267.5673070903308,1,-63.481491909230726,1,0,AFC Asian Cup qualification
2025-11-18,Brunei,Lebanon,895.4550474299574,1455.7428895821092,1,-460.2878421521518,0,3,AFC Asian Cup qualification
2025-11-18,Turkmenistan,Taiwan,1382.1114334105666,1063.636933873941,1,418.4744995366257,3,1,AFC Asian Cup qualification
2025-11-19,Laos,Vietnam,943.5511372052262,1460.979894585075,1,-417.428757379849,0,2,AFC Asian Cup qualification
2025-11-20,Vanuatu,Solomon Islands,1401.1621910799288,1421.2276228177352,0,-20.06543173780642,2,1,MSG Prime Minister's Cup
2025-11-20,Papua New Guinea,Fiji,1432.0123081264387,1431.6698249986705,1,100.34248312776822,2,0,MSG Prime Minister's Cup
2025-11-23,Papua New Guinea,Vanuatu,1448.1889499768622,1417.0275235411332,1,131.16142643572903,2,2,MSG Prime Minister's Cup
2025-11-25,Syria,South Sudan,1584.6228380734303,1278.9779410425272,0,305.64489703090317,2,0,Arab Cup qualification
2025-11-25,Palestine,Libya,1575.231650757687,1532.9004481126085,0,42.33120264507852,0,0,Arab Cup qualification
2025-11-25,Mauritania,Kuwait,1458.829230091181,1451.0231919023113,0,7.806038188869707,0,2,Arab Cup qualification
2025-11-26,Oman,Somalia,1597.9392573344312,1041.8232501390603,0,556.1160071953709,0,0,Arab Cup qualification
2025-11-26,Bahrain,Djibouti,1539.250512925821,1077.4672397433123,0,461.78327318250876,1,0,Arab Cup qualification
2025-11-26,Sudan,Lebanon,1487.59871291883,1460.3637176572597,0,27.234995261570248,2,1,Arab Cup qualification
2025-11-26,Comoros,Yemen,1503.9294124592454,1296.003135029018,0,207.9262774302274,4,4,Arab Cup qualification
2025-12-01,Tunisia,Syria,1765.8696894627542,1593.4345166279847,0,172.43517283476945,0,1,Arab Cup
2025-12-01,Qatar,Palestine,1619.0373457122678,1572.806857471596,1,146.23048824067178,0,1,Arab Cup
2025-12-02,Egypt,Kuwait,1758.0703790499222,1481.6971060294054,0,276.37327302051676,1,1,Arab Cup
2025-12-02,Saudi Arabia,Oman,1697.163278145305,1579.5039890967364,0,117.65928904856855,2,1,Arab Cup
2025-12-02,Morocco,Comoros,1930.6557873851932,1493.210356785307,0,437.4454305998861,3,1,Arab Cup
2025-12-03,Jordan,United Arab Emirates,1719.2054564216191,1664.3511605603135,0,54.85429586130567,2,1,Arab Cup
2025-12-03,Algeria,Sudan,1828.3810132834267,1506.0341438961177,0,322.34686938730897,0,0,Arab Cup
2025-12-03,Iraq,Bahrain,1731.2675067550963,1541.8698354929436,0,189.3976712621527,2,1,Arab Cup
2025-12-04,Palestine,Tunisia,1593.771995742482,1743.981555991448,0,-150.209560248966,2,2,Arab Cup
2025-12-04,Qatar,Syria,1598.0722074413818,1615.322650099291,1,82.74955734209084,1,1,Arab Cup
2025-12-05,Oman,Morocco,1569.3980724693336,1934.0126235190314,0,-364.61455104969787,0,0,Arab Cup
2025-12-05,Comoros,Saudi Arabia,1489.853520651469,1707.2691947727078,0,-217.4156741212389,1,3,Arab Cup
2025-12-06,Sudan,Iraq,1516.9775638320705,1738.8145828171014,0,-221.8370189850309,0,2,Arab Cup
2025-12-06,Bahrain,Algeria,1534.3227594309385,1817.437593347474,0,-283.1148339165354,1,5,Arab Cup
2025-12-06,United Arab Emirates,Egypt,1651.6999272167236,1748.1479615109288,0,-96.44803429420517,1,1,Arab Cup
2025-12-06,Kuwait,Jordan,1491.6195235683988,1731.856689765209,0,-240.23716619681022,1,3,Arab Cup
2025-12-07,Qatar,Tunisia,1594.56567639062,1737.8724573036077,1,-43.30678091298773,0,3,Arab Cup
2025-12-07,Syria,Palestine,1618.8291811500528,1599.8810944303223,0,18.948086719730554,0,0,Arab Cup
2025-12-08,Morocco,Saudi Arabia,1922.2887659247995,1717.278669310533,0,205.01009661426656,1,0,Arab Cup
2025-12-08,Oman,Comoros,1581.1219300635655,1479.8440461136438,0,101.27788394992172,2,1,Arab Cup
2025-12-09,Egypt,Jordan,1744.0877292677762,1740.881036497565,0,3.206692770211248,0,3,Arab Cup
2025-12-09,United Arab Emirates,Kuwait,1655.7601594598761,1482.5951768360428,0,173.16498262383334,3,1,Arab Cup
2025-12-09,Algeria,Iraq,1826.6550548933428,1748.6273689423786,0,78.02768595096427,2,0,Arab Cup
2025-12-09,Bahrain,Sudan,1525.1052978850696,1507.1647777067933,0,17.9405201782763,3,1,Arab Cup
2025-12-11,Morocco,Syria,1929.339614527335,1618.0119365651317,0,311.3276779622033,1,0,Arab Cup
2025-12-11,Palestine,Saudi Arabia,1600.6983390152434,1710.2278207079974,0,-109.52948169275396,1,2,Arab Cup
2025-12-12,Algeria,United Arab Emirates,1844.1852403959915,1667.8906990208525,0,176.29454137513903,1,1,Arab Cup
2025-12-12,Jordan,Iraq,1767.3733067157636,1731.0971834397299,0,36.276123276033786,1,0,Arab Cup
2025-12-15,Morocco,United Arab Emirates,1933.6239084545493,1674.9096460502738,0,258.7142624042756,3,0,Arab Cup
2025-12-15,Saudi Arabia,Jordan,1720.6497197134595,1780.8128071460444,0,-60.163087432584916,0,1,Arab Cup
2025-12-18,Jordan,Morocco,1793.2410121655191,1943.285481813924,0,-150.04446964840486,2,3,Arab Cup
2025-12-21,Morocco,Comoros,1952.182329555821,1469.0967848354655,1,583.0855447203555,2,0,African Cup of Nations
2025-12-22,Mali,Zambia,1730.4019194188327,1550.7295800255124,0,179.67233939332027,1,1,African Cup of Nations
2025-12-22,South Africa,Angola,1680.548895234355,1602.278813141866,0,78.27008209248902,2,1,African Cup of Nations
2025-12-22,Egypt,Zimbabwe,1717.5954590495776,1452.7072931376435,0,264.88816591193404,2,1,African Cup of Nations
2025-12-23,Nigeria,Tanzania,1745.2774523748917,1425.0624697293736,0,320.21498264551815,2,1,African Cup of Nations
2025-12-23,Tunisia,Uganda,1760.8673160419642,1552.6326629405216,0,208.23465310144252,3,1,African Cup of Nations
2025-12-23,DR Congo,Benin,1731.834893973289,1554.3994870766833,0,177.43540689660563,1,0,African Cup of Nations
2025-12-23,Senegal,Botswana,1915.6024720550224,1436.5507887969986,0,479.0516832580238,3,0,African Cup of Nations
2025-12-24,Cameroon,Gabon,1663.704237162451,1585.259399846065,0,78.44483731638593,1,0,African Cup of Nations
2025-12-24,Ivory Coast,Mozambique,1728.6385868368768,1513.8165060838348,0,214.82208075304197,1,0,African Cup of Nations
2025-12-24,Burkina Faso,Equatorial Guinea,1681.8152373502705,1483.8776021786123,0,197.93763517165826,2,1,African Cup of Nations
2025-12-24,Algeria,Sudan,1837.1662933665702,1485.8255779578253,0,351.3407154087449,3,0,African Cup of Nations
2025-12-26,Zambia,Comoros,1562.61679328618,1466.570587979991,0,96.046205306189,0,0,African Cup of Nations
2025-12-26,Morocco,Mali,1954.7085264112957,1718.5147061581652,1,336.1938202531305,1,1,African Cup of Nations
2025-12-26,Angola,Zimbabwe,1582.8174175402162,1443.7696424269413,0,139.04777511327484,1,1,African Cup of Nations
2025-12-26,Egypt,South Africa,1726.5331097602798,1700.010290836005,0,26.522818924274816,1,0,African Cup of Nations
2025-12-27,Senegal,DR Congo,1920.8224107042772,1745.0726303445276,0,175.7497803597496,1,1,African Cup of Nations
2025-12-27,Uganda,Tanzania,1535.2546044530811,1418.2294291152205,0,117.02517533786067,1,1,African Cup of Nations
2025-12-27,Nigeria,Tunisia,1752.1104929890448,1778.2453745294047,0,-26.134881540359856,3,2,African Cup of Nations
2025-12-27,Benin,Botswana,1541.1617507054445,1431.3308501477438,0,109.83090055770072,1,0,African Cup of Nations
2025-12-28,Ivory Coast,Cameroon,1739.8898713803226,1683.1536766349438,0,56.736194745378725,1,1,African Cup of Nations
2025-12-28,Gabon,Mozambique,1565.809960373572,1502.565221540389,0,63.244738833182964,2,3,African Cup of Nations
2025-12-28,Algeria,Burkina Faso,1847.3917904989783,1693.9365749353447,0,153.4552155636336,1,0,African Cup of Nations
2025-12-28,Equatorial Guinea,Sudan,1471.7562645935382,1475.6000808254173,0,-3.8438162318791456,0,1,African Cup of Nations
2025-12-29,Zimbabwe,South Africa,1453.2728938972907,1676.915062415391,0,-223.64216851810033,2,3,African Cup of Nations
2025-12-29,Morocco,Zambia,1936.0168524790056,1555.8765433577814,1,480.14030912122416,3,0,African Cup of Nations
2025-12-29,Comoros,Mali,1473.3108379083894,1737.2063800904552,0,-263.8955421820658,0,0,African Cup of Nations
2025-12-29,Angola,Egypt,1573.3141660698668,1749.6283381808937,0,-176.3141721110269,0,0,African Cup of Nations
2025-12-30,Benin,Senegal,1558.5119191013916,1909.1548039331437,0,-350.6428848317521,0,3,African Cup of Nations
2025-12-30,Botswana,DR Congo,1413.9806817517967,1756.740237115661,0,-342.75955536386437,0,3,African Cup of Nations
2025-12-30,Uganda,Nigeria,1527.1385939499428,1778.9875099242051,0,-251.84891597426235,1,3,African Cup of Nations
2025-12-30,Tanzania,Tunisia,1426.3454396183588,1751.3683575942443,0,-325.02291797588555,1,1,African Cup of Nations
2025-12-31,Gabon,Ivory Coast,1536.3087435681127,1735.8432801671245,0,-199.53453659901174,2,3,African Cup of Nations
2025-12-31,Mozambique,Cameroon,1532.0664383458484,1687.200267848142,0,-155.13382950229357,1,2,African Cup of Nations
2025-12-31,Equatorial Guinea,Algeria,1447.0328381206712,1862.0158978977329,0,-414.9830597770617,1,3,African Cup of Nations
2025-12-31,Sudan,Burkina Faso,1500.3235072982843,1679.31246753659,0,-178.9889602383057,0,2,African Cup of Nations
2026-01-03,Senegal,Sudan,1919.4166328419417,1480.597190466419,0,438.8194423755226,3,1,African Cup of Nations
2026-01-03,Mali,Tunisia,1721.1860486930775,1733.0397626676688,0,-11.853713974591301,1,1,African Cup of Nations
2026-01-04,Morocco,Tanzania,1941.206115878499,1444.6740345449343,1,596.5320813335647,1,0,African Cup of Nations
2026-01-04,South Africa,Cameroon,1687.7298263907278,1701.7245960655728,0,-13.994769674844974,1,2,African Cup of Nations
2026-01-05,Egypt,Benin,1737.9289899044832,1548.2500901925937,0,189.67889971188947,3,1,African Cup of Nations
2026-01-05,Nigeria,Mozambique,1793.2404105089424,1517.5421101284176,0,275.69830038052487,4,0,African Cup of Nations
2026-01-06,Ivory Coast,Burkina Faso,1747.8804048081831,1699.0387843684553,0,48.841620439727876,3,0,African Cup of Nations
2026-01-06,Algeria,DR Congo,1868.318004834425,1767.420326967785,0,100.89767786663992,1,0,African Cup of Nations
2026-01-09,Mali,Senegal,1722.038661183735,1924.9705470464494,0,-202.93188586271435,0,1,African Cup of Nations
2026-01-09,Morocco,Cameroon,1942.7687256379063,1725.7181357057332,1,317.0505899321731,2,0,African Cup of Nations
2026-01-10,Algeria,Nigeria,1886.25527371666,1809.1591389698212,0,77.09613474683874,0,2,African Cup of Nations
2026-01-10,Egypt,Ivory Coast,1756.773828775274,1785.5203360774572,0,-28.74650730218309,3,2,African Cup of Nations
2026-01-14,Senegal,Egypt,1936.8298447426075,1783.8375990402135,0,152.99224570239403,1,0,African Cup of Nations
2026-01-14,Morocco,Nigeria,1953.1805440007836,1854.8464663927955,1,198.33407760798832,0,0,African Cup of Nations
2026-01-17,Egypt,Nigeria,1769.1859014202155,1867.7460726141367,0,-98.56017119392118,0,0,African Cup of Nations
2026-01-18,Bolivia,Panama,1754.1645820533347,1862.7144091331927,1,-8.549827079858005,1,1,Friendly
2026-01-18,Morocco,Senegal,1940.2809377794424,1951.4815423626055,1,88.79939541683689,3,0,African Cup of Nations
2026-01-18,Grenada,Jamaica,1314.6867950068386,1667.4151960202369,1,-252.7284010133983,0,1,Friendly
2026-01-22,Panama,Mexico,1862.4683749902438,1939.6752296329662,1,22.79314535727758,0,1,Friendly
2026-01-25,Bolivia,Mexico,1754.4106161962836,1950.330329538246,1,-95.91971334196228,0,1,Friendly
2026-01-26,Uzbekistan,China,1843.075554511329,1527.1754874602525,0,315.9000670510766,2,2,Friendly
2026-02-25,Mexico,Iceland,1957.6376059864208,1632.8039351360278,1,424.83367085039276,4,0,Friendly
2026-03-15,Bolivia,Trinidad and Tobago,1747.1033397481087,1556.0962424952588,1,291.0070972528499,3,0,Friendly
2026-03-25,Bermuda,DR Congo,1308.4278856806006,1749.48305808555,0,-441.0551724049494,0,2,Friendly
2026-03-25,Equatorial Guinea,Kyrgyzstan,1440.730731183979,1477.580420753383,0,-36.849689569403836,1,0,Friendly
2026-03-25,Kazakhstan,Namibia,1490.4696075179122,1433.4914590522874,1,156.97814846562483,2,0,FIFA Series
2026-03-25,United States Virgin Islands,American Samoa,964.3951167997992,981.8895324191717,0,-17.49441561937249,5,2,FIFA Series
2026-03-25,Puerto Rico,Guam,1342.8394584488121,969.7966031545618,1,473.04285529425033,4,0,FIFA Series
2026-03-26,Czech Republic,Republic of Ireland,1782.249877824862,1745.9639545836535,1,136.2859232412086,2,2,FIFA World Cup qualification
2026-03-26,Denmark,North Macedonia,1908.3487365716073,1651.3617455626083,1,356.986991008999,4,0,FIFA World Cup qualification
2026-03-26,Aruba,Macau,1197.5891964948567,847.7145424636323,0,349.8746540312244,4,1,FIFA Series
2026-03-26,Tanzania,Liechtenstein,1443.111424785527,999.2278648658731,0,443.883559919654,0,1,FIFA Series
2026-03-26,Cayman Islands,British Virgin Islands,1059.2329500214619,987.6927923597523,1,171.5401576617096,1,1,CONCACAF Series
2026-03-26,Dominican Republic,El Salvador,1472.5482822406575,1472.4281511843155,1,100.12013105634196,2,2,CONCACAF Series
2026-03-26,Saint Martin,Barbados,1241.7063119265913,1151.0024142846773,0,90.70389764191395,3,1,CONCACAF Series
2026-03-26,Bonaire,Saint Vincent and the Grenadines,1148.0958860619942,1364.502762275287,1,-116.40687621329289,3,1,CONCACAF Series
2026-03-26,Turkey,Romania,1931.229036877426,1699.5080342002257,1,331.72100267720043,1,0,FIFA World Cup qualification
2026-03-26,Martinique,Cuba,1492.8478005818877,1395.2083048524034,0,97.63949572948422,2,2,CONCACAF Series
2026-03-26,Slovakia,Kosovo,1753.765364534943,1757.7839419464947,1,95.98142258844837,3,4,FIFA World Cup qualification
2026-03-26,Bahamas,Anguilla,993.3902099254138,895.3407629956499,0,98.04944692976392,1,3,CONCACAF Series
2026-03-26,Poland,Albania,1801.431990232176,1722.4754782305874,1,178.95651200158864,2,1,FIFA World Cup qualification
2026-03-26,Ukraine,Sweden,1868.9792314065146,1712.0359134727255,0,156.9433179337891,1,3,FIFA World Cup qualification
2026-03-26,Brazil,France,2053.4783640892942,2118.4015342474695,0,-64.92317015817525,1,2,Friendly
2026-03-26,Colombia,Croatia,2080.312597652005,1982.0979650466586,0,98.21463260534642,1,2,Friendly
2026-03-26,Georgia,Israel,1700.4057997891953,1672.926359287847,1,127.47944050134834,2,2,Friendly
2026-03-26,Moldova,Lithuania,1331.5710925458557,1351.5576865921937,1,80.01340595366196,0,2,Friendly
2026-03-26,Cyprus,Belarus,1357.7388664968394,1553.398075425767,1,-95.65920892892768,0,1,Friendly
2026-03-26,New Caledonia,Jamaica,1606.4799035759534,1671.200408473185,0,-64.72050489723165,0,1,FIFA World Cup qualification
2026-03-26,Bolivia,Suriname,1752.6240962355605,1594.4184058154533,0,158.2056904201072,2,1,FIFA World Cup qualification
2026-03-26,Italy,Northern Ireland,1909.8679781697235,1659.2869653146347,1,350.58101285508883,2,0,FIFA World Cup qualification
2026-03-26,Wales,Bosnia and Herzegovina,1773.4318507134783,1624.6953599736646,1,248.7364907398137,1,1,FIFA World Cup qualification
2026-03-26,Vietnam,Bangladesh,1465.9569443092262,1127.6999738027637,1,438.2569705064625,3,0,Friendly
2026-03-27,Indonesia,Saint Kitts and Nevis,1489.1488629387345,1236.202278297315,1,352.9465846414196,4,0,FIFA Series
2026-03-27,Iran,Nigeria,1883.1736393198134,1860.838406953246,0,22.335232366567425,1,2,Friendly
2026-03-27,China,Curaçao,1534.3831289217885,1638.2209614055892,0,-103.83783248380064,2,0,FIFA Series
2026-03-27,Azerbaijan,Saint Lucia,1410.601862503916,1233.5947433461254,1,277.0071191577906,6,1,FIFA Series
2026-03-27,Solomon Islands,Bulgaria,1405.3622903565308,1516.3765503250893,0,-111.01425996855846,2,10,FIFA Series
2026-03-27,Chile,Cape Verde,1808.2180066362089,1675.7027328059999,0,132.51527383020903,4,2,FIFA Series
2026-03-27,Uzbekistan,Gabon,1835.867913049793,1524.271618927054,1,411.596294122739,3,1,FIFA Series
2026-03-27,Kenya,Estonia,1459.1065388933491,1416.1233500354458,0,42.983188857903315,1,1,FIFA Series
2026-03-27,Rwanda,Grenada,1418.820009334343,1310.9015825538904,1,207.9184267804526,4,0,FIFA Series
2026-03-27,Venezuela,Trinidad and Tobago,1800.0363918424807,1550.575486007807,0,249.46090583467367,4,1,FIFA Series
2026-03-27,Costa Rica,Jordan,1763.5179866297883,1784.344164423622,0,-20.826177793833722,2,2,Friendly
2026-03-27,Guyana,Dominica,1461.1019870409411,1174.4187642280008,0,286.68322281294036,2,0,CONCACAF Series
2026-03-27,Belize,Sint Maarten,1307.3956406915743,1276.6486531981475,0,30.746987493426786,2,3,CONCACAF Series
2026-03-27,New Zealand,Finland,1769.041668194697,1580.650509714284,1,288.39115848041297,0,2,FIFA Series
2026-03-27,Switzerland,Germany,1965.8085132166764,1983.2442914687297,1,82.56422174794648,3,4,Friendly
2026-03-27,Australia,Cameroon,1898.0793021053385,1715.306317342856,1,282.77298476248257,1,0,FIFA Series
2026-03-27,Spain,Serbia,2225.018787410479,1818.8081556306536,1,506.21063177982546,3,0,Friendly
2026-03-27,Russia,Nicaragua,1846.1973660148874,1486.6427013189682,1,459.5546646959192,3,1,Friendly
2026-03-27,Algeria,Guatemala,1840.5679462936857,1668.3594951600508,0,172.20845113363498,7,0,Friendly
2026-03-27,Argentina,Mauritania,2184.7991276401017,1428.1553159640869,1,856.6438116760148,2,1,Friendly
2026-03-27,Austria,Ghana,1879.0185012087068,1626.3280955544906,1,352.6904056542162,5,1,Friendly
2026-03-27,Greece,Paraguay,1803.0298707960083,1914.7009974125338,1,-11.671126616525498,0,1,Friendly
2026-03-27,Guinea,Togo,1609.7622686590198,1457.3460825686013,0,152.41618609041848,2,2,"Morocco, Capital of African Football"
2026-03-27,England,Uruguay,2101.5138993361215,1971.7039849114708,1,229.80991442465074,1,1,Friendly
2026-03-27,Libya,Niger,1535.3252413986995,1527.072808073291,0,8.252433325408447,0,0,"Morocco, Capital of African Football"
2026-03-27,Montenegro,Andorra,1500.793861445149,1149.22767722857,1,451.56618421657913,2,0,Friendly
2026-03-27,Morocco,Ecuador,1973.0863672649205,2018.4691639261866,0,-45.382796661266184,1,1,Friendly
2026-03-27,Netherlands,Norway,2020.9223305840776,1959.300196840485,1,161.62213374359294,2,1,Friendly
2026-03-27,Saudi Arabia,Egypt,1708.2215146939848,1776.0935670811061,1,32.12794761287864,0,4,Friendly
2026-03-27,South Africa,Panama,1663.7362867505674,1851.813275084964,1,-88.07698833439667,1,1,Friendly
2026-03-27,Liberia,Benin,1436.2516428688348,1529.4052513218028,0,-93.153608452968,0,1,"Morocco, Capital of African Football"
2026-03-28,United States,Belgium,1853.8540115850026,1926.202636751257,1,27.65137483374565,2,5,Friendly
2026-03-28,Puerto Rico,United States Virgin Islands,1346.305957261852,991.9657664675532,1,454.3401907942988,2,0,FIFA Series
2026-03-28,American Samoa,Guam,954.3188827514177,966.330104341522,0,-12.011221590104242,0,6,FIFA Series
2026-03-28,Namibia,Comoros,1420.517811244198,1489.3311693057672,0,-68.81335806156926,0,0,FIFA Series
2026-03-28,Botswana,Zimbabwe,1403.3005918996728,1442.458129921954,1,60.84246197771881,0,3,Mukuru 4 Nations
2026-03-28,Kyrgyzstan,Madagascar,1466.5237606318694,1497.0510854711335,0,-30.52732483926411,2,5,Friendly
2026-03-28,Senegal,Peru,1918.6761128771275,1775.607232895226,0,143.06887998190155,2,0,Friendly
2026-03-28,Haiti,Tunisia,1693.3169597448143,1732.1871501770113,0,-38.87019043219698,0,1,Friendly
2026-03-28,San Marino,Faroe Islands,904.2161535090571,1427.0272444320306,1,-422.81109092297345,1,2,Friendly
2026-03-28,Mexico,Portugal,1960.6288074330248,2011.5911530154754,1,49.037654417549675,0,0,Friendly
2026-03-28,Ivory Coast,South Korea,1758.4565658125177,1906.9364088689624,0,-148.47984305644468,4,0,Friendly
2026-03-28,Hungary,Slovenia,1760.0047260849044,1751.095439114369,1,108.9092869705355,1,0,Friendly
2026-03-28,Canada,Iceland,1906.2188338352053,1629.8127336894238,1,376.40610014578147,2,2,Friendly
2026-03-28,Burkina Faso,Guinea-Bissau,1661.3988530991812,1355.9945484599955,1,405.40430463918574,5,0,Friendly
2026-03-28,Scotland,Japan,1834.2039013223402,1966.6830533797556,1,-32.47915205741538,0,1,Friendly
2026-03-29,Cayman Islands,Bahamas,1052.375345190047,964.7038727376118,1,187.67147245243518,1,0,CONCACAF Series
2026-03-29,British Virgin Islands,Anguilla,994.550397191167,924.0271001834519,0,70.52329700771509,4,0,CONCACAF Series
2026-03-29,Bonaire,Saint Martin,1177.864453663088,1258.4622176550895,1,19.402236007998454,0,3,CONCACAF Series
2026-03-29,Barbados,Saint Vincent and the Grenadines,1134.2465085561792,1334.7341946741933,0,-200.48768611801415,2,3,CONCACAF Series
2026-03-29,Dominican Republic,Cuba,1468.3415532323081,1399.3161633112898,1,169.02538992101836,1,1,CONCACAF Series
2026-03-29,Macau,Tanzania,841.5333692299312,1415.2737640658459,0,-573.7403948359147,0,6,FIFA Series
2026-03-29,Aruba,Liechtenstein,1203.7703697285579,1027.0655255855545,0,176.70484414300336,4,1,FIFA Series
2026-03-29,Lithuania,Georgia,1369.9523403400617,1696.892893419789,1,-226.94055307972735,0,2,Friendly
2026-03-29,Colombia,France,2067.5587200246123,2126.554345435815,0,-58.99562541120258,1,3,Friendly
2026-03-29,Armenia,Belarus,1459.9829881007047,1560.712307540528,1,-0.7293194398232572,1,2,Friendly
2026-03-29,Martinique,El Salvador,1488.7399421230014,1476.634880192665,0,12.105061930336433,0,1,CONCACAF Series
2026-03-30,Dominica,Sint Maarten,1167.170572094344,1292.9726527656107,0,-125.80208067126682,0,0,CONCACAF Series
2026-03-30,Guyana,Belize,1468.350179174598,1291.071641124111,0,177.278538050487,3,1,CONCACAF Series
2026-03-30,Uzbekistan,Venezuela,1839.7172514055621,1810.124981352497,1,129.59227005306525,0,0,FIFA Series
2026-03-30,Gabon,Trinidad and Tobago,1520.422280571285,1540.486896497791,0,-20.064615926505894,2,2,FIFA Series
2026-03-30,Grenada,Kenya,1297.8498016256863,1457.2602155189136,0,-159.41041389322731,0,3,FIFA Series
2026-03-30,New Zealand,Chile,1731.2302757474006,1822.5295588170911,1,8.700716930309454,4,1,FIFA Series
2026-03-30,Rwanda,Estonia,1431.8717902625472,1417.9696734098814,1,113.90211685266581,2,0,FIFA Series
2026-03-30,Indonesia,Bulgaria,1495.6689213640088,1540.9906782138264,1,54.678243150182425,0,1,FIFA Series
2026-03-30,Saint Kitts and Nevis,Solomon Islands,1229.6822198720406,1380.7481624677937,0,-151.06594259575309,4,2,FIFA Series
2026-03-30,Azerbaijan,Sierra Leone,1420.726282661708,1476.190972285741,1,44.5353103759669,1,1,FIFA Series
2026-03-30,Germany,Ghana,1995.5769353328915,1621.9757197056058,1,473.6012156272857,2,1,Friendly
2026-03-30,Cyprus,Moldova,1350.4246343820785,1313.1764387979877,1,137.2481955840908,3,2,Friendly
2026-03-30,Cape Verde,Finland,1661.3911806251176,1618.4619021615804,0,42.92927846353723,1,1,FIFA Series
2026-03-31,Spain,Egypt,2226.8201206522563,1796.5724856365266,1,530.2476350157297,0,0,Friendly
2026-03-31,Russia,Mali,1848.1855415886312,1710.179363487577,1,238.00617810105427,0,0,Friendly
2026-03-31,Republic of Ireland,North Macedonia,1753.4301345769209,1642.8455020242372,1,210.58463255268362,0,0,Friendly
2026-03-31,San Marino,Andorra,902.6036697742041,1147.1524120583078,1,-144.5487422841037,0,0,Friendly
2026-03-31,Senegal,Gambia,1927.8262997966717,1544.3387095773028,1,483.48759021936894,3,1,Friendly
2026-03-31,Serbia,Saudi Arabia,1817.0068223888763,1687.7425961385643,1,229.26422625031205,2,1,Friendly
2026-03-31,Slovakia,Romania,1728.3766228856778,1694.346730772025,1,134.02989211365275,2,0,Friendly
2026-03-31,South Africa,Panama,1666.2184014202703,1849.3311604152611,1,-83.11275899499083,1,2,Friendly
2026-03-31,Ukraine,Albania,1826.2798969663843,1711.9533275890276,0,114.32656937735669,1,0,Friendly
2026-03-31,Australia,Curaçao,1903.0033755999038,1609.1897169243537,1,393.8136586755502,5,1,FIFA Series
2026-03-31,Wales,Northern Ireland,1761.1443222635207,1652.2480700451442,1,208.8962522183765,1,1,Friendly
2026-03-31,Iraq,Bolivia,1717.657683009449,1764.0983186826895,0,-46.44063567324042,2,1,FIFA World Cup qualification
2026-03-31,Bosnia and Herzegovina,Italy,1636.9828884236222,1916.906873439214,1,-179.92398501559182,1,1,FIFA World Cup qualification
2026-03-31,Sweden,Poland,1754.7352479128558,1811.954140873736,1,42.78110703911989,3,2,FIFA World Cup qualification
2026-03-31,Kosovo,Turkey,1783.17268359576,1936.3903403056268,1,-53.21765670986679,0,1,FIFA World Cup qualification
2026-03-31,Czech Republic,Denmark,1774.7836978315947,1916.8649801099784,1,-42.081282278383696,2,2,FIFA World Cup qualification
2026-03-31,Cameroon,China,1710.3822438482905,1563.414373403024,0,146.9678704452665,2,0,FIFA Series
2026-03-31,Peru,Honduras,1766.4570459756817,1699.5123101285603,0,66.94473584712136,2,2,Friendly
2026-03-31,Kazakhstan,Comoros,1503.4432553260017,1486.3985054858545,1,117.04474984014723,1,0,FIFA Series
2026-03-31,United States,Portugal,1834.9641713571648,2012.99327197809,1,-78.02910062092519,0,2,Friendly
2026-03-31,Norway,Switzerland,1953.6432109897396,1953.4758693525146,1,100.16734163722504,0,0,Friendly
2026-03-31,DR Congo,Jamaica,1751.6782943951566,1687.5173003448062,0,64.16099405035038,1,0,FIFA World Cup qualification
2026-03-31,Netherlands,Ecuador,2026.5793164348229,2017.1703206710397,1,109.4089957637832,1,1,Friendly
2026-03-31,Niger,Togo,1527.429027272248,1463.5344406735126,0,63.894586598735486,0,1,"Morocco, Capital of African Football"
2026-03-31,Algeria,Uruguay,1852.7473359527703,1977.49723475353,0,-124.74989880075964,0,0,Friendly
2026-03-31,Argentina,Zambia,2184.9424444647366,1550.687279958288,1,734.2551645064486,5,0,Friendly
2026-03-31,Austria,South Korea,1883.3708770575915,1880.6280567621675,1,102.74282029542405,1,0,Friendly
2026-03-31,Brazil,Croatia,2045.3255529009487,1994.8518426740513,0,50.47371022689731,3,1,Friendly
2026-03-31,Burkina Faso,Guinea-Bissau,1664.9336752992917,1352.459726259885,1,412.47394903940676,1,1,Friendly
2026-03-31,Canada,Tunisia,1898.2743280187776,1741.073020643491,1,257.20130737528666,0,0,Friendly
2026-03-31,Costa Rica,Iran,1764.116695307715,1872.5316637735637,0,-108.41496846584869,0,5,Friendly
2026-03-31,England,Japan,2095.7206494940624,1975.7509418918662,1,219.9697076021962,0,1,Friendly
2026-03-31,Benin,Guinea,1540.4771649292009,1603.5739105541086,0,-63.096745624907726,1,0,"Morocco, Capital of African Football"
2026-03-31,Haiti,Iceland,1684.4310892783346,1637.7572395058514,0,46.67384977248321,1,1,Friendly
2026-03-31,Morocco,Paraguay,1974.3852105200674,1924.3652016839676,0,50.020008836099805,2,1,Friendly
2026-03-31,Hungary,Greece,1766.9688553936326,1793.3656665245744,1,73.60318886905816,0,0,Friendly
2026-03-31,Ivory Coast,Scotland,1784.7649179193127,1825.1360128102297,0,-40.37109489091699,1,0,Friendly
2026-03-31,Jordan,Nigeria,1783.7454557456954,1871.4803824994958,0,-87.73492675380044,2,2,Friendly
2026-03-31,Liberia,Libya,1425.1797292614367,1534.9690221997425,0,-109.78929293830583,2,2,"Morocco, Capital of African Football"
2026-03-31,Equatorial Guinea,Madagascar,1451.7873913054925,1513.0173979181031,0,-61.23000661261062,1,1,Friendly
2026-03-31,Botswana,Malawi,1372.500147148887,1459.2068732161374,1,13.293273932749571,1,0,Mukuru 4 Nations
2026-03-31,Mexico,Belgium,1959.2266884704102,1945.0924769790947,0,14.134211491315455,1,1,Friendly
2026-03-31,Montenegro,Slovenia,1502.8691266154112,1744.1313098056407,1,-141.2621831902295,2,3,Friendly
2026-05-16,Republic of Ireland,Grenada,1748.016295090081,1282.8642550321822,0,465.15204005789883,5,0,Friendly
2026-05-22,Mexico,Ghana,1958.8200974381034,1620.746899004664,1,438.0731984334393,2,0,Friendly
2026-05-26,Morocco,Burundi,1982.955384040392,1387.6257778379409,1,695.329606202451,5,0,Friendly
2026-05-26,Nigeria,Zimbabwe,1869.0075088488782,1473.2585746727398,0,395.7489341761384,2,0,Unity Cup
2026-05-27,India,Jamaica,1243.9531484686672,1671.1692835140782,0,-427.21613504541097,0,2,Unity Cup
2026-05-28,Republic of Ireland,Qatar,1750.588547550096,1571.5708176522635,1,279.0177298978326,1,0,Friendly
2026-05-28,Egypt,Russia,1805.6701637699305,1842.2377003938866,1,63.43246337604387,1,0,Friendly
2026-05-29,Andorra,Iraq,1143.2164810329682,1740.315212498007,0,-597.0987314650388,0,1,Friendly
2026-05-29,Bosnia and Herzegovina,North Macedonia,1646.5038659525212,1648.259341511077,1,98.24452444144413,0,0,Friendly
2026-05-29,Iran,Gambia,1886.4857662146974,1542.5915099616127,0,343.8942562530847,3,1,Friendly
2026-05-29,South Africa,Nicaragua,1658.5659688767535,1484.6545257452244,1,273.91144313152904,0,0,Friendly
2026-05-30,Nigeria,Jamaica,1873.190341824409,1674.7136845644782,0,198.4766572599308,3,0,Unity Cup
2026-05-30,Zimbabwe,India,1469.075741697209,1240.4087474182672,0,228.66699427894173,1,0,Unity Cup
2026-05-30,Scotland,Curaçao,1813.97924079161,1603.9081020838407,1,310.07113870776925,4,1,Friendly
2026-05-30,Ecuador,Saudi Arabia,2020.21924283967,1683.5254015816029,0,336.6938412580671,2,1,Friendly
2026-05-30,South Korea,Trinidad and Tobago,1873.501944424221,1539.6215991407796,0,333.88034528344133,5,0,Friendly
2026-05-30,Mexico,Australia,1961.050515843291,1908.2849904404168,0,52.76552540287412,1,0,Friendly
2026-05-31,Brazil,Panama,2058.1616293656575,1856.983592958778,1,301.1780364068795,6,2,Friendly
2026-05-31,Cape Verde,Serbia,1659.5471495300026,1821.2240169458378,0,-161.6768674158352,3,0,Friendly
2026-05-31,Czech Republic,Kosovo,1777.194314780068,1766.212402758028,1,110.98191202203998,2,1,Friendly
2026-05-31,Germany,Finland,1996.8057560338332,1620.3059332566954,1,476.4998227771375,4,0,Friendly
2026-05-31,Poland,Ukraine,1794.4044480340806,1833.1031531657472,1,61.30129486833334,0,2,Friendly
2026-05-31,Singapore,Mongolia,1296.5387266868172,986.5471580373136,1,409.9915686495036,4,0,Friendly
2026-05-31,Switzerland,Jordan,1956.2816072662265,1786.218329396313,1,270.06327786991324,4,1,Friendly
2026-05-31,United States,Senegal,1823.2774391184232,1929.5734994123618,1,-6.296060293938581,3,2,Friendly
2026-05-31,Japan,Iceland,1991.3529357336197,1639.092597586497,1,452.26033814712264,1,0,Friendly
2026-06-01,Maldives,Pakistan,1043.068379527627,1024.3610126704186,1,118.7073668572084,0,3,Diamond Jubilee International Football Tournament
2026-06-01,Maldives,Afghanistan,1008.1830470231903,1223.9338091126936,1,-115.75076208950327,0,1,Diamond Jubilee International Football Tournament
2026-06-01,Turkey,North Macedonia,1953.3506211433587,1651.0140142277774,1,402.33660691558134,4,0,Friendly
2026-06-01,Slovakia,Malta,1737.8610173710551,1337.6075160417818,1,500.2535013292734,2,1,Friendly
2026-06-01,Colombia,Costa Rica,2055.081565265834,1750.1625928665812,1,404.91897239925265,3,1,Friendly
2026-06-01,Canada,Uzbekistan,1891.9811555939118,1834.3681018940574,1,157.6130536998544,2,0,Friendly
2026-06-01,Bulgaria,Montenegro,1558.332029837804,1496.724820722067,1,161.60720911573685,0,1,Friendly
2026-06-01,Austria,Tunisia,1890.496989395538,1747.3661930683568,1,243.13079632718132,1,0,Friendly
2026-06-01,Norway,Sweden,1950.8374730760277,1772.2849407525111,1,278.55253232351674,3,1,Friendly
2026-06-02,Croatia,Belgium,1982.0157662093425,1945.4990680114015,1,136.51669819794097,0,2,Friendly
2026-06-02,Georgia,Romania,1703.2857163433587,1684.8623362866476,1,118.42338005671104,1,1,Friendly
2026-06-02,Haiti,New Zealand,1683.095731197689,1756.8230428781299,0,-73.72731168044083,4,0,Friendly
2026-06-02,Morocco,Madagascar,1983.6729703580875,1511.2730780149825,1,572.3998923431052,4,0,Friendly
2026-06-02,Wales,Ghana,1755.7649254398923,1618.5164805994766,1,237.2484448404157,1,1,Friendly
2026-06-03,Philippines,Guam,1328.0481080642132,997.1035901279064,1,430.94451793630685,5,1,Friendly
2026-06-03,Panama,Dominican Republic,1851.3543797949173,1461.5701110314842,1,489.78426876343315,4,2,Friendly
2026-06-03,Poland,Nigeria,1776.7849841704028,1885.8878526052445,1,-9.102868434841639,2,2,Friendly
2026-06-03,Netherlands,Algeria,2023.5303942661926,1856.1911856502102,1,267.33920861598244,0,1,Friendly
2026-06-03,DR Congo,Denmark,1768.0263112258847,1914.4543631615052,0,-146.4280519356205,0,0,Friendly
2026-06-03,South Korea,El Salvador,1878.6076273416904,1492.157286359666,0,386.4503409820245,1,0,Friendly
2026-06-03,Albania,Israel,1705.1300713896646,1676.4392656572531,1,128.6908057324115,0,1,Friendly
2026-06-03,Luxembourg,Italy,1452.4589004475276,1907.385895910315,1,-354.9269954627873,0,1,Friendly
2026-06-03,Gibraltar,British Virgin Islands,1118.9941888202404,1017.0436526192838,1,201.95053620095666,4,0,Friendly
2026-06-04,Sweden,Greece,1767.2600553774514,1795.4530036470335,1,71.80705173041792,2,2,Friendly
2026-06-04,Slovenia,Cyprus,1750.275615698985,1356.667732404791,1,493.6078832941939,1,1,Friendly
2026-06-04,Northern Ireland,Guinea,1657.6274668687727,1585.8793631971482,0,71.74810367162445,1,0,Friendly
2026-06-04,Mexico,Serbia,1969.543371549268,1796.1215054516654,1,273.4218660976028,5,1,Friendly
2026-06-04,Lesotho,Kenya,1416.5257650507735,1472.2457621124177,0,-55.71999706164411,1,1,Friendly
2026-06-04,Spain,Iraq,2217.7224425188524,1740.9382843058752,1,576.7841582129772,1,1,Friendly
2026-06-04,Guatemala,Czech Republic,1656.1801055009662,1784.1043857922514,0,-127.92428029128519,1,5,Friendly
2026-06-04,France,Ivory Coast,2139.0315001945933,1795.9216899379323,1,443.1098102566609,1,2,Friendly
2026-06-04,Cambodia,Bhutan,1048.5382904494759,866.2599230561964,1,282.2783673932795,4,0,Friendly
2026-06-04,Andorra,Liechtenstein,1142.5934092251,1013.1228816715051,1,229.47052755359493,2,0,Friendly
2026-06-04,Iran,Mali,1890.1265644629618,1716.1272046823215,0,173.99935978064036,2,0,Friendly
2026-06-05,San Marino,Bangladesh,906.5396007995438,1125.1003659493488,1,-118.56076514980498,1,2,Friendly
2026-06-05,Puerto Rico,Saudi Arabia,1349.372902518324,1681.0084110104706,0,-331.6355084921465,0,3,Friendly
2026-06-05,Central African Republic,Togo,1366.180151544039,1481.2623082574996,0,-115.08215671346056,1,1,Friendly
2026-06-05,Benin,Niger,1558.1717122861612,1509.701159688261,0,48.47055259790022,1,1,Friendly
2026-06-05,Russia,Burkina Faso,1834.0434145970528,1656.6366048709713,1,277.4068097260815,3,0,Friendly
2026-06-05,Thailand,Kuwait,1533.793930353708,1470.4646372750665,1,163.3292930786415,2,2,Friendly
2026-06-05,Tajikistan,India,1440.3808209484102,1234.0657765248368,1,306.31504442357345,3,1,Friendly
2026-06-05,Slovakia,Montenegro,1738.924351522489,1511.06748632313,1,327.85686519935894,2,2,Friendly
2026-06-05,Singapore,China,1299.7737098721261,1549.9022479160426,1,-150.12853804391648,1,2,Friendly
2026-06-05,Paraguay,Nicaragua,1915.795028163643,1491.2294319328985,1,524.5655962307446,4,0,Friendly
2026-06-05,Indonesia,Oman,1478.3275697400313,1591.8691913417438,1,-13.54162160171245,3,0,Friendly
2026-06-05,Hungary,Finland,1764.8815182711735,1618.0377139782172,1,246.8438042929563,2,1,Friendly
2026-06-05,Hong Kong,Mongolia,1331.0149530733,983.3121748520048,1,447.70277822129515,2,0,Friendly
2026-06-05,Haiti,Peru,1705.7658944872428,1764.5537181433365,0,-58.78782365609368,1,2,Friendly
2026-06-05,Georgia,Bahrain,1700.0033570695457,1546.4444976340376,1,253.5588594355081,2,0,Friendly
2026-06-05,Canada,Republic of Ireland,1900.6077742499863,1753.9310096103773,1,246.67676463960902,1,1,Friendly
2026-06-05,Belarus,Syria,1570.6913160704833,1613.7276426379174,1,56.963673432565884,4,1,Friendly
2026-06-05,Azerbaijan,Malta,1418.814000779072,1336.544181890348,0,82.2698188887241,0,2,Friendly
2026-06-05,Angola,Mauritania,1585.0135143462774,1428.011999139452,0,157.0015152068254,1,1,Friendly
2026-06-05,Moldova,Bulgaria,1306.9333407752752,1543.989364236741,1,-137.05602346146588,2,2,Friendly
2026-06-06,Jamaica,South Africa,1662.0161737836427,1651.9910626890794,0,10.025111094563272,0,1,Friendly
2026-06-06,Kyrgyzstan,Palestine,1450.5574481848998,1590.2764400097813,1,-39.718991824881414,0,0,Friendly
2026-06-06,Panama,Bosnia and Herzegovina,1853.042883988276,1643.749193235821,0,209.29369075245495,1,1,Friendly
2026-06-06,Portugal,Chile,2024.6800042168315,1796.9367916863619,1,327.7432125304697,2,1,Friendly
2026-06-06,Qatar,El Salvador,1568.2283555919823,1490.206002459559,0,78.0223531324234,0,0,Friendly
2026-06-06,Romania,Wales,1688.1446955604606,1749.8311964037305,1,38.31349915673013,2,1,Friendly
2026-06-06,Myanmar,Guam,1125.678638057484,994.2077965589191,0,131.47084149856494,6,1,Tri-Nations Cup
2026-06-06,British Virgin Islands,Bonaire,1008.110794263295,1150.15006734694,0,-142.03927308364496,2,0,Friendly
2026-06-06,Gibraltar,Cayman Islands,1127.927047176229,1059.9786873416047,1,167.9483598346244,4,1,Friendly
2026-06-06,Venezuela,Turkey,1815.4741308640016,1956.7182550802968,0,-141.24412421629518,1,2,Friendly
2026-06-06,Lithuania,Latvia,1363.559517416492,1354.612002912326,1,108.94751450416607,1,1,Baltic Cup
2026-06-06,United States,Germany,1833.4586344668633,1999.0739753123114,1,-65.61534084544815,1,2,Friendly
2026-06-06,Estonia,Faroe Islands,1402.592623715608,1428.6397281668835,1,73.95289554872443,1,0,Baltic Cup
2026-06-06,Gibraltar,Cayman Islands,1137.5702853251742,1050.3354491926596,1,187.2348361325146,4,1,Friendly
2026-06-06,Sierra Leone,Liberia,1478.103254168377,1429.7680000140688,1,148.33525415430813,1,0,Friendly
2026-06-06,Albania,Luxembourg,1691.5866392675882,1450.1639203171464,1,341.4227189504418,0,1,Friendly
2026-06-06,Argentina,Honduras,2185.518052819855,1701.4156379609055,0,484.10241485894926,2,0,Friendly
2026-06-06,Armenia,Kazakhstan,1450.0039795707494,1513.5728930049397,1,36.431086565809665,1,1,Friendly
2026-06-06,Australia,Switzerland,1899.7921347344397,1962.386361653979,0,-62.594226919539324,1,1,Friendly
2026-06-06,Belgium,Tunisia,1966.1072757458053,1743.4085166644245,1,322.69875908138056,5,0,Friendly
2026-06-06,Vanuatu,Fiji,1422.435708201696,1415.493183148247,1,106.94252505344889,2,1,Friendly
2026-06-06,Bolivia,Scotland,1741.4407891941316,1819.008654805832,0,-77.56786561170043,0,4,Friendly
2026-06-06,Brazil,Egypt,2063.790842529518,1813.8644495667643,0,249.92639296275388,2,1,Friendly
2026-06-06,Curaçao,Aruba,1598.8786880696186,1217.7130136426074,1,481.16567442701125,4,0,Friendly
2026-06-06,England,New Zealand,2080.118655652309,1734.152879588576,0,345.96577606373285,1,0,Friendly
2026-06-06,Bermuda,Cape Verde,1306.232649370994,1684.649661024175,0,-378.4170116531809,3,0,Friendly
2026-06-06,Ethiopia,Malawi,1384.6304848308296,1444.7805100951612,1,39.84997473566841,1,0,Friendly
2026-06-07,Denmark,Ukraine,1910.4728183293764,1850.722617029425,1,159.7502012999514,2,1,Friendly
2026-06-07,Afghanistan,Pakistan,1234.1134833920696,1059.2463451748554,0,174.86713821721423,0,2,Diamond Jubilee International Football Tournament
2026-06-07,Croatia,Slovenia,1961.4075584749387,1741.378130205301,1,320.02942826963795,2,1,Friendly
2026-06-07,Ecuador,Guatemala,2022.7362334108022,1644.0378395314222,0,378.6983938793801,3,0,Friendly
2026-06-07,Greece,Italy,1797.4908432408931,1909.6808760406961,1,-12.19003279980302,0,1,Friendly
2026-06-07,Jordan,Colombia,1780.1135750085605,2057.739441834539,0,-277.6258668259784,0,2,Friendly
2026-06-07,Kosovo,Andorra,1759.3023317458446,1148.9132748425575,1,710.3890569032872,3,0,Friendly
2026-06-07,Liechtenstein,Cyprus,1006.8030160540476,1365.5652178984749,1,-258.7622018444274,0,2,Friendly
2026-06-07,Morocco,Norway,1985.0133390133697,1955.8623584510874,0,29.150980562282257,1,1,Friendly
2026-06-08,Mauritania,Niger,1432.2464854176694,1511.08727338987,0,-78.84078797220059,1,0,Friendly
2026-06-08,Peru,Spain,1772.8776337255727,2208.4201114212915,0,-435.54247769571884,1,3,Friendly
2026-06-08,France,Northern Ireland,2120.4790290788224,1665.5912535338502,1,554.8877755449721,3,1,Friendly
2026-06-08,Netherlands,Uzbekistan,2007.0642170309886,1825.741483237983,0,181.32273379300568,2,1,Friendly
2026-06-09,Liberia,Sierra Leone,1423.7956352078722,1484.0756189745734,1,39.72001623329879,3,1,Friendly
2026-06-09,Togo,Benin,1478.0660251329064,1556.7855985845522,1,21.28042654835417,5,1,Friendly
2026-06-09,Russia,Trinidad and Tobago,1839.9380395204105,1534.5159162233101,1,405.42212329710037,3,0,Friendly
2026-06-09,Estonia,Lithuania,1414.4471808375056,1359.0042131250461,1,155.44296771245945,1,0,Baltic Cup
2026-06-09,Latvia,Faroe Islands,1359.167307203772,1416.7851710449859,1,42.382136158786125,0,1,Baltic Cup
2026-06-09,Philippines,Myanmar,1330.9439016332005,1144.839032192399,1,286.1048694408016,5,1,Tri-Nations Cup
2026-06-09,Tajikistan,India,1444.772179759451,1229.674417713796,1,315.09776204565514,1,1,Friendly
2026-06-09,Saudi Arabia,Senegal,1685.526487668673,1919.3923040639218,0,-233.86581639524866,0,0,Friendly
2026-06-09,Kyrgyzstan,Palestine,1451.6956983213977,1589.1381898732834,1,-37.44249155188572,0,0,Friendly
2026-06-09,Indonesia,Mozambique,1496.509303163596,1501.6233816675388,1,94.88592149605734,1,0,Friendly
2026-06-09,Hungary,Kazakhstan,1768.771781105205,1514.6176377759837,1,354.15414332922137,3,1,Friendly
2026-06-09,Equatorial Guinea,Comoros,1453.5317112086132,1476.2688678069164,0,-22.737156598303272,0,1,Friendly
2026-06-09,DR Congo,Chile,1772.0078560580134,1794.3042343306142,0,-22.296378272600805,1,2,Friendly
2026-06-09,China,Thailand,1555.8314608353196,1529.4111333445046,1,126.420327490815,0,0,Friendly
2026-06-09,Cambodia,Hong Kong,1054.7080449029015,1333.133592352117,1,-178.4255474492154,2,0,Friendly
2026-06-09,Belarus,Burkina Faso,1585.3475457148274,1650.7419799476136,1,34.605565767213875,2,2,Friendly
2026-06-09,Azerbaijan,San Marino,1400.3270561478025,899.8254878487212,0,500.5015682990813,2,1,Friendly
2026-06-09,Armenia,Moldova,1448.9592347997054,1310.6854912923493,1,238.27374350735613,1,1,Friendly
2026-06-09,Argentina,Iceland,2187.2594379566517,1637.7142245259768,0,549.545213430675,3,0,Friendly
2026-06-09,Angola,Central African Republic,1580.77902806806,1369.3764346686323,0,211.4025933994276,3,0,Friendly
2026-06-09,Iraq,Venezuela,1750.240615403436,1809.3293824550508,0,-59.088767051614695,0,2,Friendly
2026-06-09,Ethiopia,Malawi,1393.4885137074705,1435.9224812185203,1,57.56603248895021,1,1,Friendly
2026-06-10,England,Costa Rica,2082.5205382253857,1747.504716297876,0,335.0158219275097,3,0,Friendly
2026-06-10,Portugal,Nigeria,2027.3125615725792,1885.6259109244702,1,241.6866506481092,2,1,Friendly
2026-06-10,Bolivia,Algeria,1726.8086900200608,1872.6573628854142,0,-145.84867286535336,0,4,Friendly
2026-06-10,Afghanistan,Pakistan,1201.1574001581375,1092.2024284087875,0,108.95497174935008,0,2,Diamond Jubilee International Football Tournament
